Rang,URL,Seitentyp,Qualitätswert,Entscheidung,in Sitemap,sichtbare Wörter,Titel,Begründung
1,https://deinhaustierportal.de/de-de/tierarzt-karte/berlin/,Ortsseite,1017,indexieren,ja,3444,Tierärzte und Tierbedarf in Berlin — Dein Haustierportal,"203 lokale Orte, davon 168 mit Kontaktangabe; Karte und Filter"
2,https://deinhaustierportal.de/de-de/,Startseite,1000,indexieren,ja,723,Start — Dein Haustierportal,zentraler redaktioneller Einstieg
3,https://deinhaustierportal.de/de-de/tierarztkosten/,Tool,990,indexieren,ja,815,Tierarztkosten — Dein Haustierportal,interaktiver GOT-Rechner
4,https://deinhaustierportal.de/de-de/tierarzt-karte/,Tool,985,indexieren,ja,1119,Tierärzte in der Nähe — Dein Haustierportal,interaktive Karte mit lokalen Filtern
5,https://deinhaustierportal.de/de-de/tierarzt-karte/muenchen/,Ortsseite,985,indexieren,ja,2960,Tierärzte und Tierbedarf in München — Dein Haustierportal,"117 lokale Orte, davon 106 mit Kontaktangabe; Karte und Filter"
6,https://deinhaustierportal.de/de-de/reisecheck/,Tool,980,indexieren,ja,1041,Reisecheck — Dein Haustierportal,interaktiver Reisecheck mit Quellen
7,https://deinhaustierportal.de/de-de/spielzeug/,Tool,970,indexieren,ja,550,Spielzeug — Dein Haustierportal,interaktiver Spielzeugfinder
8,https://deinhaustierportal.de/de-de/tierarzt-karte/hamburg/,Ortsseite,968,indexieren,ja,3460,Tierärzte und Tierbedarf in Hamburg — Dein Haustierportal,"101 lokale Orte, davon 84 mit Kontaktangabe; Karte und Filter"
9,https://deinhaustierportal.de/de-de/tierarztkosten/katalog/,Katalog,960,indexieren,ja,842,Gebührenkatalog — Dein Haustierportal,vollständiger Katalogeinstieg
10,https://deinhaustierportal.de/de-de/tierarzt-karte/bochum/,Ortsseite,958,indexieren,ja,2683,Tierärzte und Tierbedarf in Bochum — Dein Haustierportal,"92 lokale Orte, davon 75 mit Kontaktangabe; Karte und Filter"
11,https://deinhaustierportal.de/de-de/tierarzt-karte/koeln/,Ortsseite,951,indexieren,ja,2505,Tierärzte und Tierbedarf in Köln — Dein Haustierportal,"88 lokale Orte, davon 57 mit Kontaktangabe; Karte und Filter"
12,https://deinhaustierportal.de/de-de/pflege/,Kategorie,950,indexieren,ja,375,Pflege — Dein Haustierportal,kuratierter Pflegeeinstieg
13,https://deinhaustierportal.de/de-de/tierarzt-karte/hannover/,Ortsseite,946,indexieren,ja,2358,Tierärzte und Tierbedarf in Hannover — Dein Haustierportal,"79 lokale Orte, davon 66 mit Kontaktangabe; Karte und Filter"
14,https://deinhaustierportal.de/de-de/futter/,Kategorie,945,indexieren,ja,1536,Futter — Dein Haustierportal,Futtervergleich und Suche
15,https://deinhaustierportal.de/de-de/tierarzt-karte/leipzig/,Ortsseite,943,indexieren,ja,2367,Tierärzte und Tierbedarf in Leipzig — Dein Haustierportal,"77 lokale Orte, davon 62 mit Kontaktangabe; Karte und Filter"
16,https://deinhaustierportal.de/de-de/tierarzt-karte/gelsenkirchen/,Ortsseite,942,indexieren,ja,2266,Tierärzte und Tierbedarf in Gelsenkirchen — Dein Haustierportal,"77 lokale Orte, davon 56 mit Kontaktangabe; Karte und Filter"
17,https://deinhaustierportal.de/de-de/ergaenzungsfuttermittel/,Kategorie,940,indexieren,ja,940,Ergänzungsfuttermittel — Dein Haustierportal,Einordnung und Kostenvergleich
18,https://deinhaustierportal.de/de-de/tierarzt-karte/duesseldorf/,Ortsseite,936,indexieren,ja,2215,Tierärzte und Tierbedarf in Düsseldorf — Dein Haustierportal,"69 lokale Orte, davon 60 mit Kontaktangabe; Karte und Filter"
19,https://deinhaustierportal.de/de-de/tierarzt-karte/essen/,Ortsseite,935,indexieren,ja,2066,Tierärzte und Tierbedarf in Essen — Dein Haustierportal,"70 lokale Orte, davon 53 mit Kontaktangabe; Karte und Filter"
20,https://deinhaustierportal.de/de-de/tierarzt-karte/mannheim/,Ortsseite,933,indexieren,ja,2114,Tierärzte und Tierbedarf in Mannheim — Dein Haustierportal,"67 lokale Orte, davon 53 mit Kontaktangabe; Karte und Filter"
21,https://deinhaustierportal.de/de-de/tierarzt-karte/frankfurt-am-main/,Ortsseite,930,indexieren,ja,2156,Tierärzte und Tierbedarf in Frankfurt am Main — Dein Haustierportal,"65 lokale Orte, davon 49 mit Kontaktangabe; Karte und Filter"
22,https://deinhaustierportal.de/de-de/tierarzt-karte/muelheim-an-der-ruhr/,Ortsseite,930,indexieren,ja,2238,Tierärzte und Tierbedarf in Mülheim an der Ruhr — Dein Haustierportal,"66 lokale Orte, davon 47 mit Kontaktangabe; Karte und Filter"
23,https://deinhaustierportal.de/de-de/tierversicherung/,Informationsseite,930,indexieren,ja,494,Tierversicherung — Dein Haustierportal,neutrale Einordnung mit Anbieterhinweis
24,https://deinhaustierportal.de/de-de/tierarzt-karte/dresden/,Ortsseite,929,indexieren,ja,1955,Tierärzte und Tierbedarf in Dresden — Dein Haustierportal,"61 lokale Orte, davon 55 mit Kontaktangabe; Karte und Filter"
25,https://deinhaustierportal.de/de-de/tierarzt-karte/neuss/,Ortsseite,929,indexieren,ja,2093,Tierärzte und Tierbedarf in Neuss — Dein Haustierportal,"61 lokale Orte, davon 55 mit Kontaktangabe; Karte und Filter"
26,https://deinhaustierportal.de/de-de/tierarzt-karte/bonn/,Ortsseite,926,indexieren,ja,1882,Tierärzte und Tierbedarf in Bonn — Dein Haustierportal,"59 lokale Orte, davon 49 mit Kontaktangabe; Karte und Filter"
27,https://deinhaustierportal.de/de-de/tierarzt-karte/nuernberg/,Ortsseite,922,indexieren,ja,1786,Tierärzte und Tierbedarf in Nürnberg — Dein Haustierportal,"58 lokale Orte, davon 40 mit Kontaktangabe; Karte und Filter"
28,https://deinhaustierportal.de/de-de/reisecheck/frankreich/,Reiseland,920,indexieren,ja,1023,Mit Hund oder Katze nach Frankreich — Dein Haustierportal,geprüfter Länderumfang mit Primärquellen
29,https://deinhaustierportal.de/de-de/reisecheck/italien/,Reiseland,920,indexieren,ja,1022,Mit Hund oder Katze nach Italien — Dein Haustierportal,geprüfter Länderumfang mit Primärquellen
30,https://deinhaustierportal.de/de-de/reisecheck/niederlande/,Reiseland,920,indexieren,ja,1015,Mit Hund oder Katze nach Niederlande — Dein Haustierportal,geprüfter Länderumfang mit Primärquellen
31,https://deinhaustierportal.de/de-de/reisecheck/oesterreich/,Reiseland,920,indexieren,ja,1006,Mit Hund oder Katze nach Österreich — Dein Haustierportal,geprüfter Länderumfang mit Primärquellen
32,https://deinhaustierportal.de/de-de/tierarzt-karte/dortmund/,Ortsseite,920,indexieren,ja,1725,Tierärzte und Tierbedarf in Dortmund — Dein Haustierportal,"54 lokale Orte, davon 42 mit Kontaktangabe; Karte und Filter"
33,https://deinhaustierportal.de/de-de/tierarzt-karte/augsburg/,Ortsseite,919,indexieren,ja,1750,Tierärzte und Tierbedarf in Augsburg — Dein Haustierportal,"53 lokale Orte, davon 43 mit Kontaktangabe; Karte und Filter"
34,https://deinhaustierportal.de/de-de/tierarzt-karte/stuttgart/,Ortsseite,916,indexieren,ja,1652,Tierärzte und Tierbedarf in Stuttgart — Dein Haustierportal,"50 lokale Orte, davon 41 mit Kontaktangabe; Karte und Filter"
35,https://deinhaustierportal.de/de-de/tierarzt-karte/bremen/,Ortsseite,915,indexieren,ja,1635,Tierärzte und Tierbedarf in Bremen — Dein Haustierportal,"49 lokale Orte, davon 40 mit Kontaktangabe; Karte und Filter"
36,https://deinhaustierportal.de/de-de/tierarzt-karte/euskirchen/,Ortsseite,914,indexieren,ja,1598,Tierärzte und Tierbedarf in Euskirchen — Dein Haustierportal,"44 lokale Orte, davon 43 mit Kontaktangabe; Karte und Filter"
37,https://deinhaustierportal.de/de-de/tierarzt-karte/duisburg/,Ortsseite,912,indexieren,ja,1537,Tierärzte und Tierbedarf in Duisburg — Dein Haustierportal,"47 lokale Orte, davon 35 mit Kontaktangabe; Karte und Filter"
38,https://deinhaustierportal.de/de-de/tierarzt-karte/heidelberg/,Ortsseite,912,indexieren,ja,1507,Tierärzte und Tierbedarf in Heidelberg — Dein Haustierportal,"45 lokale Orte, davon 38 mit Kontaktangabe; Karte und Filter"
39,https://deinhaustierportal.de/de-de/ratgeber/katze-transportbox/,Ratgeber,910,indexieren,ja,793,Katze an die Transportbox gewöhnen: Schritt für Schritt — Dein Haustierportal,eigenständiger ausführlicher Ratgeber
40,https://deinhaustierportal.de/de-de/ratgeber/katzen-beschaeftigen/,Ratgeber,910,indexieren,ja,828,"Wohnungskatzen beschäftigen: ein Wochenplan, der zu deiner Katze passt — Dein Haustierportal",eigenständiger ausführlicher Ratgeber
41,https://deinhaustierportal.de/de-de/tierarzt-karte/karlsruhe/,Ortsseite,908,indexieren,ja,1403,Tierärzte und Tierbedarf in Karlsruhe — Dein Haustierportal,"40 lokale Orte, davon 35 mit Kontaktangabe; Karte und Filter"
42,https://deinhaustierportal.de/de-de/tierarzt-karte/moenchengladbach/,Ortsseite,908,indexieren,ja,1575,Tierärzte und Tierbedarf in Mönchengladbach — Dein Haustierportal,"46 lokale Orte, davon 28 mit Kontaktangabe; Karte und Filter"
43,https://deinhaustierportal.de/de-de/tierarzt-karte/wiesbaden/,Ortsseite,908,indexieren,ja,1474,Tierärzte und Tierbedarf in Wiesbaden — Dein Haustierportal,"40 lokale Orte, davon 36 mit Kontaktangabe; Karte und Filter"
44,https://deinhaustierportal.de/de-de/tierarzt-karte/potsdam/,Ortsseite,907,indexieren,ja,1405,Tierärzte und Tierbedarf in Potsdam — Dein Haustierportal,"38 lokale Orte, davon 36 mit Kontaktangabe; Karte und Filter"
45,https://deinhaustierportal.de/de-de/quellen/,Vertrauensseite,905,indexieren,ja,4301,Quellen — Dein Haustierportal,Quellen- und Datenherkunft
46,https://deinhaustierportal.de/de-de/tierarzt-karte/kassel/,Ortsseite,905,indexieren,ja,1383,Tierärzte und Tierbedarf in Kassel — Dein Haustierportal,"37 lokale Orte, davon 34 mit Kontaktangabe; Karte und Filter"
47,https://deinhaustierportal.de/de-de/tierarzt-karte/krefeld/,Ortsseite,903,indexieren,ja,1397,Tierärzte und Tierbedarf in Krefeld — Dein Haustierportal,"42 lokale Orte, davon 24 mit Kontaktangabe; Karte und Filter"
48,https://deinhaustierportal.de/de-de/methodik/,Vertrauensseite,900,indexieren,ja,556,Methodik — Dein Haustierportal,Methodik und Grenzen
49,https://deinhaustierportal.de/de-de/tierarzt-karte/bielefeld/,Ortsseite,899,indexieren,ja,1099,Tierärzte und Tierbedarf in Bielefeld — Dein Haustierportal,"30 lokale Orte, davon 28 mit Kontaktangabe; Karte und Filter"
50,https://deinhaustierportal.de/de-de/tierarzt-karte/braunschweig/,Ortsseite,898,indexieren,ja,1184,Tierärzte und Tierbedarf in Braunschweig — Dein Haustierportal,"33 lokale Orte, davon 24 mit Kontaktangabe; Karte und Filter"
51,https://deinhaustierportal.de/de-de/tierarzt-karte/kiel/,Ortsseite,898,indexieren,ja,1181,Tierärzte und Tierbedarf in Kiel — Dein Haustierportal,"33 lokale Orte, davon 25 mit Kontaktangabe; Karte und Filter"
52,https://deinhaustierportal.de/de-de/tierarzt-karte/hagen/,Ortsseite,897,indexieren,ja,1188,Tierärzte und Tierbedarf in Hagen — Dein Haustierportal,"30 lokale Orte, davon 25 mit Kontaktangabe; Karte und Filter"
53,https://deinhaustierportal.de/de-de/tierarzt-karte/osnabrueck/,Ortsseite,896,indexieren,ja,1115,Tierärzte und Tierbedarf in Osnabrück — Dein Haustierportal,"31 lokale Orte, davon 23 mit Kontaktangabe; Karte und Filter"
54,https://deinhaustierportal.de/de-de/tierarzt-karte/magdeburg/,Ortsseite,895,indexieren,ja,1102,Tierärzte und Tierbedarf in Magdeburg — Dein Haustierportal,"29 lokale Orte, davon 23 mit Kontaktangabe; Karte und Filter"
55,https://deinhaustierportal.de/de-de/tierarzt-karte/paderborn/,Ortsseite,895,indexieren,ja,1146,Tierärzte und Tierbedarf in Paderborn — Dein Haustierportal,"28 lokale Orte, davon 24 mit Kontaktangabe; Karte und Filter"
56,https://deinhaustierportal.de/de-de/tierarzt-karte/saarbruecken/,Ortsseite,895,indexieren,ja,1157,Tierärzte und Tierbedarf in Saarbrücken — Dein Haustierportal,"28 lokale Orte, davon 24 mit Kontaktangabe; Karte und Filter"
57,https://deinhaustierportal.de/de-de/tierarzt-karte/wuppertal/,Ortsseite,895,indexieren,ja,1136,Tierärzte und Tierbedarf in Wuppertal — Dein Haustierportal,"29 lokale Orte, davon 23 mit Kontaktangabe; Karte und Filter"
58,https://deinhaustierportal.de/de-de/tierarzt-karte/halle-saale/,Ortsseite,894,indexieren,ja,1144,Tierärzte und Tierbedarf in Halle (Saale) — Dein Haustierportal,"30 lokale Orte, davon 21 mit Kontaktangabe; Karte und Filter"
59,https://deinhaustierportal.de/de-de/tierarzt-karte/aachen/,Ortsseite,893,indexieren,ja,1016,Tierärzte und Tierbedarf in Aachen — Dein Haustierportal,"25 lokale Orte, davon 22 mit Kontaktangabe; Karte und Filter"
60,https://deinhaustierportal.de/de-de/tierarzt-karte/worms/,Ortsseite,890,indexieren,ja,1014,Tierärzte und Tierbedarf in Worms — Dein Haustierportal,"25 lokale Orte, davon 19 mit Kontaktangabe; Karte und Filter"
61,https://deinhaustierportal.de/de-de/produkte/catit-senses-2-vergleich/,Kaufberatung,840,indexieren,ja,690,"Catit Senses 2.0: Play, Wave oder Super Circuit? — Dein Haustierportal",kuratierte Auswahlhilfe mit Produktdaten
62,https://deinhaustierportal.de/de-de/produkte/flexi-rollleine-vergleich/,Kaufberatung,840,indexieren,ja,944,"flexi Rollleine: Classic, Comfort Plus, Xtreme oder Giant? — Dein Haustierportal",kuratierte Auswahlhilfe mit Produktdaten
63,https://deinhaustierportal.de/de-de/produkte/hunderampe-auto-vergleich/,Kaufberatung,840,indexieren,ja,778,Hunderampe fürs Auto: 3 Modelle im Vergleich — Dein Haustierportal,kuratierte Auswahlhilfe mit Produktdaten
64,https://deinhaustierportal.de/de-de/produkte/hundetransportbox-auto-vergleich/,Kaufberatung,840,indexieren,ja,851,"Hundetransportbox fürs Auto: Kunststoff, Stoff oder Aluminium? — Dein Haustierportal",kuratierte Auswahlhilfe mit Produktdaten
65,https://deinhaustierportal.de/de-de/produkte/katzen-futterautomat-vergleich/,Kaufberatung,840,indexieren,ja,849,Katzen-Futterautomat: Catit PIXI Smart im Vergleich — Dein Haustierportal,kuratierte Auswahlhilfe mit Produktdaten
66,https://deinhaustierportal.de/de-de/produkte/katzentoilette-vergleich/,Kaufberatung,840,indexieren,ja,753,"Katzentoilette: Catit Airsift, PIXI oder Smartsift? — Dein Haustierportal",kuratierte Auswahlhilfe mit Produktdaten
67,https://deinhaustierportal.de/de-de/produkte/katzentransportboxen-vergleich/,Kaufberatung,840,indexieren,ja,830,Katzentransportbox kaufen: 3 Bauformen im Vergleich — Dein Haustierportal,kuratierte Auswahlhilfe mit Produktdaten
68,https://deinhaustierportal.de/de-de/produkte/katzentrinkbrunnen-vergleich/,Kaufberatung,840,indexieren,ja,804,"Katzentrinkbrunnen: Catit PIXI, Smart oder UV-C? — Dein Haustierportal",kuratierte Auswahlhilfe mit Produktdaten
69,https://deinhaustierportal.de/de-de/produkte/kong-hundespielzeug-vergleich/,Kaufberatung,840,indexieren,ja,747,"KONG Classic, Extreme oder Wobbler? Unterschiede — Dein Haustierportal",kuratierte Auswahlhilfe mit Produktdaten
70,https://deinhaustierportal.de/de-de/pflege/coat-care-textile/,Pflegekategorie,820,indexieren,ja,1138,Pflegetextilien — Dein Haustierportal,eigenständige Kategorie und Auswahlhilfe
71,https://deinhaustierportal.de/de-de/pflege/dental-care/,Pflegekategorie,820,indexieren,ja,1155,Zahnpflegezubehör — Dein Haustierportal,eigenständige Kategorie und Auswahlhilfe
72,https://deinhaustierportal.de/de-de/pflege/grooming-brush/,Pflegekategorie,820,indexieren,ja,1319,Bürsten und Kämme — Dein Haustierportal,eigenständige Kategorie und Auswahlhilfe
73,https://deinhaustierportal.de/de-de/pflege/grooming-claw/,Pflegekategorie,820,indexieren,ja,1168,Krallenpflege — Dein Haustierportal,eigenständige Kategorie und Auswahlhilfe
74,https://deinhaustierportal.de/de-de/pflege/mobility-aid/,Pflegekategorie,820,indexieren,ja,1151,Mobilitätszubehör — Dein Haustierportal,eigenständige Kategorie und Auswahlhilfe
75,https://deinhaustierportal.de/de-de/futter/bosch-adult-lamm-reis-15kg/,Futterprodukt,800,indexieren,ja,272,"bosch — Adult mit Lamm &amp; Reis, 15 kg — Dein Haustierportal",konkrete Packungs- und Grundpreisberechnung
76,https://deinhaustierportal.de/de-de/futter/royal-canin-indoor-10kg/,Futterprodukt,800,indexieren,ja,270,"Royal Canin — Indoor, 10 kg — Dein Haustierportal",konkrete Packungs- und Grundpreisberechnung
77,https://deinhaustierportal.de/de-de/futter/royal-canin-indoor-2kg/,Futterprodukt,800,indexieren,ja,270,"Royal Canin — Indoor, 2 kg — Dein Haustierportal",konkrete Packungs- und Grundpreisberechnung
78,https://deinhaustierportal.de/de-de/futter/royal-canin-indoor-4kg/,Futterprodukt,800,indexieren,ja,270,"Royal Canin — Indoor, 4 kg — Dein Haustierportal",konkrete Packungs- und Grundpreisberechnung
79,https://deinhaustierportal.de/de-de/futter/royal-canin-mini-adult-2kg/,Futterprodukt,800,indexieren,ja,273,"Royal Canin — Mini Adult, 2 kg — Dein Haustierportal",konkrete Packungs- und Grundpreisberechnung
80,https://deinhaustierportal.de/de-de/futter/royal-canin-mini-adult-4kg/,Futterprodukt,800,indexieren,ja,273,"Royal Canin — Mini Adult, 4 kg — Dein Haustierportal",konkrete Packungs- und Grundpreisberechnung
81,https://deinhaustierportal.de/de-de/futter/royal-canin-mini-adult-8kg/,Futterprodukt,800,indexieren,ja,273,"Royal Canin — Mini Adult, 8 kg — Dein Haustierportal",konkrete Packungs- und Grundpreisberechnung
82,https://deinhaustierportal.de/de-de/tierarztkosten/16-allgemeine-untersuchung-mit-beratung-hund-katze-frettchen/,GOT-Einzelseite,693,indexieren,ja,433,"Allgemeine Untersuchung mit Beratung, Hund, Katze, Frettchen — GOT-Nr. 16 — Dein Haustierportal","expliziter Bezug zu Hund, Katze oder Heimtier; nachvollziehbarer Untersuchungs- oder Behandlungstyp"
83,https://deinhaustierportal.de/de-de/tierarztkosten/208-euthanasie-durch-injektion-hund-katze-frettchen/,GOT-Einzelseite,693,indexieren,ja,403,"Euthanasie durch Injektion, Hund, Katze, Frettchen — GOT-Nr. 208 — Dein Haustierportal","expliziter Bezug zu Hund, Katze oder Heimtier; nachvollziehbarer Untersuchungs- oder Behandlungstyp"
84,https://deinhaustierportal.de/de-de/tierarztkosten/310-injektionsnarkose-intramuskulaer-hund-katze-frettchen/,GOT-Einzelseite,693,indexieren,ja,399,"Injektionsnarkose intramuskulär, Hund, Katze, Frettchen — GOT-Nr. 310 — Dein Haustierportal","expliziter Bezug zu Hund, Katze oder Heimtier; nachvollziehbarer Untersuchungs- oder Behandlungstyp"
85,https://deinhaustierportal.de/de-de/tierarztkosten/320-injektionsnarkose-intravenoes-hund-katze-frettchen/,GOT-Einzelseite,693,indexieren,ja,397,"Injektionsnarkose intravenös, Hund, Katze, Frettchen — GOT-Nr. 320 — Dein Haustierportal","expliziter Bezug zu Hund, Katze oder Heimtier; nachvollziehbarer Untersuchungs- oder Behandlungstyp"
86,https://deinhaustierportal.de/de-de/tierarztkosten/34-folgeuntersuchung-im-selben-behandlungsfall-mit-beratung-hun/,GOT-Einzelseite,693,indexieren,ja,437,"Folgeuntersuchung im selben Behandlungsfall mit Beratung, Hund, Katze, Frettchen — GOT-Nr. 34 — Dein Haustierportal","expliziter Bezug zu Hund, Katze oder Heimtier; nachvollziehbarer Untersuchungs- oder Behandlungstyp"
87,https://deinhaustierportal.de/de-de/tierarztkosten/221-injektion-subkutan-intrakutan-intramuskulaer-hund-katze-fret/,GOT-Einzelseite,690,indexieren,ja,412,"Injektion subkutan, intrakutan, intramuskulär, Hund, Katze, Frettchen — GOT-Nr. 221 — Dein Haustierportal","expliziter Bezug zu Hund, Katze oder Heimtier; nachvollziehbarer Untersuchungs- oder Behandlungstyp"
88,https://deinhaustierportal.de/de-de/tierarztkosten/302-sedation-per-injectionem-hund-katze-frettchen/,GOT-Einzelseite,690,indexieren,ja,405,"Sedation per injectionem, Hund, Katze, Frettchen — GOT-Nr. 302 — Dein Haustierportal","expliziter Bezug zu Hund, Katze oder Heimtier; nachvollziehbarer Untersuchungs- oder Behandlungstyp"
89,https://deinhaustierportal.de/de-de/tierarztkosten/330-kombinationsnarkose-intravenoes-hund-katze-frettchen/,GOT-Einzelseite,690,indexieren,ja,397,"Kombinationsnarkose intravenös, Hund, Katze, Frettchen — GOT-Nr. 330 — Dein Haustierportal","expliziter Bezug zu Hund, Katze oder Heimtier; nachvollziehbarer Untersuchungs- oder Behandlungstyp"
90,https://deinhaustierportal.de/de-de/tierarztkosten/337-inhalationsnarkose-hund-katze-frettchen/,GOT-Einzelseite,690,indexieren,ja,381,"Inhalationsnarkose Hund, Katze, Frettchen — GOT-Nr. 337 — Dein Haustierportal","expliziter Bezug zu Hund, Katze oder Heimtier; nachvollziehbarer Untersuchungs- oder Behandlungstyp"
91,https://deinhaustierportal.de/de-de/tierarztkosten/521-traechtigkeitsuntersuchung-per-ultraschall-huendin-kaetzin-f/,GOT-Einzelseite,690,indexieren,ja,393,"Trächtigkeitsuntersuchung per Ultraschall Hündin, Kätzin, Frettchen — GOT-Nr. 521 — Dein Haustierportal","expliziter Bezug zu Hund, Katze oder Heimtier; nachvollziehbarer Untersuchungs- oder Behandlungstyp"
92,https://deinhaustierportal.de/de-de/tierarztkosten/988-harnkatheter-legen-hund-katze-frettchen-maennliches-tier/,GOT-Einzelseite,690,indexieren,ja,406,"Harnkatheter legen, Hund, Katze, Frettchen, männliches Tier — GOT-Nr. 988 — Dein Haustierportal","expliziter Bezug zu Hund, Katze oder Heimtier; nachvollziehbarer Untersuchungs- oder Behandlungstyp"
93,https://deinhaustierportal.de/de-de/tierarztkosten/989-harnkatheter-legen-hund-katze-frettchen-weibliches-tier/,GOT-Einzelseite,690,indexieren,ja,406,"Harnkatheter legen, Hund, Katze, Frettchen, weibliches Tier — GOT-Nr. 989 — Dein Haustierportal","expliziter Bezug zu Hund, Katze oder Heimtier; nachvollziehbarer Untersuchungs- oder Behandlungstyp"
94,https://deinhaustierportal.de/de-de/tierarztkosten/114-zerlegung-hund-katze-frettchen/,GOT-Einzelseite,686,indexieren,ja,384,"Zerlegung Hund, Katze, Frettchen — GOT-Nr. 114 — Dein Haustierportal","expliziter Bezug zu Hund, Katze oder Heimtier"
95,https://deinhaustierportal.de/de-de/tierarztkosten/126-sektion-mit-pathologisch-anatomischer-diagnose-einschliessli/,GOT-Einzelseite,686,indexieren,ja,394,"Sektion mit pathologisch-anatomischer Diagnose einschließlich Bericht, Hund, Katze, Frettchen — GOT-Nr. 126 — Dein Haustierportal","expliziter Bezug zu Hund, Katze oder Heimtier"
96,https://deinhaustierportal.de/de-de/tierarztkosten/140-sektion-mit-pathologisch-anatomischen-und-histologischen-dia/,GOT-Einzelseite,686,indexieren,ja,402,"Sektion mit pathologisch-anatomischen und histologischen Diagnosen einschließlich Bericht, Hund, Katze, Frettchen — GOT-Nr. 140 — Dein Haustierportal","expliziter Bezug zu Hund, Katze oder Heimtier"
97,https://deinhaustierportal.de/de-de/tierarztkosten/287-epidurale-anaesthesie-hund-katze-frettchen/,GOT-Einzelseite,686,indexieren,ja,387,"Epidurale Anästhesie, Hund, Katze, Frettchen — GOT-Nr. 287 — Dein Haustierportal","expliziter Bezug zu Hund, Katze oder Heimtier"
98,https://deinhaustierportal.de/de-de/tierarztkosten/515-traechtigkeitsuntersuchung-durch-abtasten-huendin-kaetzin-fr/,GOT-Einzelseite,686,indexieren,ja,393,"Trächtigkeitsuntersuchung durch Abtasten, Hündin, Kätzin, Frettchen — GOT-Nr. 515 — Dein Haustierportal","expliziter Bezug zu Hund, Katze oder Heimtier"
99,https://deinhaustierportal.de/de-de/tierarztkosten/850-amputation-einer-ganzen-extremitaet-hund-katze-frettchen/,GOT-Einzelseite,686,indexieren,ja,403,"Amputation einer ganzen Extremität, Hund, Katze, Frettchen — GOT-Nr. 850 — Dein Haustierportal","expliziter Bezug zu Hund, Katze oder Heimtier"
100,https://deinhaustierportal.de/de-de/tierarztkosten/854-amputation-rute-hund-katze-frettchen/,GOT-Einzelseite,686,indexieren,ja,403,"Amputation Rute, Hund, Katze, Frettchen — GOT-Nr. 854 — Dein Haustierportal","expliziter Bezug zu Hund, Katze oder Heimtier"
101,https://deinhaustierportal.de/de-de/tierarztkosten/17-allgemeine-untersuchung-mit-beratung-heimsaeugetiere/,GOT-Einzelseite,679,indexieren,ja,429,"Allgemeine Untersuchung mit Beratung, Heimsäugetiere — GOT-Nr. 17 — Dein Haustierportal","expliziter Bezug zu Hund, Katze oder Heimtier; nachvollziehbarer Untersuchungs- oder Behandlungstyp"
102,https://deinhaustierportal.de/de-de/tierarztkosten/209-euthanasie-durch-injektion-heimsaeugetiere-stubenvoegel/,GOT-Einzelseite,679,indexieren,ja,401,"Euthanasie durch Injektion, Heimsäugetiere, Stubenvögel — GOT-Nr. 209 — Dein Haustierportal","expliziter Bezug zu Hund, Katze oder Heimtier; nachvollziehbarer Untersuchungs- oder Behandlungstyp"
103,https://deinhaustierportal.de/de-de/tierarztkosten/311-injektionsnarkose-intramuskulaer-heimsaeugetiere-und-stubenv/,GOT-Einzelseite,679,indexieren,ja,399,"Injektionsnarkose intramuskulär, Heimsäugetiere und Stubenvögel — GOT-Nr. 311 — Dein Haustierportal","expliziter Bezug zu Hund, Katze oder Heimtier; nachvollziehbarer Untersuchungs- oder Behandlungstyp"
104,https://deinhaustierportal.de/de-de/tierarztkosten/321-injektionsnarkose-intravenoes-heimsaeugetiere-und-stubenvoeg/,GOT-Einzelseite,679,indexieren,ja,397,"Injektionsnarkose intravenös, Heimsäugetiere und Stubenvögel — GOT-Nr. 321 — Dein Haustierportal","expliziter Bezug zu Hund, Katze oder Heimtier; nachvollziehbarer Untersuchungs- oder Behandlungstyp"
105,https://deinhaustierportal.de/de-de/tierarztkosten/35-folgeuntersuchung-im-selben-behandlungsfall-mit-beratung-hei/,GOT-Einzelseite,679,indexieren,ja,433,"Folgeuntersuchung im selben Behandlungsfall mit Beratung, Heimsäugetiere — GOT-Nr. 35 — Dein Haustierportal","expliziter Bezug zu Hund, Katze oder Heimtier; nachvollziehbarer Untersuchungs- oder Behandlungstyp"
106,https://deinhaustierportal.de/de-de/tierarztkosten/222-injektion-subkutan-intrakutan-intramuskulaer-intraingluvial/,GOT-Einzelseite,675,indexieren,ja,414,"Injektion subkutan, intrakutan, intramuskulär, intraingluvial, Heimsäugetiere und Stubenvögel — GOT-Nr. 222 — Dein Haustierportal","expliziter Bezug zu Hund, Katze oder Heimtier; nachvollziehbarer Untersuchungs- oder Behandlungstyp"
107,https://deinhaustierportal.de/de-de/tierarztkosten/303-sedation-per-injectionem-heimsaeugetiere-und-stubenvoegel/,GOT-Einzelseite,675,indexieren,ja,405,"Sedation per injectionem, Heimsäugetiere und Stubenvögel — GOT-Nr. 303 — Dein Haustierportal","expliziter Bezug zu Hund, Katze oder Heimtier; nachvollziehbarer Untersuchungs- oder Behandlungstyp"
108,https://deinhaustierportal.de/de-de/tierarztkosten/331-kombinationsnarkose-intravenoes-heimsaeugetiere-und-stubenvo/,GOT-Einzelseite,675,indexieren,ja,397,"Kombinationsnarkose intravenös, Heimsäugetiere und Stubenvögel — GOT-Nr. 331 — Dein Haustierportal","expliziter Bezug zu Hund, Katze oder Heimtier; nachvollziehbarer Untersuchungs- oder Behandlungstyp"
109,https://deinhaustierportal.de/de-de/tierarztkosten/338-inhalationsnarkose-heimsaeugetiere/,GOT-Einzelseite,675,indexieren,ja,379,Inhalationsnarkose Heimsäugetiere — GOT-Nr. 338 — Dein Haustierportal,"expliziter Bezug zu Hund, Katze oder Heimtier; nachvollziehbarer Untersuchungs- oder Behandlungstyp"
110,https://deinhaustierportal.de/de-de/tierarztkosten/379-kastration-heimsaeugetier-maennlich/,GOT-Einzelseite,675,indexieren,ja,397,"Kastration Heimsäugetier, männlich — GOT-Nr. 379 — Dein Haustierportal","expliziter Bezug zu Hund, Katze oder Heimtier; nachvollziehbarer Untersuchungs- oder Behandlungstyp"
111,https://deinhaustierportal.de/de-de/tierarztkosten/85-stationaere-unterbringung-pro-tag-ohne-behandlung-und-ohne-f/,GOT-Einzelseite,675,indexieren,ja,439,"Stationäre Unterbringung pro Tag ohne Behandlung und ohne Futterkosten, Heimsäugetiere — GOT-Nr. 85 — Dein Haustierportal","expliziter Bezug zu Hund, Katze oder Heimtier; nachvollziehbarer Untersuchungs- oder Behandlungstyp"
112,https://deinhaustierportal.de/de-de/tierarztkosten/925-korrektur-frontzaehne-heimsaeugetiere/,GOT-Einzelseite,675,indexieren,ja,392,"Korrektur Frontzähne, Heimsäugetiere — GOT-Nr. 925 — Dein Haustierportal","expliziter Bezug zu Hund, Katze oder Heimtier; nachvollziehbarer Untersuchungs- oder Behandlungstyp"
113,https://deinhaustierportal.de/de-de/tierarztkosten/927-okklusionskorrektur-backenzaehne-heimsaeugetiere/,GOT-Einzelseite,675,indexieren,ja,392,"Okklusionskorrektur Backenzähne, Heimsäugetiere — GOT-Nr. 927 — Dein Haustierportal","expliziter Bezug zu Hund, Katze oder Heimtier; nachvollziehbarer Untersuchungs- oder Behandlungstyp"
114,https://deinhaustierportal.de/de-de/tierarztkosten/990-harnkatheter-legen-heimsaeugetiere-maennliches-tier/,GOT-Einzelseite,675,indexieren,ja,404,"Harnkatheter legen, Heimsäugetiere, männliches Tier — GOT-Nr. 990 — Dein Haustierportal","expliziter Bezug zu Hund, Katze oder Heimtier; nachvollziehbarer Untersuchungs- oder Behandlungstyp"
115,https://deinhaustierportal.de/de-de/tierarztkosten/991-harnkatheter-legen-heimsaeugetiere-weibliches-tier/,GOT-Einzelseite,675,indexieren,ja,404,"Harnkatheter legen, Heimsäugetiere, weibliches Tier — GOT-Nr. 991 — Dein Haustierportal","expliziter Bezug zu Hund, Katze oder Heimtier; nachvollziehbarer Untersuchungs- oder Behandlungstyp"
116,https://deinhaustierportal.de/de-de/tierarztkosten/928-okklusionskorrektur-backenzaehne-heimsaeugetiere-kompliziert/,GOT-Einzelseite,674,indexieren,ja,393,"Okklusionskorrektur Backenzähne Heimsäugetiere, kompliziert — GOT-Nr. 928 — Dein Haustierportal","expliziter Bezug zu Hund, Katze oder Heimtier; nachvollziehbarer Untersuchungs- oder Behandlungstyp"
117,https://deinhaustierportal.de/de-de/tierarztkosten/115-zerlegung-heimsaeugetiere/,GOT-Einzelseite,672,indexieren,ja,380,Zerlegung Heimsäugetiere — GOT-Nr. 115 — Dein Haustierportal,"expliziter Bezug zu Hund, Katze oder Heimtier; nachvollziehbarer Untersuchungs- oder Behandlungstyp"
118,https://deinhaustierportal.de/de-de/tierarztkosten/127-sektion-mit-pathologisch-anatomischer-diagnose-einschliessli/,GOT-Einzelseite,672,indexieren,ja,390,"Sektion mit pathologisch-anatomischer Diagnose einschließlich Bericht, Heimsäugetiere — GOT-Nr. 127 — Dein Haustierportal","expliziter Bezug zu Hund, Katze oder Heimtier; nachvollziehbarer Untersuchungs- oder Behandlungstyp"
119,https://deinhaustierportal.de/de-de/tierarztkosten/141-sektion-mit-pathologisch-anatomischen-und-histologischen-dia/,GOT-Einzelseite,672,indexieren,ja,398,"Sektion mit pathologisch-anatomischen und histologischen Diagnosen einschließlich Bericht, Heimsäugetiere — GOT-Nr. 141 — Dein Haustierportal","expliziter Bezug zu Hund, Katze oder Heimtier; nachvollziehbarer Untersuchungs- oder Behandlungstyp"
120,https://deinhaustierportal.de/de-de/tierarztkosten/291-epidurale-anaesthesie-heimsaeugetier/,GOT-Einzelseite,672,indexieren,ja,383,"Epidurale Anästhesie, Heimsäugetier — GOT-Nr. 291 — Dein Haustierportal","expliziter Bezug zu Hund, Katze oder Heimtier; nachvollziehbarer Untersuchungs- oder Behandlungstyp"
121,https://deinhaustierportal.de/de-de/tierarztkosten/516-traechtigkeitsuntersuchung-durch-abtasten-heimsaeugetier/,GOT-Einzelseite,672,indexieren,ja,389,"Trächtigkeitsuntersuchung durch Abtasten, Heimsäugetier — GOT-Nr. 516 — Dein Haustierportal","expliziter Bezug zu Hund, Katze oder Heimtier; nachvollziehbarer Untersuchungs- oder Behandlungstyp"
122,https://deinhaustierportal.de/de-de/tierarztkosten/592-kaiserschnitt-heimsaeugetiere/,GOT-Einzelseite,672,indexieren,ja,378,Kaiserschnitt Heimsäugetiere — GOT-Nr. 592 — Dein Haustierportal,"expliziter Bezug zu Hund, Katze oder Heimtier; nachvollziehbarer Untersuchungs- oder Behandlungstyp"
123,https://deinhaustierportal.de/de-de/tierarztkosten/602-ovarektomie-heimsaeugetiere/,GOT-Einzelseite,672,indexieren,ja,395,Ovarektomie Heimsäugetiere — GOT-Nr. 602 — Dein Haustierportal,"expliziter Bezug zu Hund, Katze oder Heimtier; nachvollziehbarer Untersuchungs- oder Behandlungstyp"
124,https://deinhaustierportal.de/de-de/tierarztkosten/606-ovariohysterektomie-heimsaeugetiere/,GOT-Einzelseite,672,indexieren,ja,395,Ovariohysterektomie Heimsäugetiere — GOT-Nr. 606 — Dein Haustierportal,"expliziter Bezug zu Hund, Katze oder Heimtier; nachvollziehbarer Untersuchungs- oder Behandlungstyp"
125,https://deinhaustierportal.de/de-de/tierarztkosten/83-stationaere-unterbringung-pro-tag-ohne-behandlung-und-ohne-f/,GOT-Einzelseite,672,indexieren,ja,439,"Stationäre Unterbringung pro Tag ohne Behandlung und ohne Futterkosten, Hund — GOT-Nr. 83 — Dein Haustierportal","expliziter Bezug zu Hund, Katze oder Heimtier; nachvollziehbarer Untersuchungs- oder Behandlungstyp"
126,https://deinhaustierportal.de/de-de/tierarztkosten/84-stationaere-unterbringung-pro-tag-ohne-behandlung-und-ohne-f/,GOT-Einzelseite,672,indexieren,ja,439,"Stationäre Unterbringung pro Tag ohne Behandlung und ohne Futterkosten, Katze — GOT-Nr. 84 — Dein Haustierportal","expliziter Bezug zu Hund, Katze oder Heimtier; nachvollziehbarer Untersuchungs- oder Behandlungstyp"
127,https://deinhaustierportal.de/de-de/tierarztkosten/954-extraktion-fehlgestellter-incisivi-heimsaeugetiere/,GOT-Einzelseite,672,indexieren,ja,380,"Extraktion fehlgestellter Incisivi, Heimsäugetiere — GOT-Nr. 954 — Dein Haustierportal","expliziter Bezug zu Hund, Katze oder Heimtier; nachvollziehbarer Untersuchungs- oder Behandlungstyp"
128,https://deinhaustierportal.de/de-de/tierarztkosten/970-behandlung-von-kieferabszessen-erstbehandlung-heimsaeugetier/,GOT-Einzelseite,672,indexieren,ja,365,"Behandlung von Kieferabszessen, Erstbehandlung, Heimsäugetiere — GOT-Nr. 970 — Dein Haustierportal","expliziter Bezug zu Hund, Katze oder Heimtier; nachvollziehbarer Untersuchungs- oder Behandlungstyp"
129,https://deinhaustierportal.de/de-de/tierarztkosten/998-zystotomie-einschliesslich-laparotomie-heimsaeugetiere/,GOT-Einzelseite,672,indexieren,ja,385,"Zystotomie einschließlich Laparotomie, Heimsäugetiere — GOT-Nr. 998 — Dein Haustierportal","expliziter Bezug zu Hund, Katze oder Heimtier; nachvollziehbarer Untersuchungs- oder Behandlungstyp"
130,https://deinhaustierportal.de/de-de/tierarztkosten/971-behandlung-von-kieferabszessen-erstbehandlung-heimsaeugetier/,GOT-Einzelseite,671,indexieren,ja,366,"Behandlung von Kieferabszessen, Erstbehandlung, Heimsäugetiere, kompliziert — GOT-Nr. 971 — Dein Haustierportal","expliziter Bezug zu Hund, Katze oder Heimtier; nachvollziehbarer Untersuchungs- oder Behandlungstyp"
131,https://deinhaustierportal.de/de-de/tierarztkosten/470-magenaufgasung-magendrehung-operation-hund-einschliesslich-f/,GOT-Einzelseite,668,indexieren,ja,366,"Magenaufgasung/Magendrehung-Operation, Hund, einschließlich Fixation — GOT-Nr. 470 — Dein Haustierportal","expliziter Bezug zu Hund, Katze oder Heimtier"
132,https://deinhaustierportal.de/de-de/tierarztkosten/530-instrumentelle-samenuebertragung-bei-einzeltieren-huendin/,GOT-Einzelseite,668,indexieren,ja,408,"Instrumentelle Samenübertragung bei Einzeltieren, Hündin — GOT-Nr. 530 — Dein Haustierportal","expliziter Bezug zu Hund, Katze oder Heimtier"
133,https://deinhaustierportal.de/de-de/tierarztkosten/553-geburtshilfe-klein-und-heimtiere-zootiere-exoten/,GOT-Einzelseite,668,indexieren,ja,406,"Geburtshilfe, Klein- und Heimtiere, Zootiere, Exoten — GOT-Nr. 553 — Dein Haustierportal","expliziter Bezug zu Hund, Katze oder Heimtier"
134,https://deinhaustierportal.de/de-de/tierarztkosten/590-kaiserschnitt-huendin/,GOT-Einzelseite,668,indexieren,ja,378,Kaiserschnitt Hündin — GOT-Nr. 590 — Dein Haustierportal,"expliziter Bezug zu Hund, Katze oder Heimtier"
135,https://deinhaustierportal.de/de-de/tierarztkosten/600-ovarektomie-huendin/,GOT-Einzelseite,668,indexieren,ja,395,Ovarektomie Hündin — GOT-Nr. 600 — Dein Haustierportal,"expliziter Bezug zu Hund, Katze oder Heimtier"
136,https://deinhaustierportal.de/de-de/tierarztkosten/604-ovariohysterektomie-huendin/,GOT-Einzelseite,668,indexieren,ja,395,Ovariohysterektomie Hündin — GOT-Nr. 604 — Dein Haustierportal,"expliziter Bezug zu Hund, Katze oder Heimtier"
137,https://deinhaustierportal.de/de-de/tierarztkosten/554-geburtshilfe-kompliziert-klein-und-heimtiere-zootiere-exoten/,GOT-Einzelseite,667,indexieren,ja,407,"Geburtshilfe, kompliziert, Klein- und Heimtiere, Zootiere, Exoten — GOT-Nr. 554 — Dein Haustierportal","expliziter Bezug zu Hund, Katze oder Heimtier"
138,https://deinhaustierportal.de/de-de/tierarztkosten/11-allgemeine-untersuchung-mit-beratung-pelztier-zucht-und-mast/,GOT-Einzelseite,657,indexieren,ja,435,"Allgemeine Untersuchung mit Beratung, Pelztier, Zucht- und Mastkaninchen — GOT-Nr. 11 — Dein Haustierportal",nachvollziehbarer Untersuchungs- oder Behandlungstyp
139,https://deinhaustierportal.de/de-de/tierarztkosten/14-allgemeine-untersuchung-mit-beratung-stubenvoegel/,GOT-Einzelseite,657,indexieren,ja,429,"Allgemeine Untersuchung mit Beratung, Stubenvögel — GOT-Nr. 14 — Dein Haustierportal",nachvollziehbarer Untersuchungs- oder Behandlungstyp
140,https://deinhaustierportal.de/de-de/tierarztkosten/15-allgemeine-untersuchung-mit-beratung-grosspsittaciden/,GOT-Einzelseite,657,indexieren,ja,429,"Allgemeine Untersuchung mit Beratung, Großpsittaciden — GOT-Nr. 15 — Dein Haustierportal",nachvollziehbarer Untersuchungs- oder Behandlungstyp
141,https://deinhaustierportal.de/de-de/tierarztkosten/18-allgemeine-untersuchung-mit-beratung-reptilien-und-amphibien/,GOT-Einzelseite,657,indexieren,ja,433,"Allgemeine Untersuchung mit Beratung, Reptilien und Amphibien — GOT-Nr. 18 — Dein Haustierportal",nachvollziehbarer Untersuchungs- oder Behandlungstyp
142,https://deinhaustierportal.de/de-de/tierarztkosten/20-allgemeine-untersuchung-mit-beratung-nicht-domestizierte-tie/,GOT-Einzelseite,657,indexieren,ja,433,"Allgemeine Untersuchung mit Beratung, nicht domestizierte Tiere — GOT-Nr. 20 — Dein Haustierportal",nachvollziehbarer Untersuchungs- oder Behandlungstyp
143,https://deinhaustierportal.de/de-de/tierarztkosten/204-euthanasie-durch-injektion-pelztier-zucht-und-mastkaninchen/,GOT-Einzelseite,657,indexieren,ja,402,"Euthanasie durch Injektion, Pelztier, Zucht- und Mastkaninchen — GOT-Nr. 204 — Dein Haustierportal",nachvollziehbarer Untersuchungs- oder Behandlungstyp
144,https://deinhaustierportal.de/de-de/tierarztkosten/205-euthanasie-durch-injektion-grosspsittaciden/,GOT-Einzelseite,657,indexieren,ja,399,"Euthanasie durch Injektion, Großpsittaciden — GOT-Nr. 205 — Dein Haustierportal",nachvollziehbarer Untersuchungs- oder Behandlungstyp
145,https://deinhaustierportal.de/de-de/tierarztkosten/206-euthanasie-durch-injektion-reptilien-und-amphibien/,GOT-Einzelseite,657,indexieren,ja,403,"Euthanasie durch Injektion, Reptilien und Amphibien — GOT-Nr. 206 — Dein Haustierportal",nachvollziehbarer Untersuchungs- oder Behandlungstyp
146,https://deinhaustierportal.de/de-de/tierarztkosten/21-allgemeine-untersuchung-ohne-beratung/,GOT-Einzelseite,657,indexieren,ja,427,Allgemeine Untersuchung ohne Beratung — GOT-Nr. 21 — Dein Haustierportal,nachvollziehbarer Untersuchungs- oder Behandlungstyp
147,https://deinhaustierportal.de/de-de/tierarztkosten/240-ablesen-einer-kennzeichnung-z-b-taetowierung-transponder-ohr/,GOT-Einzelseite,657,indexieren,ja,392,"Ablesen einer Kennzeichnung, z. B. Tätowierung, Transponder, Ohrmarke — GOT-Nr. 240 — Dein Haustierportal",nachvollziehbarer Untersuchungs- oder Behandlungstyp
148,https://deinhaustierportal.de/de-de/tierarztkosten/29-folgeuntersuchung-im-selben-behandlungsfall-mit-beratung-pel/,GOT-Einzelseite,657,indexieren,ja,439,"Folgeuntersuchung im selben Behandlungsfall mit Beratung, Pelztier, Zucht- und Mastkaninchen — GOT-Nr. 29 — Dein Haustierportal",nachvollziehbarer Untersuchungs- oder Behandlungstyp
149,https://deinhaustierportal.de/de-de/tierarztkosten/308-injektionsnarkose-intramuskulaer-grosspsittaciden/,GOT-Einzelseite,657,indexieren,ja,397,"Injektionsnarkose intramuskulär, Großpsittaciden — GOT-Nr. 308 — Dein Haustierportal",nachvollziehbarer Untersuchungs- oder Behandlungstyp
150,https://deinhaustierportal.de/de-de/tierarztkosten/309-injektionsnarkose-intramuskulaer-nicht-domestizierte-tiere/,GOT-Einzelseite,657,indexieren,ja,399,"Injektionsnarkose intramuskulär, nicht domestizierte Tiere — GOT-Nr. 309 — Dein Haustierportal",nachvollziehbarer Untersuchungs- oder Behandlungstyp
151,https://deinhaustierportal.de/de-de/tierarztkosten/318-injektionsnarkose-intravenoes-grosspsittaciden/,GOT-Einzelseite,657,indexieren,ja,395,"Injektionsnarkose intravenös, Großpsittaciden — GOT-Nr. 318 — Dein Haustierportal",nachvollziehbarer Untersuchungs- oder Behandlungstyp
152,https://deinhaustierportal.de/de-de/tierarztkosten/319-injektionsnarkose-intravenoes-nicht-domestizierte-tiere/,GOT-Einzelseite,657,indexieren,ja,397,"Injektionsnarkose intravenös, nicht domestizierte Tiere — GOT-Nr. 319 — Dein Haustierportal",nachvollziehbarer Untersuchungs- oder Behandlungstyp
153,https://deinhaustierportal.de/de-de/tierarztkosten/32-folgeuntersuchung-im-selben-behandlungsfall-mit-beratung-stu/,GOT-Einzelseite,657,indexieren,ja,433,"Folgeuntersuchung im selben Behandlungsfall mit Beratung, Stubenvögel — GOT-Nr. 32 — Dein Haustierportal",nachvollziehbarer Untersuchungs- oder Behandlungstyp
154,https://deinhaustierportal.de/de-de/tierarztkosten/33-folgeuntersuchung-im-selben-behandlungsfall-mit-beratung-gro/,GOT-Einzelseite,657,indexieren,ja,433,"Folgeuntersuchung im selben Behandlungsfall mit Beratung, Großpsittaciden — GOT-Nr. 33 — Dein Haustierportal",nachvollziehbarer Untersuchungs- oder Behandlungstyp
155,https://deinhaustierportal.de/de-de/tierarztkosten/335-benutzung-blasrohr-zusaetzlich-zur-narkosegebuehr/,GOT-Einzelseite,657,indexieren,ja,361,"Benutzung Blasrohr, zusätzlich zur Narkosegebühr — GOT-Nr. 335 — Dein Haustierportal",nachvollziehbarer Untersuchungs- oder Behandlungstyp
156,https://deinhaustierportal.de/de-de/tierarztkosten/36-folgeuntersuchung-im-selben-behandlungsfall-mit-beratung-rep/,GOT-Einzelseite,657,indexieren,ja,435,"Folgeuntersuchung im selben Behandlungsfall mit Beratung, Reptilien, Amphibien — GOT-Nr. 36 — Dein Haustierportal",nachvollziehbarer Untersuchungs- oder Behandlungstyp
157,https://deinhaustierportal.de/de-de/tierarztkosten/369-kastration-blutig-bulle/,GOT-Einzelseite,657,indexieren,ja,396,"Kastration, blutig, Bulle — GOT-Nr. 369 — Dein Haustierportal",nachvollziehbarer Untersuchungs- oder Behandlungstyp
158,https://deinhaustierportal.de/de-de/tierarztkosten/38-folgeuntersuchung-im-selben-behandlungsfall-mit-beratung-nic/,GOT-Einzelseite,657,indexieren,ja,437,"Folgeuntersuchung im selben Behandlungsfall mit Beratung, nicht domestizierte Tiere — GOT-Nr. 38 — Dein Haustierportal",nachvollziehbarer Untersuchungs- oder Behandlungstyp
159,https://deinhaustierportal.de/de-de/tierarztkosten/394-untersuchung-der-haut-wunde/,GOT-Einzelseite,657,indexieren,ja,357,Untersuchung der Haut/Wunde — GOT-Nr. 394 — Dein Haustierportal,nachvollziehbarer Untersuchungs- oder Behandlungstyp
160,https://deinhaustierportal.de/de-de/tierarztkosten/395-ausfuehrliche-untersuchung-der-haut-wunde/,GOT-Einzelseite,657,indexieren,ja,358,ausführliche Untersuchung der Haut/Wunde — GOT-Nr. 395 — Dein Haustierportal,nachvollziehbarer Untersuchungs- oder Behandlungstyp
161,https://deinhaustierportal.de/de-de/tierarztkosten/607-kastration-endoskopisch-zusaetzlich/,GOT-Einzelseite,657,indexieren,ja,397,"Kastration, endoskopisch, zusätzlich — GOT-Nr. 607 — Dein Haustierportal",nachvollziehbarer Untersuchungs- oder Behandlungstyp
162,https://deinhaustierportal.de/de-de/tierarztkosten/750-nickhaut-untersuchung-nach-vorlagerung-je-auge/,GOT-Einzelseite,657,indexieren,ja,400,"Nickhaut, Untersuchung nach Vorlagerung, je Auge — GOT-Nr. 750 — Dein Haustierportal",nachvollziehbarer Untersuchungs- oder Behandlungstyp
163,https://deinhaustierportal.de/de-de/tierarztkosten/751-hornhaut-anwendung-von-farbstoffen-je-auge/,GOT-Einzelseite,657,indexieren,ja,400,"Hornhaut, Anwendung von Farbstoffen, je Auge — GOT-Nr. 751 — Dein Haustierportal",nachvollziehbarer Untersuchungs- oder Behandlungstyp
164,https://deinhaustierportal.de/de-de/tierarztkosten/763-eintraeufeln-oder-auftragen-in-den-lidbindehautsack-z-b-loka/,GOT-Einzelseite,657,indexieren,ja,428,"Einträufeln oder Auftragen in den Lidbindehautsack (z. B. Lokalanästhetikum), je Auge — GOT-Nr. 763 — Dein Haustierportal",nachvollziehbarer Untersuchungs- oder Behandlungstyp
165,https://deinhaustierportal.de/de-de/tierarztkosten/765-spuelung-des-lidbindehautsackes-je-auge/,GOT-Einzelseite,657,indexieren,ja,422,"Spülung des Lidbindehautsackes, je Auge — GOT-Nr. 765 — Dein Haustierportal",nachvollziehbarer Untersuchungs- oder Behandlungstyp
166,https://deinhaustierportal.de/de-de/tierarztkosten/768-injektion-in-die-augenvorderkammer-retrotubulaer-in-den-glas/,GOT-Einzelseite,657,indexieren,ja,427,"Injektion in die Augenvorderkammer, retrotubulär, in den Glaskörper, je Auge — GOT-Nr. 768 — Dein Haustierportal",nachvollziehbarer Untersuchungs- oder Behandlungstyp
167,https://deinhaustierportal.de/de-de/tierarztkosten/769-retrobulbaere-injektion-je-auge/,GOT-Einzelseite,657,indexieren,ja,421,"Retrobulbäre Injektion, je Auge — GOT-Nr. 769 — Dein Haustierportal",nachvollziehbarer Untersuchungs- oder Behandlungstyp
168,https://deinhaustierportal.de/de-de/tierarztkosten/770-injektion-in-den-glaskoerper-je-auge/,GOT-Einzelseite,657,indexieren,ja,425,"Injektion in den Glaskörper, je Auge — GOT-Nr. 770 — Dein Haustierportal",nachvollziehbarer Untersuchungs- oder Behandlungstyp
169,https://deinhaustierportal.de/de-de/tierarztkosten/792-nickhautdruese-zurueckverlagerung-und-fixierung-je-auge/,GOT-Einzelseite,657,indexieren,ja,398,"Nickhautdrüse, Zurückverlagerung und Fixierung, je Auge — GOT-Nr. 792 — Dein Haustierportal",nachvollziehbarer Untersuchungs- oder Behandlungstyp
170,https://deinhaustierportal.de/de-de/tierarztkosten/793-nickhautknorpel-teilweise-entfernung-je-auge/,GOT-Einzelseite,657,indexieren,ja,397,"Nickhautknorpel, teilweise Entfernung, je Auge — GOT-Nr. 793 — Dein Haustierportal",nachvollziehbarer Untersuchungs- oder Behandlungstyp
171,https://deinhaustierportal.de/de-de/tierarztkosten/794-bindehautlappenplastik-je-auge/,GOT-Einzelseite,657,indexieren,ja,395,"Bindehautlappenplastik, je Auge — GOT-Nr. 794 — Dein Haustierportal",nachvollziehbarer Untersuchungs- oder Behandlungstyp
172,https://deinhaustierportal.de/de-de/tierarztkosten/796-nickhautschuerze-je-auge/,GOT-Einzelseite,657,indexieren,ja,395,"Nickhautschürze, je Auge — GOT-Nr. 796 — Dein Haustierportal",nachvollziehbarer Untersuchungs- oder Behandlungstyp
173,https://deinhaustierportal.de/de-de/tierarztkosten/797-lidbindehaut-behandlungskatheter-einlegen-je-auge/,GOT-Einzelseite,657,indexieren,ja,397,"Lidbindehaut, Behandlungskatheter einlegen, je Auge — GOT-Nr. 797 — Dein Haustierportal",nachvollziehbarer Untersuchungs- oder Behandlungstyp
174,https://deinhaustierportal.de/de-de/tierarztkosten/798-nickhautblaeschen-entfernen-je-auge/,GOT-Einzelseite,657,indexieren,ja,396,"Nickhautbläschen entfernen, je Auge — GOT-Nr. 798 — Dein Haustierportal",nachvollziehbarer Untersuchungs- oder Behandlungstyp
175,https://deinhaustierportal.de/de-de/tierarztkosten/799-lidbindehaeute-operatives-loesen-von-verwachsungen-je-auge/,GOT-Einzelseite,657,indexieren,ja,402,"Lidbindehäute, operatives Lösen von Verwachsungen, je Auge — GOT-Nr. 799 — Dein Haustierportal",nachvollziehbarer Untersuchungs- oder Behandlungstyp
176,https://deinhaustierportal.de/de-de/tierarztkosten/830-netzhautanheftung-je-auge/,GOT-Einzelseite,657,indexieren,ja,344,"Netzhautanheftung, je Auge — GOT-Nr. 830 — Dein Haustierportal",nachvollziehbarer Untersuchungs- oder Behandlungstyp
177,https://deinhaustierportal.de/de-de/tierarztkosten/994-spuelung-harnblase-und-harnroehre-zusaetzlich-je-15-minuten/,GOT-Einzelseite,657,indexieren,ja,410,"Spülung Harnblase und Harnröhre, zusätzlich je 15 Minuten — GOT-Nr. 994 — Dein Haustierportal",nachvollziehbarer Untersuchungs- oder Behandlungstyp
178,https://deinhaustierportal.de/de-de/tierarztkosten/995-harnroehrenfistel/,GOT-Einzelseite,657,indexieren,ja,382,Harnröhrenfistel — GOT-Nr. 995 — Dein Haustierportal,nachvollziehbarer Untersuchungs- oder Behandlungstyp
179,https://deinhaustierportal.de/de-de/tierarztkosten/795-bindehautlappenplastik-kompliziert-je-auge/,GOT-Einzelseite,656,indexieren,ja,396,"Bindehautlappenplastik kompliziert, je Auge — GOT-Nr. 795 — Dein Haustierportal",nachvollziehbarer Untersuchungs- oder Behandlungstyp
180,https://deinhaustierportal.de/de-de/tierarztkosten/1-beratung-im-einzelnen-fall-ohne-untersuchung-auch-schriftlic/,GOT-Einzelseite,654,indexieren,ja,435,Beratung im einzelnen Fall ohne Untersuchung (auch schriftlich oder fernmündlich) — GOT-Nr. 1 — Dein Haustierportal,nachvollziehbarer Untersuchungs- oder Behandlungstyp
181,https://deinhaustierportal.de/de-de/tierarztkosten/1004-uretereinpflanzung-in-harnblase-ektopischer-ureter/,GOT-Einzelseite,654,indexieren,ja,388,Uretereinpflanzung in Harnblase/ektopischer Ureter — GOT-Nr. 1004 — Dein Haustierportal,nachvollziehbarer Untersuchungs- oder Behandlungstyp
182,https://deinhaustierportal.de/de-de/tierarztkosten/105-punktion-biopsie-endoskopisch-zusaetzlich-zur-endoskopie/,GOT-Einzelseite,654,indexieren,ja,382,"Punktion/Biopsie endoskopisch, zusätzlich zur Endoskopie — GOT-Nr. 105 — Dein Haustierportal",nachvollziehbarer Untersuchungs- oder Behandlungstyp
183,https://deinhaustierportal.de/de-de/tierarztkosten/157-video-otoskopie-je-ohr/,GOT-Einzelseite,654,indexieren,ja,404,"Video-Otoskopie, je Ohr — GOT-Nr. 157 — Dein Haustierportal",nachvollziehbarer Untersuchungs- oder Behandlungstyp
184,https://deinhaustierportal.de/de-de/tierarztkosten/158-endoskopie-der-maulhoehle/,GOT-Einzelseite,654,indexieren,ja,404,Endoskopie der Maulhöhle — GOT-Nr. 158 — Dein Haustierportal,nachvollziehbarer Untersuchungs- oder Behandlungstyp
185,https://deinhaustierportal.de/de-de/tierarztkosten/159-endoskopie-rhino-oto-vagino-hystero-laryngo-tracheoskopie/,GOT-Einzelseite,654,indexieren,ja,408,"Endoskopie: Rhino-, Oto-, Vagino-, Hystero-, Laryngo-, Tracheoskopie — GOT-Nr. 159 — Dein Haustierportal",nachvollziehbarer Untersuchungs- oder Behandlungstyp
186,https://deinhaustierportal.de/de-de/tierarztkosten/161-endoskopie-gastro-duodeno-ileo-kolo-rekto-broncho-laparoskop/,GOT-Einzelseite,654,indexieren,ja,409,"Endoskopie: Gastro-, Duodeno-, Ileo-, Kolo-, Rekto-, Broncho-, Laparoskopie — GOT-Nr. 161 — Dein Haustierportal",nachvollziehbarer Untersuchungs- oder Behandlungstyp
187,https://deinhaustierportal.de/de-de/tierarztkosten/163-endoskopie-je-luftsack/,GOT-Einzelseite,654,indexieren,ja,404,"Endoskopie, je Luftsack — GOT-Nr. 163 — Dein Haustierportal",nachvollziehbarer Untersuchungs- oder Behandlungstyp
188,https://deinhaustierportal.de/de-de/tierarztkosten/166-erste-und-zweite-roentgenaufnahme-jeweils/,GOT-Einzelseite,654,indexieren,ja,376,"Erste und zweite Röntgenaufnahme, jeweils — GOT-Nr. 166 — Dein Haustierportal",nachvollziehbarer Untersuchungs- oder Behandlungstyp
189,https://deinhaustierportal.de/de-de/tierarztkosten/167-dritte-und-jede-folgende-roentgenaufnahme-jeweils/,GOT-Einzelseite,654,indexieren,ja,377,"Dritte und jede folgende Röntgenaufnahme, jeweils — GOT-Nr. 167 — Dein Haustierportal",nachvollziehbarer Untersuchungs- oder Behandlungstyp
190,https://deinhaustierportal.de/de-de/tierarztkosten/168-aufschlag-fuer-ambulantes-roentgen-zuschlag-je-besuch/,GOT-Einzelseite,654,indexieren,ja,378,"Aufschlag für ambulantes Röntgen, Zuschlag je Besuch — GOT-Nr. 168 — Dein Haustierportal",nachvollziehbarer Untersuchungs- oder Behandlungstyp
191,https://deinhaustierportal.de/de-de/tierarztkosten/180-ultraschalldiagnostik-ausser-zur-untersuchung-von-traechtigk/,GOT-Einzelseite,654,indexieren,ja,350,Ultraschalldiagnostik außer zur Untersuchung von Trächtigkeit — GOT-Nr. 180 — Dein Haustierportal,nachvollziehbarer Untersuchungs- oder Behandlungstyp
192,https://deinhaustierportal.de/de-de/tierarztkosten/189-radiosynoviorthese-rso-durch-intraartikulaere-injektion-radi/,GOT-Einzelseite,654,indexieren,ja,426,Radiosynoviorthese (RSO) durch intraartikuläre Injektion radioaktiver Substanzen — GOT-Nr. 189 — Dein Haustierportal,nachvollziehbarer Untersuchungs- oder Behandlungstyp
193,https://deinhaustierportal.de/de-de/tierarztkosten/217-injektion-subkutan-intrakutan-intramuskulaer-intraingluvial/,GOT-Einzelseite,654,indexieren,ja,411,"Injektion subkutan, intrakutan, intramuskulär, intraingluvial, Großpsittaciden — GOT-Nr. 217 — Dein Haustierportal",nachvollziehbarer Untersuchungs- oder Behandlungstyp
194,https://deinhaustierportal.de/de-de/tierarztkosten/218-injektion-subkutan-intrakutan-intramuskulaer-reptilien-und-a/,GOT-Einzelseite,654,indexieren,ja,412,"Injektion subkutan, intrakutan, intramuskulär, Reptilien und Amphibien — GOT-Nr. 218 — Dein Haustierportal",nachvollziehbarer Untersuchungs- oder Behandlungstyp
195,https://deinhaustierportal.de/de-de/tierarztkosten/220-injektion-subkutan-intrakutan-intramuskulaer-nicht-domestizi/,GOT-Einzelseite,654,indexieren,ja,412,"Injektion subkutan, intrakutan, intramuskulär, nicht domestizierte Tiere — GOT-Nr. 220 — Dein Haustierportal",nachvollziehbarer Untersuchungs- oder Behandlungstyp
196,https://deinhaustierportal.de/de-de/tierarztkosten/224-injektion-instillation-intravenoes-intratracheal-subkonjunkt/,GOT-Einzelseite,654,indexieren,ja,408,"Injektion, Instillation intravenös, intratracheal, subkonjunktival — GOT-Nr. 224 — Dein Haustierportal",nachvollziehbarer Untersuchungs- oder Behandlungstyp
197,https://deinhaustierportal.de/de-de/tierarztkosten/228-injektion-instillation-extradural-intraartikulaer-intrabulba/,GOT-Einzelseite,654,indexieren,ja,408,"Injektion, Instillation, extradural, intraartikulär, intrabulbär — GOT-Nr. 228 — Dein Haustierportal",nachvollziehbarer Untersuchungs- oder Behandlungstyp
198,https://deinhaustierportal.de/de-de/tierarztkosten/234-infusion-per-schwerkraft/,GOT-Einzelseite,654,indexieren,ja,404,Infusion per Schwerkraft — GOT-Nr. 234 — Dein Haustierportal,nachvollziehbarer Untersuchungs- oder Behandlungstyp
199,https://deinhaustierportal.de/de-de/tierarztkosten/235-infusion-per-infusomat/,GOT-Einzelseite,654,indexieren,ja,404,Infusion per Infusomat — GOT-Nr. 235 — Dein Haustierportal,nachvollziehbarer Untersuchungs- oder Behandlungstyp
200,https://deinhaustierportal.de/de-de/tierarztkosten/236-ohrmarke-einziehen/,GOT-Einzelseite,654,indexieren,ja,386,Ohrmarke einziehen — GOT-Nr. 236 — Dein Haustierportal,nachvollziehbarer Untersuchungs- oder Behandlungstyp
201,https://deinhaustierportal.de/de-de/tierarztkosten/239-dokumentation-im-rahmen-der-kennzeichnung/,GOT-Einzelseite,654,indexieren,ja,389,Dokumentation im Rahmen der Kennzeichnung — GOT-Nr. 239 — Dein Haustierportal,nachvollziehbarer Untersuchungs- oder Behandlungstyp
202,https://deinhaustierportal.de/de-de/tierarztkosten/246-ohrakupunktur-mit-dauernadel-pro-punkt/,GOT-Einzelseite,654,indexieren,ja,374,"Ohrakupunktur mit Dauernadel, pro Punkt — GOT-Nr. 246 — Dein Haustierportal",nachvollziehbarer Untersuchungs- oder Behandlungstyp
203,https://deinhaustierportal.de/de-de/tierarztkosten/250-tupferprobenentnahme-endoskopisch-zusaetzlich-zur-endoskopie/,GOT-Einzelseite,654,indexieren,ja,357,"Tupferprobenentnahme endoskopisch, zusätzlich zur Endoskopiegebühr — GOT-Nr. 250 — Dein Haustierportal",nachvollziehbarer Untersuchungs- oder Behandlungstyp
204,https://deinhaustierportal.de/de-de/tierarztkosten/251-verband-anlegen-oder-abnehmen/,GOT-Einzelseite,654,indexieren,ja,381,Verband anlegen oder abnehmen — GOT-Nr. 251 — Dein Haustierportal,nachvollziehbarer Untersuchungs- oder Behandlungstyp
205,https://deinhaustierportal.de/de-de/tierarztkosten/253-verband-anlegen-oder-abnehmen-robert-jones-verband/,GOT-Einzelseite,654,indexieren,ja,382,"Verband anlegen oder abnehmen, Robert-Jones-Verband — GOT-Nr. 253 — Dein Haustierportal",nachvollziehbarer Untersuchungs- oder Behandlungstyp
206,https://deinhaustierportal.de/de-de/tierarztkosten/254-verband-anlegen-oder-abnehmen-gipsverband-oder-aehnliche-sch/,GOT-Einzelseite,654,indexieren,ja,385,"Verband anlegen oder abnehmen, Gipsverband oder ähnliche Schienung — GOT-Nr. 254 — Dein Haustierportal",nachvollziehbarer Untersuchungs- oder Behandlungstyp
207,https://deinhaustierportal.de/de-de/tierarztkosten/257-fuetterungsberatung-je-angefangene-15-minuten/,GOT-Einzelseite,654,indexieren,ja,422,"Fütterungsberatung, je angefangene 15 Minuten — GOT-Nr. 257 — Dein Haustierportal",nachvollziehbarer Untersuchungs- oder Behandlungstyp
208,https://deinhaustierportal.de/de-de/tierarztkosten/281-narkoseprotokoll-einfach-je-angefangene-15-minuten/,GOT-Einzelseite,654,indexieren,ja,367,"Narkoseprotokoll einfach, je angefangene 15 Minuten — GOT-Nr. 281 — Dein Haustierportal",nachvollziehbarer Untersuchungs- oder Behandlungstyp
209,https://deinhaustierportal.de/de-de/tierarztkosten/282-narkoseprotokoll-ausfuehrlich-je-angefangene-15-minuten/,GOT-Einzelseite,654,indexieren,ja,367,"Narkoseprotokoll ausführlich, je angefangene 15 Minuten — GOT-Nr. 282 — Dein Haustierportal",nachvollziehbarer Untersuchungs- oder Behandlungstyp
210,https://deinhaustierportal.de/de-de/tierarztkosten/300-sedation-per-injectionem-grosspsittaciden/,GOT-Einzelseite,654,indexieren,ja,403,"Sedation per injectionem, Großpsittaciden — GOT-Nr. 300 — Dein Haustierportal",nachvollziehbarer Untersuchungs- oder Behandlungstyp
211,https://deinhaustierportal.de/de-de/tierarztkosten/301-sedation-per-injectionem-nicht-domestizierte-tiere/,GOT-Einzelseite,654,indexieren,ja,405,"Sedation per injectionem, nicht domestizierte Tiere — GOT-Nr. 301 — Dein Haustierportal",nachvollziehbarer Untersuchungs- oder Behandlungstyp
212,https://deinhaustierportal.de/de-de/tierarztkosten/328-kombinationsnarkose-intravenoes-grosspsittaciden/,GOT-Einzelseite,654,indexieren,ja,395,"Kombinationsnarkose intravenös, Großpsittaciden — GOT-Nr. 328 — Dein Haustierportal",nachvollziehbarer Untersuchungs- oder Behandlungstyp
213,https://deinhaustierportal.de/de-de/tierarztkosten/329-kombinationsnarkose-intravenoes-nicht-domestizierte-tiere/,GOT-Einzelseite,654,indexieren,ja,397,"Kombinationsnarkose intravenös, nicht domestizierte Tiere — GOT-Nr. 329 — Dein Haustierportal",nachvollziehbarer Untersuchungs- oder Behandlungstyp
214,https://deinhaustierportal.de/de-de/tierarztkosten/336-benutzung-narkosegewehr-zusaetzlich-zur-narkosegebuehr/,GOT-Einzelseite,654,indexieren,ja,361,"Benutzung Narkosegewehr, zusätzlich zur Narkosegebühr — GOT-Nr. 336 — Dein Haustierportal",nachvollziehbarer Untersuchungs- oder Behandlungstyp
215,https://deinhaustierportal.de/de-de/tierarztkosten/340-inhalationsnarkose-stubenvoegel/,GOT-Einzelseite,654,indexieren,ja,379,Inhalationsnarkose Stubenvögel — GOT-Nr. 340 — Dein Haustierportal,nachvollziehbarer Untersuchungs- oder Behandlungstyp
216,https://deinhaustierportal.de/de-de/tierarztkosten/342-inhalationsnarkose-grosspsittaciden/,GOT-Einzelseite,654,indexieren,ja,379,Inhalationsnarkose Großpsittaciden — GOT-Nr. 342 — Dein Haustierportal,nachvollziehbarer Untersuchungs- oder Behandlungstyp
217,https://deinhaustierportal.de/de-de/tierarztkosten/345-intubationsnarkose-endotracheale-mit-spontanatmung/,GOT-Einzelseite,654,indexieren,ja,363,"Intubationsnarkose, endotracheale mit Spontanatmung — GOT-Nr. 345 — Dein Haustierportal",nachvollziehbarer Untersuchungs- oder Behandlungstyp
218,https://deinhaustierportal.de/de-de/tierarztkosten/368-kastration-hengst-ab-zwei-jahre/,GOT-Einzelseite,654,indexieren,ja,398,Kastration Hengst (ab zwei Jahre) — GOT-Nr. 368 — Dein Haustierportal,nachvollziehbarer Untersuchungs- oder Behandlungstyp
219,https://deinhaustierportal.de/de-de/tierarztkosten/370-kastration-quetschtechnik-z-b-burdizzo-zange-bulle/,GOT-Einzelseite,654,indexieren,ja,399,"Kastration, Quetschtechnik, z. B. Burdizzo-Zange, Bulle — GOT-Nr. 370 — Dein Haustierportal",nachvollziehbarer Untersuchungs- oder Behandlungstyp
220,https://deinhaustierportal.de/de-de/tierarztkosten/373-kastration-laeufer/,GOT-Einzelseite,654,indexieren,ja,395,Kastration Läufer — GOT-Nr. 373 — Dein Haustierportal,nachvollziehbarer Untersuchungs- oder Behandlungstyp
221,https://deinhaustierportal.de/de-de/tierarztkosten/374-kastration-eber/,GOT-Einzelseite,654,indexieren,ja,395,Kastration Eber — GOT-Nr. 374 — Dein Haustierportal,nachvollziehbarer Untersuchungs- oder Behandlungstyp
222,https://deinhaustierportal.de/de-de/tierarztkosten/377-kastration-ruede/,GOT-Einzelseite,654,indexieren,ja,395,Kastration Rüde — GOT-Nr. 377 — Dein Haustierportal,nachvollziehbarer Untersuchungs- oder Behandlungstyp
223,https://deinhaustierportal.de/de-de/tierarztkosten/378-kastration-kater/,GOT-Einzelseite,654,indexieren,ja,395,Kastration Kater — GOT-Nr. 378 — Dein Haustierportal,nachvollziehbarer Untersuchungs- oder Behandlungstyp
224,https://deinhaustierportal.de/de-de/tierarztkosten/387-operation-eines-abdominalen-kryptorchismus-endoskopisch-rued/,GOT-Einzelseite,654,indexieren,ja,407,"Operation eines abdominalen Kryptorchismus, endoskopisch, Rüde — GOT-Nr. 387 — Dein Haustierportal",nachvollziehbarer Untersuchungs- oder Behandlungstyp
225,https://deinhaustierportal.de/de-de/tierarztkosten/398-hautgeschabsel-entnahme-und-beurteilung/,GOT-Einzelseite,654,indexieren,ja,375,Hautgeschabsel: Entnahme und Beurteilung — GOT-Nr. 398 — Dein Haustierportal,nachvollziehbarer Untersuchungs- oder Behandlungstyp
226,https://deinhaustierportal.de/de-de/tierarztkosten/402-allergologischer-haut-suchtest-erste-bis-dritte-probe-je-pro/,GOT-Einzelseite,654,indexieren,ja,371,"Allergologischer Haut-Suchtest, erste bis dritte Probe, je Probe — GOT-Nr. 402 — Dein Haustierportal",nachvollziehbarer Untersuchungs- oder Behandlungstyp
227,https://deinhaustierportal.de/de-de/tierarztkosten/403-allergologischer-haut-suchtest-ab-der-vierten-probe-je-probe/,GOT-Einzelseite,654,indexieren,ja,371,"Allergologischer Haut-Suchtest, ab der vierten Probe, je Probe — GOT-Nr. 403 — Dein Haustierportal",nachvollziehbarer Untersuchungs- oder Behandlungstyp
228,https://deinhaustierportal.de/de-de/tierarztkosten/415-transplantation-von-haut/,GOT-Einzelseite,654,indexieren,ja,383,Transplantation von Haut — GOT-Nr. 415 — Dein Haustierportal,nachvollziehbarer Untersuchungs- oder Behandlungstyp
229,https://deinhaustierportal.de/de-de/tierarztkosten/424-operation-einer-bauchwunde-perforierend/,GOT-Einzelseite,654,indexieren,ja,381,"Operation einer Bauchwunde, perforierend — GOT-Nr. 424 — Dein Haustierportal",nachvollziehbarer Untersuchungs- oder Behandlungstyp
230,https://deinhaustierportal.de/de-de/tierarztkosten/442-nasenschlundsonde-schlundrohr-schlundsonde-anwenden/,GOT-Einzelseite,654,indexieren,ja,408,"Nasenschlundsonde, Schlundrohr, Schlundsonde anwenden — GOT-Nr. 442 — Dein Haustierportal",nachvollziehbarer Untersuchungs- oder Behandlungstyp
231,https://deinhaustierportal.de/de-de/tierarztkosten/466-fremdkoerperentfernung-aus-dem-oesophagus-endoskopisch/,GOT-Einzelseite,654,indexieren,ja,369,"Fremdkörperentfernung aus dem Ösophagus, endoskopisch — GOT-Nr. 466 — Dein Haustierportal",nachvollziehbarer Untersuchungs- oder Behandlungstyp
232,https://deinhaustierportal.de/de-de/tierarztkosten/475-labmagenreposition-endoskopisch/,GOT-Einzelseite,654,indexieren,ja,379,"Labmagenreposition, endoskopisch — GOT-Nr. 475 — Dein Haustierportal",nachvollziehbarer Untersuchungs- oder Behandlungstyp
233,https://deinhaustierportal.de/de-de/tierarztkosten/518-traechtigkeitsuntersuchung-per-ultraschall-kuh/,GOT-Einzelseite,654,indexieren,ja,389,Trächtigkeitsuntersuchung per Ultraschall Kuh — GOT-Nr. 518 — Dein Haustierportal,nachvollziehbarer Untersuchungs- oder Behandlungstyp
234,https://deinhaustierportal.de/de-de/tierarztkosten/520-traechtigkeitsuntersuchung-per-ultraschall-sau/,GOT-Einzelseite,654,indexieren,ja,389,Trächtigkeitsuntersuchung per Ultraschall Sau — GOT-Nr. 520 — Dein Haustierportal,nachvollziehbarer Untersuchungs- oder Behandlungstyp
235,https://deinhaustierportal.de/de-de/tierarztkosten/533-instrumentelle-samenuebertragung-endoskopisch-bei-einzeltier/,GOT-Einzelseite,654,indexieren,ja,407,"Instrumentelle Samenübertragung, endoskopisch bei Einzeltieren, Stute — GOT-Nr. 533 — Dein Haustierportal",nachvollziehbarer Untersuchungs- oder Behandlungstyp
236,https://deinhaustierportal.de/de-de/tierarztkosten/575-ovarpunktion-und-injektion-transvaginal-oder-transkutan-kuh/,GOT-Einzelseite,654,indexieren,ja,402,"Ovarpunktion und -injektion, transvaginal oder transkutan, Kuh — GOT-Nr. 575 — Dein Haustierportal",nachvollziehbarer Untersuchungs- oder Behandlungstyp
237,https://deinhaustierportal.de/de-de/tierarztkosten/608-aufbereitung-von-blutproben-z-b-zentrifugation-abpipettieren/,GOT-Einzelseite,654,indexieren,ja,417,"Aufbereitung von Blutproben, z. B. Zentrifugation, Abpipettieren, Ausstrich — GOT-Nr. 608 — Dein Haustierportal",nachvollziehbarer Untersuchungs- oder Behandlungstyp
238,https://deinhaustierportal.de/de-de/tierarztkosten/609-blutuntersuchung-photometrische-bestimmung-von-einzelparamet/,GOT-Einzelseite,654,indexieren,ja,414,"Blutuntersuchung, photometrische Bestimmung von Einzelparametern — GOT-Nr. 609 — Dein Haustierportal",nachvollziehbarer Untersuchungs- oder Behandlungstyp
239,https://deinhaustierportal.de/de-de/tierarztkosten/610-blutuntersuchung-chemisch-bis-drei-parameter-je-parameter/,GOT-Einzelseite,654,indexieren,ja,416,"Blutuntersuchung, chemisch, bis drei Parameter, je Parameter — GOT-Nr. 610 — Dein Haustierportal",nachvollziehbarer Untersuchungs- oder Behandlungstyp
240,https://deinhaustierportal.de/de-de/tierarztkosten/611-blutuntersuchung-chemisch-mehr-als-drei-parameter-je-paramet/,GOT-Einzelseite,654,indexieren,ja,417,"Blutuntersuchung, chemisch, mehr als drei Parameter, je Parameter — GOT-Nr. 611 — Dein Haustierportal",nachvollziehbarer Untersuchungs- oder Behandlungstyp
241,https://deinhaustierportal.de/de-de/tierarztkosten/612-blutuntersuchung-blutausstrich-mit-faerbung-und-differenzier/,GOT-Einzelseite,654,indexieren,ja,415,"Blutuntersuchung, Blutausstrich mit Färbung und Differenzierung — GOT-Nr. 612 — Dein Haustierportal",nachvollziehbarer Untersuchungs- oder Behandlungstyp
242,https://deinhaustierportal.de/de-de/tierarztkosten/613-blutuntersuchung-zytologische-differenzierung-eines-blutauss/,GOT-Einzelseite,654,indexieren,ja,417,"Blutuntersuchung, zytologische Differenzierung eines Blutausstriches mit erhöhtem Aufwand — GOT-Nr. 613 — Dein Haustierportal",nachvollziehbarer Untersuchungs- oder Behandlungstyp
243,https://deinhaustierportal.de/de-de/tierarztkosten/614-blutuntersuchung-blutsenkungsreaktion/,GOT-Einzelseite,654,indexieren,ja,411,"Blutuntersuchung, Blutsenkungsreaktion — GOT-Nr. 614 — Dein Haustierportal",nachvollziehbarer Untersuchungs- oder Behandlungstyp
244,https://deinhaustierportal.de/de-de/tierarztkosten/615-blutuntersuchung-haematokritwert/,GOT-Einzelseite,654,indexieren,ja,411,"Blutuntersuchung, Hämatokritwert — GOT-Nr. 615 — Dein Haustierportal",nachvollziehbarer Untersuchungs- oder Behandlungstyp
245,https://deinhaustierportal.de/de-de/tierarztkosten/616-blutuntersuchung-leukozyten-erythrozyten-thrombozyten-oder-r/,GOT-Einzelseite,654,indexieren,ja,421,"Blutuntersuchung, Leukozyten-, Erythrozyten-, Thrombozyten- oder Retikulozytenzählung, jeweils — GOT-Nr. 616 — Dein Haustierportal",nachvollziehbarer Untersuchungs- oder Behandlungstyp
246,https://deinhaustierportal.de/de-de/tierarztkosten/617-kleines-blutbild-maschinell/,GOT-Einzelseite,654,indexieren,ja,413,"Kleines Blutbild, maschinell — GOT-Nr. 617 — Dein Haustierportal",nachvollziehbarer Untersuchungs- oder Behandlungstyp
247,https://deinhaustierportal.de/de-de/tierarztkosten/618-grosses-blutbild-maschinell/,GOT-Einzelseite,654,indexieren,ja,413,"Großes Blutbild, maschinell — GOT-Nr. 618 — Dein Haustierportal",nachvollziehbarer Untersuchungs- oder Behandlungstyp
248,https://deinhaustierportal.de/de-de/tierarztkosten/619-blutuntersuchung-gerinnungsbestimmung-mit-pt-ptt-quick-act-t/,GOT-Einzelseite,654,indexieren,ja,435,"Blutuntersuchung, Gerinnungsbestimmung mit PT, PTT, Quick, ACT-Tube oder Mucosal Bleeding Time, jeweils — GOT-Nr. 619 — Dein Haustierportal",nachvollziehbarer Untersuchungs- oder Behandlungstyp
249,https://deinhaustierportal.de/de-de/tierarztkosten/624-blutgruppenbestimmung/,GOT-Einzelseite,654,indexieren,ja,409,Blutgruppenbestimmung — GOT-Nr. 624 — Dein Haustierportal,nachvollziehbarer Untersuchungs- oder Behandlungstyp
250,https://deinhaustierportal.de/de-de/tierarztkosten/625-blutgasanalyse/,GOT-Einzelseite,654,indexieren,ja,409,Blutgasanalyse — GOT-Nr. 625 — Dein Haustierportal,nachvollziehbarer Untersuchungs- oder Behandlungstyp
251,https://deinhaustierportal.de/de-de/tierarztkosten/626-bearbeitung-von-spenderblut-auftrennung-herstellung-von-konz/,GOT-Einzelseite,654,indexieren,ja,425,"Bearbeitung von Spenderblut (Auftrennung, Herstellung von Konzentraten u. a.) — GOT-Nr. 626 — Dein Haustierportal",nachvollziehbarer Untersuchungs- oder Behandlungstyp
252,https://deinhaustierportal.de/de-de/tierarztkosten/627-blutprobenentnahme-venoes-bis-zu-vier-tieren-je-tier/,GOT-Einzelseite,654,indexieren,ja,443,"Blutprobenentnahme venös, bis zu vier Tieren, je Tier — GOT-Nr. 627 — Dein Haustierportal",nachvollziehbarer Untersuchungs- oder Behandlungstyp
253,https://deinhaustierportal.de/de-de/tierarztkosten/628-blutprobenentnahme-arteriell-bis-zu-vier-tieren-je-tier/,GOT-Einzelseite,654,indexieren,ja,443,"Blutprobenentnahme arteriell, bis zu vier Tieren, je Tier — GOT-Nr. 628 — Dein Haustierportal",nachvollziehbarer Untersuchungs- oder Behandlungstyp
254,https://deinhaustierportal.de/de-de/tierarztkosten/637-blutgewinnung-zur-transfusion/,GOT-Einzelseite,654,indexieren,ja,432,Blutgewinnung zur Transfusion — GOT-Nr. 637 — Dein Haustierportal,nachvollziehbarer Untersuchungs- oder Behandlungstyp
255,https://deinhaustierportal.de/de-de/tierarztkosten/638-bluttransfusion-einschliesslich-ueberwachung/,GOT-Einzelseite,654,indexieren,ja,432,Bluttransfusion einschließlich Überwachung — GOT-Nr. 638 — Dein Haustierportal,nachvollziehbarer Untersuchungs- oder Behandlungstyp
256,https://deinhaustierportal.de/de-de/tierarztkosten/644-blutdruckmessung-nicht-invasiv/,GOT-Einzelseite,654,indexieren,ja,384,"Blutdruckmessung, nicht invasiv — GOT-Nr. 644 — Dein Haustierportal",nachvollziehbarer Untersuchungs- oder Behandlungstyp
257,https://deinhaustierportal.de/de-de/tierarztkosten/645-blutdruckmessung-invasiv/,GOT-Einzelseite,654,indexieren,ja,383,"Blutdruckmessung, invasiv — GOT-Nr. 645 — Dein Haustierportal",nachvollziehbarer Untersuchungs- oder Behandlungstyp
258,https://deinhaustierportal.de/de-de/tierarztkosten/674-amputation-der-ohrmuschel-teilweise/,GOT-Einzelseite,654,indexieren,ja,373,"Amputation der Ohrmuschel, teilweise — GOT-Nr. 674 — Dein Haustierportal",nachvollziehbarer Untersuchungs- oder Behandlungstyp
259,https://deinhaustierportal.de/de-de/tierarztkosten/675-amputation-der-ohrmuschel-vollstaendig/,GOT-Einzelseite,654,indexieren,ja,373,"Amputation der Ohrmuschel, vollständig — GOT-Nr. 675 — Dein Haustierportal",nachvollziehbarer Untersuchungs- oder Behandlungstyp
260,https://deinhaustierportal.de/de-de/tierarztkosten/705-euter-und-zitzen-untersuchung-mit-ultraschall/,GOT-Einzelseite,654,indexieren,ja,394,"Euter und Zitzen, Untersuchung mit Ultraschall — GOT-Nr. 705 — Dein Haustierportal",nachvollziehbarer Untersuchungs- oder Behandlungstyp
261,https://deinhaustierportal.de/de-de/tierarztkosten/706-zitzen-untersuchung-endoskopisch-je-zitze/,GOT-Einzelseite,654,indexieren,ja,393,"Zitzen, Untersuchung, endoskopisch, je Zitze — GOT-Nr. 706 — Dein Haustierportal",nachvollziehbarer Untersuchungs- oder Behandlungstyp
262,https://deinhaustierportal.de/de-de/tierarztkosten/713-entfernen-eines-gesaeugetumors-klein-gut-abgesetzt/,GOT-Einzelseite,654,indexieren,ja,384,"Entfernen eines Gesäugetumors, klein, gut abgesetzt — GOT-Nr. 713 — Dein Haustierportal",nachvollziehbarer Untersuchungs- oder Behandlungstyp
263,https://deinhaustierportal.de/de-de/tierarztkosten/748-untersuchung-der-augen-und-seiner-adnexe-adspektion-palpatio/,GOT-Einzelseite,654,indexieren,ja,402,"Untersuchung der Augen und seiner Adnexe (Adspektion, Palpation) — GOT-Nr. 748 — Dein Haustierportal",nachvollziehbarer Untersuchungs- oder Behandlungstyp
264,https://deinhaustierportal.de/de-de/tierarztkosten/749-augenuntersuchung-neurologisch/,GOT-Einzelseite,654,indexieren,ja,396,"Augenuntersuchung, neurologisch — GOT-Nr. 749 — Dein Haustierportal",nachvollziehbarer Untersuchungs- oder Behandlungstyp
265,https://deinhaustierportal.de/de-de/tierarztkosten/752-traenenapparat-schirmer-traenentest-je-auge/,GOT-Einzelseite,654,indexieren,ja,398,"Tränenapparat, Schirmer-Tränentest, je Auge — GOT-Nr. 752 — Dein Haustierportal",nachvollziehbarer Untersuchungs- oder Behandlungstyp
266,https://deinhaustierportal.de/de-de/tierarztkosten/753-spaltlampen-untersuchung-je-auge/,GOT-Einzelseite,654,indexieren,ja,397,"Spaltlampen-Untersuchung, je Auge — GOT-Nr. 753 — Dein Haustierportal",nachvollziehbarer Untersuchungs- oder Behandlungstyp
267,https://deinhaustierportal.de/de-de/tierarztkosten/754-augeninnendruckmessung-je-auge/,GOT-Einzelseite,654,indexieren,ja,397,"Augeninnendruckmessung, je Auge — GOT-Nr. 754 — Dein Haustierportal",nachvollziehbarer Untersuchungs- oder Behandlungstyp
268,https://deinhaustierportal.de/de-de/tierarztkosten/755-kammerwinkeluntersuchung-je-auge/,GOT-Einzelseite,654,indexieren,ja,397,"Kammerwinkeluntersuchung, je Auge — GOT-Nr. 755 — Dein Haustierportal",nachvollziehbarer Untersuchungs- oder Behandlungstyp
269,https://deinhaustierportal.de/de-de/tierarztkosten/756-augenhintergrunduntersuchung-direkte-je-auge/,GOT-Einzelseite,654,indexieren,ja,399,"Augenhintergrunduntersuchung, direkte, je Auge — GOT-Nr. 756 — Dein Haustierportal",nachvollziehbarer Untersuchungs- oder Behandlungstyp
270,https://deinhaustierportal.de/de-de/tierarztkosten/757-augenhintergrunduntersuchung-indirekte-je-auge/,GOT-Einzelseite,654,indexieren,ja,399,"Augenhintergrunduntersuchung, indirekte, je Auge — GOT-Nr. 757 — Dein Haustierportal",nachvollziehbarer Untersuchungs- oder Behandlungstyp
271,https://deinhaustierportal.de/de-de/tierarztkosten/758-fotografie-des-augenhintergrundes/,GOT-Einzelseite,654,indexieren,ja,397,Fotografie des Augenhintergrundes — GOT-Nr. 758 — Dein Haustierportal,nachvollziehbarer Untersuchungs- oder Behandlungstyp
272,https://deinhaustierportal.de/de-de/tierarztkosten/759-elektroretinogramm-erg-je-auge/,GOT-Einzelseite,654,indexieren,ja,399,"Elektroretinogramm (ERG), je Auge — GOT-Nr. 759 — Dein Haustierportal",nachvollziehbarer Untersuchungs- oder Behandlungstyp
273,https://deinhaustierportal.de/de-de/tierarztkosten/760-sonstige-elektrophysiologische-untersuchungen-am-auge-je-aug/,GOT-Einzelseite,654,indexieren,ja,405,"Sonstige elektrophysiologische Untersuchungen am Auge, je Auge — GOT-Nr. 760 — Dein Haustierportal",nachvollziehbarer Untersuchungs- oder Behandlungstyp
274,https://deinhaustierportal.de/de-de/tierarztkosten/764-einsetzen-einer-kontaktlinse-je-auge/,GOT-Einzelseite,654,indexieren,ja,422,"Einsetzen einer Kontaktlinse, je Auge — GOT-Nr. 764 — Dein Haustierportal",nachvollziehbarer Untersuchungs- oder Behandlungstyp
275,https://deinhaustierportal.de/de-de/tierarztkosten/766-entfernung-eines-fremdkoerpers-aus-dem-lidbindehautsack/,GOT-Einzelseite,654,indexieren,ja,423,Entfernung eines Fremdkörpers aus dem Lidbindehautsack — GOT-Nr. 766 — Dein Haustierportal,nachvollziehbarer Untersuchungs- oder Behandlungstyp
276,https://deinhaustierportal.de/de-de/tierarztkosten/767-punktion-der-vorderkammer-mit-abfluss-von-kammerwasser-der-v/,GOT-Einzelseite,654,indexieren,ja,429,"Punktion der Vorderkammer mit Abfluss von Kammerwasser der vorderen Augenkammer, je Auge — GOT-Nr. 767 — Dein Haustierportal",nachvollziehbarer Untersuchungs- oder Behandlungstyp
277,https://deinhaustierportal.de/de-de/tierarztkosten/771-sondierung-spuelung-und-oder-katheterisierung-des-traenennas/,GOT-Einzelseite,654,indexieren,ja,429,"Sondierung, Spülung und/oder Katheterisierung des Tränennasenkanals, je Auge — GOT-Nr. 771 — Dein Haustierportal",nachvollziehbarer Untersuchungs- oder Behandlungstyp
278,https://deinhaustierportal.de/de-de/tierarztkosten/773-entfernung-eines-fremdkoerpers-aus-der-hornhaut/,GOT-Einzelseite,654,indexieren,ja,425,Entfernung eines Fremdkörpers aus der Hornhaut — GOT-Nr. 773 — Dein Haustierportal,nachvollziehbarer Untersuchungs- oder Behandlungstyp
279,https://deinhaustierportal.de/de-de/tierarztkosten/776-lidverschluss-voruebergehender-je-auge/,GOT-Einzelseite,654,indexieren,ja,356,"Lidverschluss, vorübergehender, je Auge — GOT-Nr. 776 — Dein Haustierportal",nachvollziehbarer Untersuchungs- oder Behandlungstyp
280,https://deinhaustierportal.de/de-de/tierarztkosten/784-augenlid-einwaertsdrehung-operation-je-lid/,GOT-Einzelseite,654,indexieren,ja,404,"Augenlid Einwärtsdrehung, Operation, je Lid — GOT-Nr. 784 — Dein Haustierportal",nachvollziehbarer Untersuchungs- oder Behandlungstyp
281,https://deinhaustierportal.de/de-de/tierarztkosten/786-augenlid-einwaertsdrehung-temporaere-raffung-je-lid/,GOT-Einzelseite,654,indexieren,ja,405,"Augenlid Einwärtsdrehung, temporäre Raffung, je Lid — GOT-Nr. 786 — Dein Haustierportal",nachvollziehbarer Untersuchungs- oder Behandlungstyp
282,https://deinhaustierportal.de/de-de/tierarztkosten/787-augenlid-einwaertsdrehung-trichiasis-je-auge/,GOT-Einzelseite,654,indexieren,ja,404,"Augenlid Einwärtsdrehung, Trichiasis, je Auge — GOT-Nr. 787 — Dein Haustierportal",nachvollziehbarer Untersuchungs- oder Behandlungstyp
283,https://deinhaustierportal.de/de-de/tierarztkosten/788-augenlid-auswaertsdrehung-operation-je-lid/,GOT-Einzelseite,654,indexieren,ja,404,"Augenlid Auswärtsdrehung, Operation, je Lid — GOT-Nr. 788 — Dein Haustierportal",nachvollziehbarer Untersuchungs- oder Behandlungstyp
284,https://deinhaustierportal.de/de-de/tierarztkosten/801-traenenpunkteroeffnung-je-auge/,GOT-Einzelseite,654,indexieren,ja,384,"Tränenpunkteröffnung, je Auge — GOT-Nr. 801 — Dein Haustierportal",nachvollziehbarer Untersuchungs- oder Behandlungstyp
285,https://deinhaustierportal.de/de-de/tierarztkosten/803-traenennasenkanalplastik-je-auge/,GOT-Einzelseite,654,indexieren,ja,384,"Tränennasenkanalplastik, je Auge — GOT-Nr. 803 — Dein Haustierportal",nachvollziehbarer Untersuchungs- oder Behandlungstyp
286,https://deinhaustierportal.de/de-de/tierarztkosten/806-hornhaut-abrasion/,GOT-Einzelseite,654,indexieren,ja,381,Hornhaut Abrasion — GOT-Nr. 806 — Dein Haustierportal,nachvollziehbarer Untersuchungs- oder Behandlungstyp
287,https://deinhaustierportal.de/de-de/tierarztkosten/808-hornhautentfernung-teilweise-z-b-dermoid/,GOT-Einzelseite,654,indexieren,ja,384,Hornhautentfernung teilweise (z. B. Dermoid) — GOT-Nr. 808 — Dein Haustierportal,nachvollziehbarer Untersuchungs- oder Behandlungstyp
288,https://deinhaustierportal.de/de-de/tierarztkosten/809-hornhautnaht/,GOT-Einzelseite,654,indexieren,ja,380,Hornhautnaht — GOT-Nr. 809 — Dein Haustierportal,nachvollziehbarer Untersuchungs- oder Behandlungstyp
289,https://deinhaustierportal.de/de-de/tierarztkosten/81-stationaere-unterbringung-pro-tag-ohne-behandlung-und-ohne-f/,GOT-Einzelseite,654,indexieren,ja,439,"Stationäre Unterbringung pro Tag ohne Behandlung und ohne Futterkosten, Stubenvögel — GOT-Nr. 81 — Dein Haustierportal",nachvollziehbarer Untersuchungs- oder Behandlungstyp
290,https://deinhaustierportal.de/de-de/tierarztkosten/811-spuelung-der-vorderen-augenkammer/,GOT-Einzelseite,654,indexieren,ja,383,Spülung der vorderen Augenkammer — GOT-Nr. 811 — Dein Haustierportal,nachvollziehbarer Untersuchungs- oder Behandlungstyp
291,https://deinhaustierportal.de/de-de/tierarztkosten/812-hornhautverschiebeplastik/,GOT-Einzelseite,654,indexieren,ja,380,Hornhautverschiebeplastik — GOT-Nr. 812 — Dein Haustierportal,nachvollziehbarer Untersuchungs- oder Behandlungstyp
292,https://deinhaustierportal.de/de-de/tierarztkosten/813-hornhauttransplantat/,GOT-Einzelseite,654,indexieren,ja,380,Hornhauttransplantat — GOT-Nr. 813 — Dein Haustierportal,nachvollziehbarer Untersuchungs- oder Behandlungstyp
293,https://deinhaustierportal.de/de-de/tierarztkosten/814-abdecken-eines-hornhautdefektes-mit-gewebekleber/,GOT-Einzelseite,654,indexieren,ja,388,Abdecken eines Hornhautdefektes mit Gewebekleber — GOT-Nr. 814 — Dein Haustierportal,nachvollziehbarer Untersuchungs- oder Behandlungstyp
294,https://deinhaustierportal.de/de-de/tierarztkosten/82-stationaere-unterbringung-pro-tag-ohne-behandlung-und-ohne-f/,GOT-Einzelseite,654,indexieren,ja,439,"Stationäre Unterbringung pro Tag ohne Behandlung und ohne Futterkosten, Großpsittaciden — GOT-Nr. 82 — Dein Haustierportal",nachvollziehbarer Untersuchungs- oder Behandlungstyp
295,https://deinhaustierportal.de/de-de/tierarztkosten/823-regenbogenhaut-synechieloesung/,GOT-Einzelseite,654,indexieren,ja,357,"Regenbogenhaut, Synechielösung — GOT-Nr. 823 — Dein Haustierportal",nachvollziehbarer Untersuchungs- oder Behandlungstyp
296,https://deinhaustierportal.de/de-de/tierarztkosten/826-linsenimplantation-zusaetzlich-je-auge/,GOT-Einzelseite,654,indexieren,ja,364,"Linsenimplantation, zusätzlich, je Auge — GOT-Nr. 826 — Dein Haustierportal",nachvollziehbarer Untersuchungs- oder Behandlungstyp
297,https://deinhaustierportal.de/de-de/tierarztkosten/832-operative-eroeffnung-der-knoechernen-augenhoehle-mittels-ost/,GOT-Einzelseite,654,indexieren,ja,372,"Operative Eröffnung der knöchernen Augenhöhle, mittels Osteotomie — GOT-Nr. 832 — Dein Haustierportal",nachvollziehbarer Untersuchungs- oder Behandlungstyp
298,https://deinhaustierportal.de/de-de/tierarztkosten/841-luxation-reposition-unblutig/,GOT-Einzelseite,654,indexieren,ja,384,"Luxation, Reposition, unblutig — GOT-Nr. 841 — Dein Haustierportal",nachvollziehbarer Untersuchungs- oder Behandlungstyp
299,https://deinhaustierportal.de/de-de/tierarztkosten/843-frakturbehandlung-konservativ-mit-polsterverband-schienenver/,GOT-Einzelseite,654,indexieren,ja,370,Frakturbehandlung konservativ mit Polsterverband/Schienenverband — GOT-Nr. 843 — Dein Haustierportal,nachvollziehbarer Untersuchungs- oder Behandlungstyp
300,https://deinhaustierportal.de/de-de/tierarztkosten/87-impfbescheinigung/,GOT-Einzelseite,654,indexieren,ja,379,Impfbescheinigung — GOT-Nr. 87 — Dein Haustierportal,nachvollziehbarer Untersuchungs- oder Behandlungstyp
301,https://deinhaustierportal.de/de-de/tierarztkosten/90-rezeptgebuehr-ohne-beratung/,GOT-Einzelseite,654,indexieren,ja,381,Rezeptgebühr ohne Beratung — GOT-Nr. 90 — Dein Haustierportal,nachvollziehbarer Untersuchungs- oder Behandlungstyp
302,https://deinhaustierportal.de/de-de/tierarztkosten/904-lungenspuelprobe-bal-zusaetzlich-zur-intubation-endoskopie/,GOT-Einzelseite,654,indexieren,ja,378,"Lungenspülprobe (BAL), zusätzlich zur Intubation/Endoskopie — GOT-Nr. 904 — Dein Haustierportal",nachvollziehbarer Untersuchungs- oder Behandlungstyp
303,https://deinhaustierportal.de/de-de/tierarztkosten/909-anlegen-einer-dauerfistel-luftroehre/,GOT-Einzelseite,654,indexieren,ja,396,"Anlegen einer Dauerfistel, Luftröhre — GOT-Nr. 909 — Dein Haustierportal",nachvollziehbarer Untersuchungs- oder Behandlungstyp
304,https://deinhaustierportal.de/de-de/tierarztkosten/913-luftroehre-chirurgische-behandlung/,GOT-Einzelseite,654,indexieren,ja,395,"Luftröhre, chirurgische Behandlung — GOT-Nr. 913 — Dein Haustierportal",nachvollziehbarer Untersuchungs- oder Behandlungstyp
305,https://deinhaustierportal.de/de-de/tierarztkosten/931-entfernung-von-geringfuegigem-zahnstein-manuell-ohne-politur/,GOT-Einzelseite,654,indexieren,ja,416,"Entfernung von geringfügigem Zahnstein, manuell, ohne Politur — GOT-Nr. 931 — Dein Haustierportal",nachvollziehbarer Untersuchungs- oder Behandlungstyp
306,https://deinhaustierportal.de/de-de/tierarztkosten/932-entfernung-von-zahnstein-und-belaegen-mit-scaling-und-politu/,GOT-Einzelseite,654,indexieren,ja,418,"Entfernung von Zahnstein und Belägen, mit Scaling und Politur — GOT-Nr. 932 — Dein Haustierportal",nachvollziehbarer Untersuchungs- oder Behandlungstyp
307,https://deinhaustierportal.de/de-de/tierarztkosten/942-zahnfuellung/,GOT-Einzelseite,654,indexieren,ja,350,Zahnfüllung — GOT-Nr. 942 — Dein Haustierportal,nachvollziehbarer Untersuchungs- oder Behandlungstyp
308,https://deinhaustierportal.de/de-de/tierarztkosten/947-schienung-eines-luxierten-zahnes/,GOT-Einzelseite,654,indexieren,ja,362,Schienung eines luxierten Zahnes — GOT-Nr. 947 — Dein Haustierportal,nachvollziehbarer Untersuchungs- oder Behandlungstyp
309,https://deinhaustierportal.de/de-de/tierarztkosten/949-ueberkronung-zahnersatz-zahnpraeparation-und-befestigung/,GOT-Einzelseite,654,indexieren,ja,359,Überkronung/Zahnersatz (Zahnpräparation und Befestigung) — GOT-Nr. 949 — Dein Haustierportal,nachvollziehbarer Untersuchungs- oder Behandlungstyp
310,https://deinhaustierportal.de/de-de/tierarztkosten/951-zahnextraktion/,GOT-Einzelseite,654,indexieren,ja,377,Zahnextraktion — GOT-Nr. 951 — Dein Haustierportal,nachvollziehbarer Untersuchungs- oder Behandlungstyp
311,https://deinhaustierportal.de/de-de/tierarztkosten/957-freilegung-eines-retinierten-zahnes/,GOT-Einzelseite,654,indexieren,ja,362,Freilegung eines retinierten Zahnes — GOT-Nr. 957 — Dein Haustierportal,nachvollziehbarer Untersuchungs- oder Behandlungstyp
312,https://deinhaustierportal.de/de-de/tierarztkosten/959-wurzelresektion-einwurzeliger-zahn/,GOT-Einzelseite,654,indexieren,ja,355,Wurzelresektion einwurzeliger Zahn — GOT-Nr. 959 — Dein Haustierportal,nachvollziehbarer Untersuchungs- oder Behandlungstyp
313,https://deinhaustierportal.de/de-de/tierarztkosten/96-biopsie-hautstanze-ohne-lokalanaesthesie-und-ohne-wundversch/,GOT-Einzelseite,654,indexieren,ja,393,"Biopsie, Hautstanze ohne Lokalanästhesie und ohne Wundverschluss, Schleimhaut — GOT-Nr. 96 — Dein Haustierportal",nachvollziehbarer Untersuchungs- oder Behandlungstyp
314,https://deinhaustierportal.de/de-de/tierarztkosten/960-wurzelresektion-mehrwurzeliger-zahn/,GOT-Einzelseite,654,indexieren,ja,355,Wurzelresektion mehrwurzeliger Zahn — GOT-Nr. 960 — Dein Haustierportal,nachvollziehbarer Untersuchungs- oder Behandlungstyp
315,https://deinhaustierportal.de/de-de/tierarztkosten/963-lappenoperation-offene-kuerettage-einschliesslich-osteoplast/,GOT-Einzelseite,654,indexieren,ja,381,"Lappenoperation, offene Kürettage, einschließlich Osteoplastik, je Zahn — GOT-Nr. 963 — Dein Haustierportal",nachvollziehbarer Untersuchungs- oder Behandlungstyp
316,https://deinhaustierportal.de/de-de/tierarztkosten/964-deckung-parodontaler-defekte-mittels-transpositionslappentec/,GOT-Einzelseite,654,indexieren,ja,386,Deckung parodontaler Defekte mittels Transpositionslappentechnik oder freiem Schleimhauttransplantat — GOT-Nr. 964 — Dein Haustierportal,nachvollziehbarer Untersuchungs- oder Behandlungstyp
317,https://deinhaustierportal.de/de-de/tierarztkosten/965-auffuellen-parodontaler-knochendefekte-mit-autologem-oder-al/,GOT-Einzelseite,654,indexieren,ja,384,"Auffüllen parodontaler Knochendefekte mit autologem oder alloplastischem Material, je Zahn — GOT-Nr. 965 — Dein Haustierportal",nachvollziehbarer Untersuchungs- oder Behandlungstyp
318,https://deinhaustierportal.de/de-de/tierarztkosten/966-zahnfisteloperation/,GOT-Einzelseite,654,indexieren,ja,352,Zahnfisteloperation — GOT-Nr. 966 — Dein Haustierportal,nachvollziehbarer Untersuchungs- oder Behandlungstyp
319,https://deinhaustierportal.de/de-de/tierarztkosten/981-harnuntersuchung-mit-teststreifen/,GOT-Einzelseite,654,indexieren,ja,363,Harnuntersuchung mit Teststreifen — GOT-Nr. 981 — Dein Haustierportal,nachvollziehbarer Untersuchungs- oder Behandlungstyp
320,https://deinhaustierportal.de/de-de/tierarztkosten/983-harnuntersuchung-harnstatus-sedimentuntersuchung/,GOT-Einzelseite,654,indexieren,ja,363,"Harnuntersuchung Harnstatus, Sedimentuntersuchung — GOT-Nr. 983 — Dein Haustierportal",nachvollziehbarer Untersuchungs- oder Behandlungstyp
321,https://deinhaustierportal.de/de-de/tierarztkosten/985-harnkatheter-legen-maennliches-tier/,GOT-Einzelseite,654,indexieren,ja,403,"Harnkatheter legen, männliches Tier — GOT-Nr. 985 — Dein Haustierportal",nachvollziehbarer Untersuchungs- oder Behandlungstyp
322,https://deinhaustierportal.de/de-de/tierarztkosten/986-harnkatheter-legen-weibliches-tier/,GOT-Einzelseite,654,indexieren,ja,403,"Harnkatheter legen, weibliches Tier — GOT-Nr. 986 — Dein Haustierportal",nachvollziehbarer Untersuchungs- oder Behandlungstyp
323,https://deinhaustierportal.de/de-de/tierarztkosten/992-zystozentese-ohne-ultraschall/,GOT-Einzelseite,654,indexieren,ja,400,Zystozentese ohne Ultraschall — GOT-Nr. 992 — Dein Haustierportal,nachvollziehbarer Untersuchungs- oder Behandlungstyp
324,https://deinhaustierportal.de/de-de/tierarztkosten/252-verband-anlegen-oder-abnehmen-kompliziert/,GOT-Einzelseite,653,indexieren,ja,382,"Verband anlegen oder abnehmen, kompliziert — GOT-Nr. 252 — Dein Haustierportal",nachvollziehbarer Untersuchungs- oder Behandlungstyp
325,https://deinhaustierportal.de/de-de/tierarztkosten/416-transplantation-von-haut-kompliziert/,GOT-Einzelseite,653,indexieren,ja,385,"Transplantation von Haut, kompliziert — GOT-Nr. 416 — Dein Haustierportal",nachvollziehbarer Untersuchungs- oder Behandlungstyp
326,https://deinhaustierportal.de/de-de/tierarztkosten/425-operation-einer-bauchwunde-perforierend-kompliziert/,GOT-Einzelseite,653,indexieren,ja,383,"Operation einer Bauchwunde, perforierend, kompliziert — GOT-Nr. 425 — Dein Haustierportal",nachvollziehbarer Untersuchungs- oder Behandlungstyp
327,https://deinhaustierportal.de/de-de/tierarztkosten/661-choanen-gehoergang-endoskopische-entfernung-von-fremdkoerper/,GOT-Einzelseite,653,indexieren,ja,381,"Choanen/Gehörgang,Endoskopische Entfernung von Fremdkörpern/Parasiten aus Nase/Nasopharynx/ kompliziert — GOT-Nr. 661 — Dein Haustierportal",nachvollziehbarer Untersuchungs- oder Behandlungstyp
328,https://deinhaustierportal.de/de-de/tierarztkosten/772-sondierung-spuelung-und-oder-katheterisierung-des-traenennas/,GOT-Einzelseite,653,indexieren,ja,431,"Sondierung, Spülung und/oder Katheterisierung des Tränennasenkanals, kompliziert, je Auge — GOT-Nr. 772 — Dein Haustierportal",nachvollziehbarer Untersuchungs- oder Behandlungstyp
329,https://deinhaustierportal.de/de-de/tierarztkosten/774-entfernung-eines-fremdkoerpers-aus-der-hornhaut-kompliziert/,GOT-Einzelseite,653,indexieren,ja,427,"Entfernung eines Fremdkörpers aus der Hornhaut, kompliziert — GOT-Nr. 774 — Dein Haustierportal",nachvollziehbarer Untersuchungs- oder Behandlungstyp
330,https://deinhaustierportal.de/de-de/tierarztkosten/785-augenlid-einwaertsdrehung-operation-kompliziert-je-lid/,GOT-Einzelseite,653,indexieren,ja,405,"Augenlid Einwärtsdrehung, Operation kompliziert, je Lid — GOT-Nr. 785 — Dein Haustierportal",nachvollziehbarer Untersuchungs- oder Behandlungstyp
331,https://deinhaustierportal.de/de-de/tierarztkosten/789-augenlid-auswaertsdrehung-operation-kompliziert-je-lid/,GOT-Einzelseite,653,indexieren,ja,405,"Augenlid Auswärtsdrehung, Operation kompliziert, je Lid — GOT-Nr. 789 — Dein Haustierportal",nachvollziehbarer Untersuchungs- oder Behandlungstyp
332,https://deinhaustierportal.de/de-de/tierarztkosten/802-traenenpunkteroeffnung-kompliziert-je-auge/,GOT-Einzelseite,653,indexieren,ja,385,"Tränenpunkteröffnung kompliziert, je Auge — GOT-Nr. 802 — Dein Haustierportal",nachvollziehbarer Untersuchungs- oder Behandlungstyp
333,https://deinhaustierportal.de/de-de/tierarztkosten/807-hornhaut-abrasion-kompliziert/,GOT-Einzelseite,653,indexieren,ja,382,Hornhaut Abrasion kompliziert — GOT-Nr. 807 — Dein Haustierportal,nachvollziehbarer Untersuchungs- oder Behandlungstyp
334,https://deinhaustierportal.de/de-de/tierarztkosten/810-hornhautnaht-kompliziert/,GOT-Einzelseite,653,indexieren,ja,381,Hornhautnaht kompliziert — GOT-Nr. 810 — Dein Haustierportal,nachvollziehbarer Untersuchungs- oder Behandlungstyp
335,https://deinhaustierportal.de/de-de/tierarztkosten/842-luxation-reposition-unblutig-kompliziert/,GOT-Einzelseite,653,indexieren,ja,386,"Luxation, Reposition, unblutig, kompliziert — GOT-Nr. 842 — Dein Haustierportal",nachvollziehbarer Untersuchungs- oder Behandlungstyp
336,https://deinhaustierportal.de/de-de/tierarztkosten/844-frakturbehandlung-konservativ-mit-polsterverband-schienenver/,GOT-Einzelseite,653,indexieren,ja,371,"Frakturbehandlung konservativ mit Polsterverband/Schienenverband, kompliziert — GOT-Nr. 844 — Dein Haustierportal",nachvollziehbarer Untersuchungs- oder Behandlungstyp
337,https://deinhaustierportal.de/de-de/tierarztkosten/845-frakturbehandlung-konservativ-mit-polsterverband-schienenver/,GOT-Einzelseite,653,indexieren,ja,372,"Frakturbehandlung konservativ mit Polsterverband/Schienenverband, sehr kompliziert — GOT-Nr. 845 — Dein Haustierportal",nachvollziehbarer Untersuchungs- oder Behandlungstyp
338,https://deinhaustierportal.de/de-de/tierarztkosten/860-korrekturosteotomien-an-langen-roehrenknochen-kompliziert-je/,GOT-Einzelseite,653,indexieren,ja,393,"Korrekturosteotomien an langen Röhrenknochen, kompliziert, je Seite — GOT-Nr. 860 — Dein Haustierportal",nachvollziehbarer Untersuchungs- oder Behandlungstyp
339,https://deinhaustierportal.de/de-de/tierarztkosten/914-luftroehre-chirurgische-behandlung-kompliziert/,GOT-Einzelseite,653,indexieren,ja,396,"Luftröhre, chirurgische Behandlung, kompliziert — GOT-Nr. 914 — Dein Haustierportal",nachvollziehbarer Untersuchungs- oder Behandlungstyp
340,https://deinhaustierportal.de/de-de/tierarztkosten/933-entfernung-von-zahnstein-und-belaegen-mit-scaling-und-politu/,GOT-Einzelseite,653,indexieren,ja,419,"Entfernung von Zahnstein und Belägen mit Scaling und Politur, kompliziert — GOT-Nr. 933 — Dein Haustierportal",nachvollziehbarer Untersuchungs- oder Behandlungstyp
341,https://deinhaustierportal.de/de-de/tierarztkosten/943-zahnfuellung-kompliziert/,GOT-Einzelseite,653,indexieren,ja,351,Zahnfüllung kompliziert — GOT-Nr. 943 — Dein Haustierportal,nachvollziehbarer Untersuchungs- oder Behandlungstyp
342,https://deinhaustierportal.de/de-de/tierarztkosten/945-wurzelbehandlung-kompliziert-einwurzeliger-zahn/,GOT-Einzelseite,653,indexieren,ja,362,"Wurzelbehandlung kompliziert, einwurzeliger Zahn — GOT-Nr. 945 — Dein Haustierportal",nachvollziehbarer Untersuchungs- oder Behandlungstyp
343,https://deinhaustierportal.de/de-de/tierarztkosten/946-wurzelbehandlung-kompliziert-mehrwurzeliger-zahn/,GOT-Einzelseite,653,indexieren,ja,362,"Wurzelbehandlung kompliziert, mehrwurzeliger Zahn — GOT-Nr. 946 — Dein Haustierportal",nachvollziehbarer Untersuchungs- oder Behandlungstyp
344,https://deinhaustierportal.de/de-de/tierarztkosten/948-schienung-eines-luxierten-zahnes-kompliziert/,GOT-Einzelseite,653,indexieren,ja,363,Schienung eines luxierten Zahnes kompliziert — GOT-Nr. 948 — Dein Haustierportal,nachvollziehbarer Untersuchungs- oder Behandlungstyp
345,https://deinhaustierportal.de/de-de/tierarztkosten/950-ueberkronung-zahnersatz-zahnpraeparation-und-befestigung-kom/,GOT-Einzelseite,653,indexieren,ja,360,Überkronung/Zahnersatz (Zahnpräparation und Befestigung) kompliziert — GOT-Nr. 950 — Dein Haustierportal,nachvollziehbarer Untersuchungs- oder Behandlungstyp
346,https://deinhaustierportal.de/de-de/tierarztkosten/955-zahnextraktion-kompliziert/,GOT-Einzelseite,653,indexieren,ja,378,Zahnextraktion kompliziert — GOT-Nr. 955 — Dein Haustierportal,nachvollziehbarer Untersuchungs- oder Behandlungstyp
347,https://deinhaustierportal.de/de-de/tierarztkosten/958-freilegung-eines-retinierten-zahnes-kompliziert/,GOT-Einzelseite,653,indexieren,ja,363,Freilegung eines retinierten Zahnes kompliziert — GOT-Nr. 958 — Dein Haustierportal,nachvollziehbarer Untersuchungs- oder Behandlungstyp
348,https://deinhaustierportal.de/de-de/tierarztkosten/967-zahnfisteloperation-kompliziert/,GOT-Einzelseite,653,indexieren,ja,353,Zahnfisteloperation kompliziert — GOT-Nr. 967 — Dein Haustierportal,nachvollziehbarer Untersuchungs- oder Behandlungstyp
349,https://deinhaustierportal.de/de-de/tierarztkosten/993-zystozentese-ohne-ultraschall-kompliziert/,GOT-Einzelseite,653,indexieren,ja,402,Zystozentese ohne Ultraschall kompliziert — GOT-Nr. 993 — Dein Haustierportal,nachvollziehbarer Untersuchungs- oder Behandlungstyp
350,https://deinhaustierportal.de/de-de/tierarztkosten/2-eingehende-anamneseerhebung-oder-beratung-jeweils-das-gewoeh/,GOT-Einzelseite,652,indexieren,ja,456,"Eingehende Anamneseerhebung oder Beratung, jeweils das gewöhnliche Maß übersteigend, einschließlich eingehender Vorbereitung, beispielsweise bei Verhaltensstörungen, Physikalischer Therapie und im Rahmen von Naturheilverfahren, z. B. Akupunktur, Homöopathie etc. — GOT-Nr. 2 — Dein Haustierportal",nachvollziehbarer Untersuchungs- oder Behandlungstyp
351,https://deinhaustierportal.de/de-de/tierarztkosten/41-gebuehr-fuer-notwendige-hilfskraefte-bei-hausbesuchen-sofern/,GOT-Einzelseite,652,indexieren,ja,467,"Gebühr für notwendige Hilfskräfte bei Hausbesuchen, sofern der Tierhalter die notwendige Hilfeleistung nicht stellen kann, je angefangene 15 Minuten Anwesenheit und Fahrtzeit — GOT-Nr. 41 — Dein Haustierportal",nachvollziehbarer Untersuchungs- oder Behandlungstyp
352,https://deinhaustierportal.de/de-de/tierarztkosten/100-nervenbiopsie-mit-muskelbiopsie/,GOT-Einzelseite,650,indexieren,ja,388,Nervenbiopsie mit Muskelbiopsie — GOT-Nr. 100 — Dein Haustierportal,allgemeine GOT-Leistung ohne eindeutigen Tierartbezug
353,https://deinhaustierportal.de/de-de/tierarztkosten/101-punktion-abszess-zyste/,GOT-Einzelseite,650,indexieren,ja,380,"Punktion, Abszess, Zyste — GOT-Nr. 101 — Dein Haustierportal",allgemeine GOT-Leistung ohne eindeutigen Tierartbezug
354,https://deinhaustierportal.de/de-de/tierarztkosten/103-punktion-abdomen-thorax-blase-gelenk/,GOT-Einzelseite,650,indexieren,ja,382,"Punktion, Abdomen, Thorax, Blase, Gelenk — GOT-Nr. 103 — Dein Haustierportal",allgemeine GOT-Leistung ohne eindeutigen Tierartbezug
355,https://deinhaustierportal.de/de-de/tierarztkosten/104-punktion-perikard-prostata/,GOT-Einzelseite,650,indexieren,ja,380,"Punktion, Perikard, Prostata — GOT-Nr. 104 — Dein Haustierportal",allgemeine GOT-Leistung ohne eindeutigen Tierartbezug
356,https://deinhaustierportal.de/de-de/tierarztkosten/112-zerlegung-pelztier-zucht-und-mastkaninchen/,GOT-Einzelseite,650,indexieren,ja,386,"Zerlegung Pelztier, Zucht- und Mastkaninchen — GOT-Nr. 112 — Dein Haustierportal",allgemeine GOT-Leistung ohne eindeutigen Tierartbezug
357,https://deinhaustierportal.de/de-de/tierarztkosten/121-sektion-mit-pathologisch-anatomischer-diagnose-einschliessli/,GOT-Einzelseite,650,indexieren,ja,400,"Sektion mit pathologisch-anatomischer Diagnose einschließlich Bericht, Pelztier, Zucht- und Mastkaninchen — GOT-Nr. 121 — Dein Haustierportal",allgemeine GOT-Leistung ohne eindeutigen Tierartbezug
358,https://deinhaustierportal.de/de-de/tierarztkosten/124-sektion-mit-pathologisch-anatomischer-diagnose-einschliessli/,GOT-Einzelseite,650,indexieren,ja,390,"Sektion mit pathologisch-anatomischer Diagnose einschließlich Bericht, Stubenvögel — GOT-Nr. 124 — Dein Haustierportal",allgemeine GOT-Leistung ohne eindeutigen Tierartbezug
359,https://deinhaustierportal.de/de-de/tierarztkosten/125-sektion-mit-pathologisch-anatomischer-diagnose-einschliessli/,GOT-Einzelseite,650,indexieren,ja,390,"Sektion mit pathologisch-anatomischer Diagnose einschließlich Bericht, Großpsittaciden — GOT-Nr. 125 — Dein Haustierportal",allgemeine GOT-Leistung ohne eindeutigen Tierartbezug
360,https://deinhaustierportal.de/de-de/tierarztkosten/128-sektion-mit-pathologisch-anatomischer-diagnose-einschliessli/,GOT-Einzelseite,650,indexieren,ja,392,"Sektion mit pathologisch-anatomischer Diagnose einschließlich Bericht, Reptilien, Amphibien — GOT-Nr. 128 — Dein Haustierportal",allgemeine GOT-Leistung ohne eindeutigen Tierartbezug
361,https://deinhaustierportal.de/de-de/tierarztkosten/130-sektion-mit-pathologisch-anatomischen-und-histologischen-dia/,GOT-Einzelseite,650,indexieren,ja,398,"Sektion mit pathologisch-anatomischen und histologischen Diagnosen einschließlich Bericht, Fohlen — GOT-Nr. 130 — Dein Haustierportal",allgemeine GOT-Leistung ohne eindeutigen Tierartbezug
362,https://deinhaustierportal.de/de-de/tierarztkosten/138-sektion-mit-pathologisch-anatomischen-und-histologischen-dia/,GOT-Einzelseite,650,indexieren,ja,398,"Sektion mit pathologisch-anatomischen und histologischen Diagnosen einschließlich Bericht, Stubenvögel — GOT-Nr. 138 — Dein Haustierportal",allgemeine GOT-Leistung ohne eindeutigen Tierartbezug
363,https://deinhaustierportal.de/de-de/tierarztkosten/139-sektion-mit-pathologisch-anatomischen-und-histologischen-dia/,GOT-Einzelseite,650,indexieren,ja,398,"Sektion mit pathologisch-anatomischen und histologischen Diagnosen einschließlich Bericht, Großpsittaciden — GOT-Nr. 139 — Dein Haustierportal",allgemeine GOT-Leistung ohne eindeutigen Tierartbezug
364,https://deinhaustierportal.de/de-de/tierarztkosten/142-sektion-mit-pathologisch-anatomischen-und-histologischen-dia/,GOT-Einzelseite,650,indexieren,ja,400,"Sektion mit pathologisch-anatomischen und histologischen Diagnosen einschließlich Bericht, Reptilien, Amphibien — GOT-Nr. 142 — Dein Haustierportal",allgemeine GOT-Leistung ohne eindeutigen Tierartbezug
365,https://deinhaustierportal.de/de-de/tierarztkosten/143-auswertung-von-laborwerten-und-befunden-aus-fremduntersuchun/,GOT-Einzelseite,650,indexieren,ja,433,"Auswertung von Laborwerten und Befunden aus Fremduntersuchungen, einfach — GOT-Nr. 143 — Dein Haustierportal",allgemeine GOT-Leistung ohne eindeutigen Tierartbezug
366,https://deinhaustierportal.de/de-de/tierarztkosten/3-dokumentation-aufgrund-gesetzlicher-vorgaben/,GOT-Einzelseite,650,indexieren,ja,429,Dokumentation aufgrund gesetzlicher Vorgaben — GOT-Nr. 3 — Dein Haustierportal,allgemeine GOT-Leistung ohne eindeutigen Tierartbezug
367,https://deinhaustierportal.de/de-de/tierarztkosten/39-eilige-leistungen-die-den-praxisbetrieb-erheblich-stoeren-zu/,GOT-Einzelseite,650,indexieren,ja,435,"Eilige Leistungen, die den Praxisbetrieb erheblich stören, zusätzlich — GOT-Nr. 39 — Dein Haustierportal",allgemeine GOT-Leistung ohne eindeutigen Tierartbezug
368,https://deinhaustierportal.de/de-de/tierarztkosten/75-anwesenheit-bei-veranstaltungen-je-angefangene-halbe-stunde/,GOT-Einzelseite,650,indexieren,ja,433,"Anwesenheit bei Veranstaltungen, je angefangene halbe Stunde — GOT-Nr. 75 — Dein Haustierportal",allgemeine GOT-Leistung ohne eindeutigen Tierartbezug
369,https://deinhaustierportal.de/de-de/tierarztkosten/76-anwesenheit-bei-veranstaltungen-je-kalendertag-bis-zu-acht-s/,GOT-Einzelseite,650,indexieren,ja,437,"Anwesenheit bei Veranstaltungen, je Kalendertag (bis zu acht Stunden) — GOT-Nr. 76 — Dein Haustierportal",allgemeine GOT-Leistung ohne eindeutigen Tierartbezug
370,https://deinhaustierportal.de/de-de/tierarztkosten/77-anwesenheit-bei-veranstaltungen-fuer-jede-die-acht-stunden-u/,GOT-Einzelseite,650,indexieren,ja,441,"Anwesenheit bei Veranstaltungen, für jede die acht Stunden überschreitende halbe Stunde — GOT-Nr. 77 — Dein Haustierportal",allgemeine GOT-Leistung ohne eindeutigen Tierartbezug
371,https://deinhaustierportal.de/de-de/tierarztkosten/88-sonstige-bescheinigung/,GOT-Einzelseite,650,indexieren,ja,380,Sonstige Bescheinigung — GOT-Nr. 88 — Dein Haustierportal,allgemeine GOT-Leistung ohne eindeutigen Tierartbezug
372,https://deinhaustierportal.de/de-de/tierarztkosten/89-gutachten-nicht-gerichtliche-gutachten-protokoll-oder-tierar/,GOT-Einzelseite,650,indexieren,ja,393,"Gutachten (nicht gerichtliche Gutachten), Protokoll oder Tierarztbrief, je angefangene 15 Minuten — GOT-Nr. 89 — Dein Haustierportal",allgemeine GOT-Leistung ohne eindeutigen Tierartbezug
373,https://deinhaustierportal.de/de-de/tierarztkosten/91-verschreibung-eines-fuetterungsarzneimittels/,GOT-Einzelseite,650,indexieren,ja,381,Verschreibung eines Fütterungsarzneimittels — GOT-Nr. 91 — Dein Haustierportal,allgemeine GOT-Leistung ohne eindeutigen Tierartbezug
374,https://deinhaustierportal.de/de-de/tierarztkosten/92-tuberkulinproben-einschliesslich-nachschau-bei-durchfuehrung/,GOT-Einzelseite,650,indexieren,ja,384,Tuberkulinproben einschließlich Nachschau. Bei Durchführung des Simultantests erhöhen sich die Sätze um 50 Prozent — GOT-Nr. 92 — Dein Haustierportal,allgemeine GOT-Leistung ohne eindeutigen Tierartbezug
375,https://deinhaustierportal.de/de-de/tierarztkosten/94-biopsie-leber-niere/,GOT-Einzelseite,650,indexieren,ja,388,"Biopsie, Leber, Niere — GOT-Nr. 94 — Dein Haustierportal",allgemeine GOT-Leistung ohne eindeutigen Tierartbezug
376,https://deinhaustierportal.de/de-de/tierarztkosten/95-biopsie-lymphknoten-tumor/,GOT-Einzelseite,650,indexieren,ja,388,"Biopsie, Lymphknoten, Tumor — GOT-Nr. 95 — Dein Haustierportal",allgemeine GOT-Leistung ohne eindeutigen Tierartbezug
377,https://deinhaustierportal.de/de-de/tierarztkosten/97-feinnadelaspirationsbiopsie-einschliesslich-praeparateanfert/,GOT-Einzelseite,650,indexieren,ja,388,Feinnadelaspirationsbiopsie einschließlich Präparateanfertigung — GOT-Nr. 97 — Dein Haustierportal,allgemeine GOT-Leistung ohne eindeutigen Tierartbezug
378,https://deinhaustierportal.de/de-de/tierarztkosten/98-knochenmarksbiopsie-einschliesslich-praeparateanfertigung/,GOT-Einzelseite,650,indexieren,ja,388,Knochenmarksbiopsie einschließlich Präparateanfertigung — GOT-Nr. 98 — Dein Haustierportal,allgemeine GOT-Leistung ohne eindeutigen Tierartbezug
379,https://deinhaustierportal.de/de-de/tierarztkosten/99-muskelbiopsie/,GOT-Einzelseite,650,indexieren,ja,386,Muskelbiopsie — GOT-Nr. 99 — Dein Haustierportal,allgemeine GOT-Leistung ohne eindeutigen Tierartbezug
380,https://deinhaustierportal.de/de-de/tierarztkosten/gruppe/teil-a-grundleistungen/,GOT-Gruppe,606,indexieren,ja,1191,Grundleistungen — Teil A — Dein Haustierportal,86 amtliche Positionen bieten einen eigenständigen Katalogeinstieg
381,https://deinhaustierportal.de/de-de/tierarztkosten/gruppe/teil-b-zerlegung/,GOT-Gruppe,557,indexieren,ja,564,Zerlegung — Teil B — Dein Haustierportal,37 amtliche Positionen bieten einen eigenständigen Katalogeinstieg
382,https://deinhaustierportal.de/de-de/tierarztkosten/gruppe/teil-b-injektion-instillation-infusion/,GOT-Gruppe,544,indexieren,ja,381,"Injektion, Instillation, Infusion — Teil B — Dein Haustierportal",24 amtliche Positionen bieten einen eigenständigen Katalogeinstieg
383,https://deinhaustierportal.de/de-de/tierarztkosten/gruppe/teil-c-geburt-geburtshilfe/,GOT-Gruppe,543,indexieren,ja,343,"Geburt, Geburtshilfe — Teil C — Dein Haustierportal",23 amtliche Positionen bieten einen eigenständigen Katalogeinstieg
384,https://deinhaustierportal.de/de-de/tierarztkosten/gruppe/teil-c-kastration/,GOT-Gruppe,542,indexieren,ja,309,Kastration — Teil C — Dein Haustierportal,22 amtliche Positionen bieten einen eigenständigen Katalogeinstieg
385,https://deinhaustierportal.de/de-de/tierarztkosten/gruppe/teil-c-12d-gelenkorthopaedische-operationen/,GOT-Gruppe,539,indexieren,ja,304,12d) Gelenkorthopädische Operationen — Teil C — Dein Haustierportal,19 amtliche Positionen bieten einen eigenständigen Katalogeinstieg
386,https://deinhaustierportal.de/de-de/tierarztkosten/gruppe/teil-c-6a-blutuntersuchung-im-eigenen-labor/,GOT-Gruppe,539,indexieren,ja,360,6a) Blutuntersuchung im eigenen Labor — Teil C — Dein Haustierportal,19 amtliche Positionen bieten einen eigenständigen Katalogeinstieg
387,https://deinhaustierportal.de/de-de/tierarztkosten/gruppe/teil-c-5a-untersuchungen/,GOT-Gruppe,537,indexieren,ja,299,5a) Untersuchungen — Teil C — Dein Haustierportal,17 amtliche Positionen bieten einen eigenständigen Katalogeinstieg
388,https://deinhaustierportal.de/de-de/tierarztkosten/gruppe/teil-c-embryotransfer/,GOT-Gruppe,537,indexieren,ja,366,Embryotransfer — Teil C — Dein Haustierportal,17 amtliche Positionen bieten einen eigenständigen Katalogeinstieg
389,https://deinhaustierportal.de/de-de/tierarztkosten/gruppe/teil-c-6b-nicht-chirurgische-behandlungen/,GOT-Gruppe,536,indexieren,ja,337,6b) Nicht chirurgische Behandlungen — Teil C — Dein Haustierportal,16 amtliche Positionen bieten einen eigenständigen Katalogeinstieg
390,https://deinhaustierportal.de/de-de/tierarztkosten/gruppe/teil-c-chirurgie-am-darm/,GOT-Gruppe,536,indexieren,ja,271,Chirurgie am Darm — Teil C — Dein Haustierportal,16 amtliche Positionen bieten einen eigenständigen Katalogeinstieg
391,https://deinhaustierportal.de/de-de/tierarztkosten/gruppe/teil-c-11a-augenuntersuchungen/,GOT-Gruppe,535,indexieren,ja,291,11a) Augenuntersuchungen — Teil C — Dein Haustierportal,15 amtliche Positionen bieten einen eigenständigen Katalogeinstieg
392,https://deinhaustierportal.de/de-de/tierarztkosten/gruppe/teil-c-4b-nicht-chirurgische-behandlungen/,GOT-Gruppe,535,indexieren,ja,310,4b) Nicht chirurgische Behandlungen — Teil C — Dein Haustierportal,15 amtliche Positionen bieten einen eigenständigen Katalogeinstieg
393,https://deinhaustierportal.de/de-de/tierarztkosten/gruppe/teil-c-12f-sonstiges/,GOT-Gruppe,533,indexieren,ja,249,12f) Sonstiges — Teil C — Dein Haustierportal,13 amtliche Positionen bieten einen eigenständigen Katalogeinstieg
394,https://deinhaustierportal.de/de-de/tierarztkosten/gruppe/teil-c-13c-chirurgische-behandlungen/,GOT-Gruppe,533,indexieren,ja,254,13c) Chirurgische Behandlungen — Teil C — Dein Haustierportal,13 amtliche Positionen bieten einen eigenständigen Katalogeinstieg
395,https://deinhaustierportal.de/de-de/tierarztkosten/gruppe/teil-c-geburt/,GOT-Gruppe,533,indexieren,ja,249,Geburt — Teil C — Dein Haustierportal,13 amtliche Positionen bieten einen eigenständigen Katalogeinstieg
396,https://deinhaustierportal.de/de-de/tierarztkosten/gruppe/teil-b-a-anwendung-subkutan-intramuskulaer-intrakutan-intranasal-in/,GOT-Gruppe,532,indexieren,ja,328,"a) Anwendung subkutan, intramuskulär, intrakutan, intranasal, intraokulär, kloakal oder durch Kropfinstillation — Teil B — Dein Haustierportal",12 amtliche Positionen bieten einen eigenständigen Katalogeinstieg
397,https://deinhaustierportal.de/de-de/tierarztkosten/gruppe/teil-c-11b-augenbehandlungen-nicht-chirurgisch/,GOT-Gruppe,532,indexieren,ja,301,"11b) Augenbehandlungen, nicht chirurgisch — Teil C — Dein Haustierportal",12 amtliche Positionen bieten einen eigenständigen Katalogeinstieg
398,https://deinhaustierportal.de/de-de/tierarztkosten/gruppe/teil-c-15d-chirurgische-behandlungen/,GOT-Gruppe,532,indexieren,ja,242,15d) Chirurgische Behandlungen — Teil C — Dein Haustierportal,12 amtliche Positionen bieten einen eigenständigen Katalogeinstieg
399,https://deinhaustierportal.de/de-de/tierarztkosten/gruppe/teil-c-5c-chirurgische-behandlungen/,GOT-Gruppe,532,indexieren,ja,260,5c) Chirurgische Behandlungen — Teil C — Dein Haustierportal,12 amtliche Positionen bieten einen eigenständigen Katalogeinstieg
400,https://deinhaustierportal.de/de-de/tierarztkosten/gruppe/teil-b-euthanasie/,GOT-Gruppe,531,indexieren,ja,254,Euthanasie — Teil B — Dein Haustierportal,11 amtliche Positionen bieten einen eigenständigen Katalogeinstieg
401,https://deinhaustierportal.de/de-de/tierarztkosten/gruppe/teil-c-15c-nicht-chirurgische-behandlungen/,GOT-Gruppe,531,indexieren,ja,263,15c) Nicht chirurgische Behandlungen — Teil C — Dein Haustierportal,11 amtliche Positionen bieten einen eigenständigen Katalogeinstieg
402,https://deinhaustierportal.de/de-de/tierarztkosten/gruppe/teil-c-10d-diskopathie-operationen/,GOT-Gruppe,530,indexieren,ja,238,10d) Diskopathie – Operationen — Teil C — Dein Haustierportal,10 amtliche Positionen bieten einen eigenständigen Katalogeinstieg
403,https://deinhaustierportal.de/de-de/tierarztkosten/gruppe/teil-c-12e-huf-und-klauenorthopaedie/,GOT-Gruppe,530,indexieren,ja,231,12e) Huf- und Klauenorthopädie — Teil C — Dein Haustierportal,10 amtliche Positionen bieten einen eigenständigen Katalogeinstieg
404,https://deinhaustierportal.de/de-de/tierarztkosten/gruppe/teil-c-3e-chirurgische-behandlungen/,GOT-Gruppe,530,indexieren,ja,227,3e) Chirurgische Behandlungen — Teil C — Dein Haustierportal,10 amtliche Positionen bieten einen eigenständigen Katalogeinstieg
405,https://deinhaustierportal.de/de-de/tierarztkosten/gruppe/teil-c-3f-wunden/,GOT-Gruppe,530,indexieren,ja,227,3f) Wunden — Teil C — Dein Haustierportal,10 amtliche Positionen bieten einen eigenständigen Katalogeinstieg
406,https://deinhaustierportal.de/de-de/tierarztkosten/gruppe/teil-c-hernien/,GOT-Gruppe,530,indexieren,ja,217,Hernien — Teil C — Dein Haustierportal,10 amtliche Positionen bieten einen eigenständigen Katalogeinstieg
407,https://deinhaustierportal.de/de-de/tierarztkosten/gruppe/teil-c-injektionsnarkose-intravenoes/,GOT-Gruppe,530,indexieren,ja,242,Injektionsnarkose intravenös — Teil C — Dein Haustierportal,10 amtliche Positionen bieten einen eigenständigen Katalogeinstieg
408,https://deinhaustierportal.de/de-de/tierarztkosten/gruppe/teil-c-kombinationsnarkose-intravenoes/,GOT-Gruppe,530,indexieren,ja,242,Kombinationsnarkose intravenös — Teil C — Dein Haustierportal,10 amtliche Positionen bieten einen eigenständigen Katalogeinstieg
409,https://deinhaustierportal.de/de-de/tierarztkosten/gruppe/teil-c-sedation-injektionsnarkose/,GOT-Gruppe,530,indexieren,ja,252,"Sedation, Injektionsnarkose — Teil C — Dein Haustierportal",10 amtliche Positionen bieten einen eigenständigen Katalogeinstieg
410,https://deinhaustierportal.de/de-de/tierarztkosten/gruppe/teil-c-12-orthopaedie/,GOT-Gruppe,529,indexieren,ja,219,12. Orthopädie — Teil C — Dein Haustierportal,9 amtliche Positionen bieten einen eigenständigen Katalogeinstieg
411,https://deinhaustierportal.de/de-de/tierarztkosten/gruppe/teil-c-12b-amputationen/,GOT-Gruppe,529,indexieren,ja,238,12b) Amputationen — Teil C — Dein Haustierportal,9 amtliche Positionen bieten einen eigenständigen Katalogeinstieg
412,https://deinhaustierportal.de/de-de/tierarztkosten/gruppe/teil-c-7a-untersuchungen/,GOT-Gruppe,529,indexieren,ja,224,7a) Untersuchungen — Teil C — Dein Haustierportal,9 amtliche Positionen bieten einen eigenständigen Katalogeinstieg
413,https://deinhaustierportal.de/de-de/tierarztkosten/gruppe/teil-c-hornhaut/,GOT-Gruppe,529,indexieren,ja,215,Hornhaut — Teil C — Dein Haustierportal,9 amtliche Positionen bieten einen eigenständigen Katalogeinstieg
414,https://deinhaustierportal.de/de-de/tierarztkosten/gruppe/teil-c-lokalanaesthesie/,GOT-Gruppe,529,indexieren,ja,218,Lokalanästhesie — Teil C — Dein Haustierportal,9 amtliche Positionen bieten einen eigenständigen Katalogeinstieg
415,https://deinhaustierportal.de/de-de/tierarztkosten/gruppe/teil-b-die-folgenden-gebuehren-gelten-nur-fuer-einzelne-tiere-nicht/,GOT-Gruppe,528,indexieren,ja,285,Die folgenden Gebühren gelten nur für einzelne Tiere (nicht für Reihenuntersuchungen) — Teil B — Dein Haustierportal,8 amtliche Positionen bieten einen eigenständigen Katalogeinstieg
416,https://deinhaustierportal.de/de-de/tierarztkosten/gruppe/teil-b-endoskopie/,GOT-Gruppe,528,indexieren,ja,228,Endoskopie — Teil B — Dein Haustierportal,8 amtliche Positionen bieten einen eigenständigen Katalogeinstieg
417,https://deinhaustierportal.de/de-de/tierarztkosten/gruppe/teil-b-physikalische-therapien/,GOT-Gruppe,528,indexieren,ja,211,Physikalische Therapien — Teil B — Dein Haustierportal,8 amtliche Positionen bieten einen eigenständigen Katalogeinstieg
418,https://deinhaustierportal.de/de-de/tierarztkosten/gruppe/teil-b-strahlen-und-ultraschalltherapie/,GOT-Gruppe,528,indexieren,ja,251,Strahlen- und Ultraschalltherapie — Teil B — Dein Haustierportal,8 amtliche Positionen bieten einen eigenständigen Katalogeinstieg
419,https://deinhaustierportal.de/de-de/tierarztkosten/gruppe/teil-c-4a-untersuchungen/,GOT-Gruppe,528,indexieren,ja,225,4a) Untersuchungen — Teil C — Dein Haustierportal,8 amtliche Positionen bieten einen eigenständigen Katalogeinstieg
420,https://deinhaustierportal.de/de-de/tierarztkosten/gruppe/teil-c-fehlstellungen-der-augenlider/,GOT-Gruppe,528,indexieren,ja,233,Fehlstellungen der Augenlider — Teil C — Dein Haustierportal,8 amtliche Positionen bieten einen eigenständigen Katalogeinstieg
421,https://deinhaustierportal.de/de-de/tierarztkosten/gruppe/teil-c-injektionsnarkose-intramuskulaer/,GOT-Gruppe,528,indexieren,ja,226,Injektionsnarkose intramuskulär — Teil C — Dein Haustierportal,8 amtliche Positionen bieten einen eigenständigen Katalogeinstieg
422,https://deinhaustierportal.de/de-de/tierarztkosten/gruppe/teil-c-instrumentelle-samenuebertragung-bei-einzeltieren/,GOT-Gruppe,528,indexieren,ja,241,Instrumentelle Samenübertragung bei Einzeltieren — Teil C — Dein Haustierportal,8 amtliche Positionen bieten einen eigenständigen Katalogeinstieg
423,https://deinhaustierportal.de/de-de/tierarztkosten/gruppe/teil-c-kryptorchismus-operation-je-seite/,GOT-Gruppe,528,indexieren,ja,236,"Kryptorchismus-Operation, je Seite — Teil C — Dein Haustierportal",8 amtliche Positionen bieten einen eigenständigen Katalogeinstieg
424,https://deinhaustierportal.de/de-de/tierarztkosten/gruppe/teil-c-lidbindehaut-nickhaut/,GOT-Gruppe,528,indexieren,ja,227,"Lidbindehaut, Nickhaut — Teil C — Dein Haustierportal",8 amtliche Positionen bieten einen eigenständigen Katalogeinstieg
425,https://deinhaustierportal.de/de-de/tierarztkosten/gruppe/teil-c-zahnsteinentfernung-prophylaxe/,GOT-Gruppe,528,indexieren,ja,242,Zahnsteinentfernung/-prophylaxe — Teil C — Dein Haustierportal,8 amtliche Positionen bieten einen eigenständigen Katalogeinstieg
426,https://deinhaustierportal.de/de-de/tierarztkosten/gruppe/teil-b-bestandsbetreuung-nutztiere-massnahmen-zur-qualitaetssicheru/,GOT-Gruppe,527,indexieren,ja,251,"Bestandsbetreuung Nutztiere, Maßnahmen zur Qualitätssicherung im Erzeugerbetrieb — Teil B — Dein Haustierportal",7 amtliche Positionen bieten einen eigenständigen Katalogeinstieg
427,https://deinhaustierportal.de/de-de/tierarztkosten/gruppe/teil-b-biopsie/,GOT-Gruppe,527,indexieren,ja,207,Biopsie — Teil B — Dein Haustierportal,7 amtliche Positionen bieten einen eigenständigen Katalogeinstieg
428,https://deinhaustierportal.de/de-de/tierarztkosten/gruppe/teil-c-10a-elektrodiagnostik-neurologie/,GOT-Gruppe,527,indexieren,ja,220,10a) Elektrodiagnostik (Neurologie) — Teil C — Dein Haustierportal,7 amtliche Positionen bieten einen eigenständigen Katalogeinstieg
429,https://deinhaustierportal.de/de-de/tierarztkosten/gruppe/teil-c-2a-untersuchungen/,GOT-Gruppe,527,indexieren,ja,216,2a) Untersuchungen — Teil C — Dein Haustierportal,7 amtliche Positionen bieten einen eigenständigen Katalogeinstieg
430,https://deinhaustierportal.de/de-de/tierarztkosten/gruppe/teil-c-3g-hautanhangsorgane/,GOT-Gruppe,527,indexieren,ja,204,3g) Hautanhangsorgane — Teil C — Dein Haustierportal,7 amtliche Positionen bieten einen eigenständigen Katalogeinstieg
431,https://deinhaustierportal.de/de-de/tierarztkosten/gruppe/teil-c-4c-chirurgische-behandlungen/,GOT-Gruppe,527,indexieren,ja,228,4c) Chirurgische Behandlungen — Teil C — Dein Haustierportal,7 amtliche Positionen bieten einen eigenständigen Katalogeinstieg
432,https://deinhaustierportal.de/de-de/tierarztkosten/gruppe/teil-c-augapfel/,GOT-Gruppe,527,indexieren,ja,211,Augapfel — Teil C — Dein Haustierportal,7 amtliche Positionen bieten einen eigenständigen Katalogeinstieg
433,https://deinhaustierportal.de/de-de/tierarztkosten/gruppe/teil-b-b-anwendungen-als-spray-anwendung-von-trinkwasser-vakzinen-o/,GOT-Gruppe,526,indexieren,ja,255,"b) Anwendungen als Spray, Anwendung von Trinkwasser-Vakzinen oder anderen kollektiven Impfverfahren — Teil B — Dein Haustierportal",6 amtliche Positionen bieten einen eigenständigen Katalogeinstieg
434,https://deinhaustierportal.de/de-de/tierarztkosten/gruppe/teil-b-kennzeichnen/,GOT-Gruppe,526,indexieren,ja,205,Kennzeichnen — Teil B — Dein Haustierportal,6 amtliche Positionen bieten einen eigenständigen Katalogeinstieg
435,https://deinhaustierportal.de/de-de/tierarztkosten/gruppe/teil-b-kontrastmittelverabreichung/,GOT-Gruppe,526,indexieren,ja,195,Kontrastmittelverabreichung — Teil B — Dein Haustierportal,6 amtliche Positionen bieten einen eigenständigen Katalogeinstieg
436,https://deinhaustierportal.de/de-de/tierarztkosten/gruppe/teil-c-12c-frakturbehandlung-operativ/,GOT-Gruppe,526,indexieren,ja,211,12c) Frakturbehandlung operativ — Teil C — Dein Haustierportal,6 amtliche Positionen bieten einen eigenständigen Katalogeinstieg
437,https://deinhaustierportal.de/de-de/tierarztkosten/gruppe/teil-c-9a-untersuchungen/,GOT-Gruppe,526,indexieren,ja,211,9a) Untersuchungen — Teil C — Dein Haustierportal,6 amtliche Positionen bieten einen eigenständigen Katalogeinstieg
438,https://deinhaustierportal.de/de-de/tierarztkosten/gruppe/teil-c-9c-chirurgische-behandlungen/,GOT-Gruppe,526,indexieren,ja,203,9c) Chirurgische Behandlungen — Teil C — Dein Haustierportal,6 amtliche Positionen bieten einen eigenständigen Katalogeinstieg
439,https://deinhaustierportal.de/de-de/tierarztkosten/gruppe/teil-c-inhalationsnarkose-via-maske-oder-narkosekammer/,GOT-Gruppe,526,indexieren,ja,206,Inhalationsnarkose via Maske oder Narkosekammer — Teil C — Dein Haustierportal,6 amtliche Positionen bieten einen eigenständigen Katalogeinstieg
440,https://deinhaustierportal.de/de-de/tierarztkosten/gruppe/teil-c-sonstiges/,GOT-Gruppe,526,indexieren,ja,190,Sonstiges — Teil C — Dein Haustierportal,6 amtliche Positionen bieten einen eigenständigen Katalogeinstieg
441,https://deinhaustierportal.de/de-de/tierarztkosten/gruppe/teil-c-traenenableitende-wege/,GOT-Gruppe,526,indexieren,ja,204,Tränenableitende Wege — Teil C — Dein Haustierportal,6 amtliche Positionen bieten einen eigenständigen Katalogeinstieg
442,https://deinhaustierportal.de/de-de/tierarztkosten/gruppe/teil-c-vormaegen-labmagen/,GOT-Gruppe,526,indexieren,ja,200,"Vormägen, Labmagen — Teil C — Dein Haustierportal",6 amtliche Positionen bieten einen eigenständigen Katalogeinstieg
443,https://deinhaustierportal.de/de-de/tierarztkosten/gruppe/teil-c-zahnextraktion/,GOT-Gruppe,526,indexieren,ja,197,Zahnextraktion — Teil C — Dein Haustierportal,6 amtliche Positionen bieten einen eigenständigen Katalogeinstieg
444,https://deinhaustierportal.de/de-de/tierarztkosten/gruppe/teil-c-zahnkorrektur/,GOT-Gruppe,526,indexieren,ja,210,Zahnkorrektur — Teil C — Dein Haustierportal,6 amtliche Positionen bieten einen eigenständigen Katalogeinstieg
445,https://deinhaustierportal.de/de-de/tierarztkosten/gruppe/teil-c-zunge-speicheldruese-gaumen-rachenmandeln/,GOT-Gruppe,526,indexieren,ja,216,"Zunge, Speicheldrüse, Gaumen, Rachenmandeln — Teil C — Dein Haustierportal",6 amtliche Positionen bieten einen eigenständigen Katalogeinstieg
446,https://deinhaustierportal.de/de-de/tierarztkosten/gruppe/teil-b-1-bescheinigungen-und-gutachten/,GOT-Gruppe,525,indexieren,ja,204,1. Bescheinigungen und Gutachten — Teil B — Dein Haustierportal,5 amtliche Positionen bieten einen eigenständigen Katalogeinstieg
447,https://deinhaustierportal.de/de-de/tierarztkosten/gruppe/teil-b-nadeltherapie/,GOT-Gruppe,525,indexieren,ja,189,Nadeltherapie — Teil B — Dein Haustierportal,5 amtliche Positionen bieten einen eigenständigen Katalogeinstieg
448,https://deinhaustierportal.de/de-de/tierarztkosten/gruppe/teil-b-punktion-ohne-zns/,GOT-Gruppe,525,indexieren,ja,201,Punktion (ohne ZNS) — Teil B — Dein Haustierportal,5 amtliche Positionen bieten einen eigenständigen Katalogeinstieg
449,https://deinhaustierportal.de/de-de/tierarztkosten/gruppe/teil-c-2b-nicht-chirurgische-behandlungen/,GOT-Gruppe,525,indexieren,ja,192,2b) Nicht chirurgische Behandlungen — Teil C — Dein Haustierportal,5 amtliche Positionen bieten einen eigenständigen Katalogeinstieg
450,https://deinhaustierportal.de/de-de/tierarztkosten/gruppe/teil-c-7b-chirurgische-behandlungen/,GOT-Gruppe,525,indexieren,ja,201,7b) Chirurgische Behandlungen — Teil C — Dein Haustierportal,5 amtliche Positionen bieten einen eigenständigen Katalogeinstieg
451,https://deinhaustierportal.de/de-de/tierarztkosten/1001-ureterabriss/,GOT-Einzelseite,350,noindex,nein,382,Ureterabriss — GOT-Nr. 1001 — Dein Haustierportal,allgemeine GOT-Leistung ohne eindeutigen Tierartbezug
452,https://deinhaustierportal.de/de-de/tierarztkosten/1002-partielle-blasenresektion-und-augmentation/,GOT-Einzelseite,350,noindex,nein,388,Partielle Blasenresektion und Augmentation — GOT-Nr. 1002 — Dein Haustierportal,allgemeine GOT-Leistung ohne eindeutigen Tierartbezug
453,https://deinhaustierportal.de/de-de/tierarztkosten/1005-nephrotomie/,GOT-Einzelseite,350,noindex,nein,382,Nephrotomie — GOT-Nr. 1005 — Dein Haustierportal,allgemeine GOT-Leistung ohne eindeutigen Tierartbezug
454,https://deinhaustierportal.de/de-de/tierarztkosten/1006-nephrektomie/,GOT-Einzelseite,350,noindex,nein,382,Nephrektomie — GOT-Nr. 1006 — Dein Haustierportal,allgemeine GOT-Leistung ohne eindeutigen Tierartbezug
455,https://deinhaustierportal.de/de-de/tierarztkosten/144-bearbeitung-von-proben-zum-versand/,GOT-Einzelseite,350,noindex,nein,430,Bearbeitung von Proben zum Versand — GOT-Nr. 144 — Dein Haustierportal,allgemeine GOT-Leistung ohne eindeutigen Tierartbezug
456,https://deinhaustierportal.de/de-de/tierarztkosten/145-bakteriologische-untersuchung-kulturell-ohne-resistenzbestim/,GOT-Einzelseite,350,noindex,nein,430,"Bakteriologische Untersuchung, kulturell, ohne Resistenzbestimmung — GOT-Nr. 145 — Dein Haustierportal",allgemeine GOT-Leistung ohne eindeutigen Tierartbezug
457,https://deinhaustierportal.de/de-de/tierarztkosten/146-bakteriologische-untersuchung-einfacher-art-mit-resistenzbes/,GOT-Einzelseite,350,noindex,nein,431,"Bakteriologische Untersuchung einfacher Art, mit Resistenzbestimmung — GOT-Nr. 146 — Dein Haustierportal",allgemeine GOT-Leistung ohne eindeutigen Tierartbezug
458,https://deinhaustierportal.de/de-de/tierarztkosten/147-koerperfluessigkeit-physikalische-chemische-oder-mikroskopis/,GOT-Einzelseite,350,noindex,nein,433,"Körperflüssigkeit, physikalische, chemische oder mikroskopische Untersuchung einfacher Art — GOT-Nr. 147 — Dein Haustierportal",allgemeine GOT-Leistung ohne eindeutigen Tierartbezug
459,https://deinhaustierportal.de/de-de/tierarztkosten/151-histologische-zytologische-untersuchung-einer-probe-geringer/,GOT-Einzelseite,350,noindex,nein,383,Histologische/zytologische Untersuchung einer Probe (geringer Umfang bis zu zwei Lokalisationen/Organen) — GOT-Nr. 151 — Dein Haustierportal,allgemeine GOT-Leistung ohne eindeutigen Tierartbezug
460,https://deinhaustierportal.de/de-de/tierarztkosten/152-histologische-zytologische-untersuchung-erhoehter-umfang-ein/,GOT-Einzelseite,350,noindex,nein,375,Histologische/zytologische Untersuchung (erhöhter Umfang einschließlich Spezialpräparationen) — GOT-Nr. 152 — Dein Haustierportal,allgemeine GOT-Leistung ohne eindeutigen Tierartbezug
461,https://deinhaustierportal.de/de-de/tierarztkosten/153-immunhistochemische-praeparationen-je-antikoerper/,GOT-Einzelseite,350,noindex,nein,373,Immunhistochemische Präparationen je Antikörper — GOT-Nr. 153 — Dein Haustierportal,allgemeine GOT-Leistung ohne eindeutigen Tierartbezug
462,https://deinhaustierportal.de/de-de/tierarztkosten/154-auswertung-von-fremdbefunden-bildgebender-verfahren/,GOT-Einzelseite,350,noindex,nein,375,Auswertung von Fremdbefunden bildgebender Verfahren — GOT-Nr. 154 — Dein Haustierportal,allgemeine GOT-Leistung ohne eindeutigen Tierartbezug
463,https://deinhaustierportal.de/de-de/tierarztkosten/155-auswertung-von-fremdbefunden-bildgebender-verfahren-umfangre/,GOT-Einzelseite,350,noindex,nein,376,"Auswertung von Fremdbefunden bildgebender Verfahren, umfangreich — GOT-Nr. 155 — Dein Haustierportal",allgemeine GOT-Leistung ohne eindeutigen Tierartbezug
464,https://deinhaustierportal.de/de-de/tierarztkosten/156-bearbeitung-von-befunden-zum-versand/,GOT-Einzelseite,350,noindex,nein,375,Bearbeitung von Befunden zum Versand — GOT-Nr. 156 — Dein Haustierportal,allgemeine GOT-Leistung ohne eindeutigen Tierartbezug
465,https://deinhaustierportal.de/de-de/tierarztkosten/164-thorakoskopie/,GOT-Einzelseite,350,noindex,nein,400,Thorakoskopie — GOT-Nr. 164 — Dein Haustierportal,allgemeine GOT-Leistung ohne eindeutigen Tierartbezug
466,https://deinhaustierportal.de/de-de/tierarztkosten/165-durchleuchtung/,GOT-Einzelseite,350,noindex,nein,372,Durchleuchtung — GOT-Nr. 165 — Dein Haustierportal,allgemeine GOT-Leistung ohne eindeutigen Tierartbezug
467,https://deinhaustierportal.de/de-de/tierarztkosten/169-fistulographie-kontrastmittelverabreichung/,GOT-Einzelseite,350,noindex,nein,376,"Fistulographie, Kontrastmittelverabreichung — GOT-Nr. 169 — Dein Haustierportal",allgemeine GOT-Leistung ohne eindeutigen Tierartbezug
468,https://deinhaustierportal.de/de-de/tierarztkosten/170-dakryozystographie-kontrastmittelverabreichung/,GOT-Einzelseite,350,noindex,nein,376,"Dakryozystographie, Kontrastmittelverabreichung — GOT-Nr. 170 — Dein Haustierportal",allgemeine GOT-Leistung ohne eindeutigen Tierartbezug
469,https://deinhaustierportal.de/de-de/tierarztkosten/171-urographie-ausscheidung-kontrastmittelverabreichung/,GOT-Einzelseite,350,noindex,nein,377,"Urographie, Ausscheidung, Kontrastmittelverabreichung — GOT-Nr. 171 — Dein Haustierportal",allgemeine GOT-Leistung ohne eindeutigen Tierartbezug
470,https://deinhaustierportal.de/de-de/tierarztkosten/172-zystographie-retrograde-kontrastmittelverabreichung/,GOT-Einzelseite,350,noindex,nein,377,"Zystographie, retrograde, Kontrastmittelverabreichung — GOT-Nr. 172 — Dein Haustierportal",allgemeine GOT-Leistung ohne eindeutigen Tierartbezug
471,https://deinhaustierportal.de/de-de/tierarztkosten/173-magen-darm-trakt-kontrastmittelverabreichung/,GOT-Einzelseite,350,noindex,nein,376,"Magen-Darm-Trakt, Kontrastmittelverabreichung — GOT-Nr. 173 — Dein Haustierportal",allgemeine GOT-Leistung ohne eindeutigen Tierartbezug
472,https://deinhaustierportal.de/de-de/tierarztkosten/174-epidurographie-zisternographie-myelographie-kontrastmittelve/,GOT-Einzelseite,350,noindex,nein,378,"Epidurographie, Zisternographie, Myelographie, Kontrastmittelverabreichung — GOT-Nr. 174 — Dein Haustierportal",allgemeine GOT-Leistung ohne eindeutigen Tierartbezug
473,https://deinhaustierportal.de/de-de/tierarztkosten/175-ct-untersuchung-eines-koerperteils/,GOT-Einzelseite,350,noindex,nein,366,CT-Untersuchung eines Körperteils — GOT-Nr. 175 — Dein Haustierportal,allgemeine GOT-Leistung ohne eindeutigen Tierartbezug
474,https://deinhaustierportal.de/de-de/tierarztkosten/176-ct-untersuchung-von-mehr-als-einem-koerperteil-auch-ganzkoer/,GOT-Einzelseite,350,noindex,nein,371,"CT-Untersuchung von mehr als einem Körperteil, auch Ganzkörper-CT — GOT-Nr. 176 — Dein Haustierportal",allgemeine GOT-Leistung ohne eindeutigen Tierartbezug
475,https://deinhaustierportal.de/de-de/tierarztkosten/177-magnetresonanztomographie-mrt/,GOT-Einzelseite,350,noindex,nein,365,Magnetresonanztomographie (MRT) — GOT-Nr. 177 — Dein Haustierportal,allgemeine GOT-Leistung ohne eindeutigen Tierartbezug
476,https://deinhaustierportal.de/de-de/tierarztkosten/178-szintigraphie-kleintier/,GOT-Einzelseite,350,noindex,nein,352,Szintigraphie Kleintier — GOT-Nr. 178 — Dein Haustierportal,allgemeine GOT-Leistung ohne eindeutigen Tierartbezug
477,https://deinhaustierportal.de/de-de/tierarztkosten/181-heliotherapie/,GOT-Einzelseite,350,noindex,nein,381,Heliotherapie — GOT-Nr. 181 — Dein Haustierportal,allgemeine GOT-Leistung ohne eindeutigen Tierartbezug
478,https://deinhaustierportal.de/de-de/tierarztkosten/182-interferenzstromtherapie/,GOT-Einzelseite,350,noindex,nein,381,Interferenzstromtherapie — GOT-Nr. 182 — Dein Haustierportal,allgemeine GOT-Leistung ohne eindeutigen Tierartbezug
479,https://deinhaustierportal.de/de-de/tierarztkosten/183-laserakupunktur-je-angefangene-15-minuten/,GOT-Einzelseite,350,noindex,nein,385,"Laserakupunktur, je angefangene 15 Minuten — GOT-Nr. 183 — Dein Haustierportal",allgemeine GOT-Leistung ohne eindeutigen Tierartbezug
480,https://deinhaustierportal.de/de-de/tierarztkosten/184-laserbestrahlung-zur-gewebeaktivierung-je-angefangene-15-min/,GOT-Einzelseite,350,noindex,nein,387,"Laserbestrahlung zur Gewebeaktivierung, je angefangene 15 Minuten — GOT-Nr. 184 — Dein Haustierportal",allgemeine GOT-Leistung ohne eindeutigen Tierartbezug
481,https://deinhaustierportal.de/de-de/tierarztkosten/185-magnetfeldtherapie/,GOT-Einzelseite,350,noindex,nein,381,Magnetfeldtherapie — GOT-Nr. 185 — Dein Haustierportal,allgemeine GOT-Leistung ohne eindeutigen Tierartbezug
482,https://deinhaustierportal.de/de-de/tierarztkosten/186-mikrowellentherapie/,GOT-Einzelseite,350,noindex,nein,381,Mikrowellentherapie — GOT-Nr. 186 — Dein Haustierportal,allgemeine GOT-Leistung ohne eindeutigen Tierartbezug
483,https://deinhaustierportal.de/de-de/tierarztkosten/187-ozon-sauerstoff-behandlung-lokal/,GOT-Einzelseite,350,noindex,nein,382,"Ozon-Sauerstoff-Behandlung, lokal — GOT-Nr. 187 — Dein Haustierportal",allgemeine GOT-Leistung ohne eindeutigen Tierartbezug
484,https://deinhaustierportal.de/de-de/tierarztkosten/188-ozon-sauerstoff-behandlung-systemisch-intravenoes/,GOT-Einzelseite,350,noindex,nein,384,"Ozon-Sauerstoff-Behandlung, systemisch intravenös — GOT-Nr. 188 — Dein Haustierportal",allgemeine GOT-Leistung ohne eindeutigen Tierartbezug
485,https://deinhaustierportal.de/de-de/tierarztkosten/190-radiosynoviorthese-rso-durch-bestrahlung/,GOT-Einzelseite,350,noindex,nein,423,Radiosynoviorthese (RSO) durch Bestrahlung — GOT-Nr. 190 — Dein Haustierportal,allgemeine GOT-Leistung ohne eindeutigen Tierartbezug
486,https://deinhaustierportal.de/de-de/tierarztkosten/191-bestrahlungstherapie-mittels-linearbeschleuniger-ausarbeitun/,GOT-Einzelseite,350,noindex,nein,425,"Bestrahlungstherapie mittels Linearbeschleuniger, Ausarbeitung eines Therapieplans — GOT-Nr. 191 — Dein Haustierportal",allgemeine GOT-Leistung ohne eindeutigen Tierartbezug
487,https://deinhaustierportal.de/de-de/tierarztkosten/192-bestrahlungstherapie-mittels-linearbeschleuniger-kuratives-p/,GOT-Einzelseite,350,noindex,nein,434,"Bestrahlungstherapie mittels Linearbeschleuniger (kuratives Protokoll, ohne Planungs- oder Kontroll-CT), pro Bestrahlung — GOT-Nr. 192 — Dein Haustierportal",allgemeine GOT-Leistung ohne eindeutigen Tierartbezug
488,https://deinhaustierportal.de/de-de/tierarztkosten/195-stosswellentherapie-radial/,GOT-Einzelseite,350,noindex,nein,421,"Stoßwellentherapie, radial — GOT-Nr. 195 — Dein Haustierportal",allgemeine GOT-Leistung ohne eindeutigen Tierartbezug
489,https://deinhaustierportal.de/de-de/tierarztkosten/196-stosswellentherapie-fokussiert/,GOT-Einzelseite,350,noindex,nein,421,"Stoßwellentherapie, fokussiert — GOT-Nr. 196 — Dein Haustierportal",allgemeine GOT-Leistung ohne eindeutigen Tierartbezug
490,https://deinhaustierportal.de/de-de/tierarztkosten/197-fotodokumentation-von-befunden/,GOT-Einzelseite,350,noindex,nein,359,Fotodokumentation von Befunden — GOT-Nr. 197 — Dein Haustierportal,allgemeine GOT-Leistung ohne eindeutigen Tierartbezug
491,https://deinhaustierportal.de/de-de/tierarztkosten/198-anfertigen-von-datentraegern/,GOT-Einzelseite,350,noindex,nein,359,Anfertigen von Datenträgern — GOT-Nr. 198 — Dein Haustierportal,allgemeine GOT-Leistung ohne eindeutigen Tierartbezug
492,https://deinhaustierportal.de/de-de/tierarztkosten/210-eingeben-von-medikamenten-z-b-orale-eingabe-instillation-in/,GOT-Einzelseite,350,noindex,nein,385,"Eingeben von Medikamenten, z. B. orale Eingabe, Instillation in das Euter, lokale Applikation, auch Käfigmagnet — GOT-Nr. 210 — Dein Haustierportal",allgemeine GOT-Leistung ohne eindeutigen Tierartbezug
493,https://deinhaustierportal.de/de-de/tierarztkosten/211-implantation-eines-arzneimittels/,GOT-Einzelseite,350,noindex,nein,369,Implantation eines Arzneimittels — GOT-Nr. 211 — Dein Haustierportal,allgemeine GOT-Leistung ohne eindeutigen Tierartbezug
494,https://deinhaustierportal.de/de-de/tierarztkosten/225-venenkatheter-peripher-einlegen/,GOT-Einzelseite,350,noindex,nein,404,Venenkatheter peripher einlegen — GOT-Nr. 225 — Dein Haustierportal,allgemeine GOT-Leistung ohne eindeutigen Tierartbezug
495,https://deinhaustierportal.de/de-de/tierarztkosten/226-venenkatheter-entfernen/,GOT-Einzelseite,350,noindex,nein,402,Venenkatheter entfernen — GOT-Nr. 226 — Dein Haustierportal,allgemeine GOT-Leistung ohne eindeutigen Tierartbezug
496,https://deinhaustierportal.de/de-de/tierarztkosten/227-venenkatheter-zentral-einlegen/,GOT-Einzelseite,350,noindex,nein,404,Venenkatheter zentral einlegen — GOT-Nr. 227 — Dein Haustierportal,allgemeine GOT-Leistung ohne eindeutigen Tierartbezug
497,https://deinhaustierportal.de/de-de/tierarztkosten/230-instillation-intrarektal-intrapraeputial-intravaginal/,GOT-Einzelseite,350,noindex,nein,406,"Instillation intrarektal, intrapräputial, intravaginal — GOT-Nr. 230 — Dein Haustierportal",allgemeine GOT-Leistung ohne eindeutigen Tierartbezug
498,https://deinhaustierportal.de/de-de/tierarztkosten/231-instillation-intrauterin-intraabdominal/,GOT-Einzelseite,350,noindex,nein,404,"Instillation intrauterin, intraabdominal — GOT-Nr. 231 — Dein Haustierportal",allgemeine GOT-Leistung ohne eindeutigen Tierartbezug
499,https://deinhaustierportal.de/de-de/tierarztkosten/233-instillation-intranasal/,GOT-Einzelseite,350,noindex,nein,402,Instillation intranasal — GOT-Nr. 233 — Dein Haustierportal,allgemeine GOT-Leistung ohne eindeutigen Tierartbezug
500,https://deinhaustierportal.de/de-de/tierarztkosten/237-taetowieren/,GOT-Einzelseite,350,noindex,nein,385,Tätowieren — GOT-Nr. 237 — Dein Haustierportal,allgemeine GOT-Leistung ohne eindeutigen Tierartbezug
501,https://deinhaustierportal.de/de-de/tierarztkosten/238-implantation-eines-transponders/,GOT-Einzelseite,350,noindex,nein,387,Implantation eines Transponders — GOT-Nr. 238 — Dein Haustierportal,allgemeine GOT-Leistung ohne eindeutigen Tierartbezug
502,https://deinhaustierportal.de/de-de/tierarztkosten/241-erheben-und-dokumentation-eines-signalements-ohne-untersuchu/,GOT-Einzelseite,350,noindex,nein,391,Erheben und Dokumentation eines Signalements ohne Untersuchung — GOT-Nr. 241 — Dein Haustierportal,allgemeine GOT-Leistung ohne eindeutigen Tierartbezug
503,https://deinhaustierportal.de/de-de/tierarztkosten/242-akupunktur/,GOT-Einzelseite,350,noindex,nein,370,Akupunktur — GOT-Nr. 242 — Dein Haustierportal,allgemeine GOT-Leistung ohne eindeutigen Tierartbezug
504,https://deinhaustierportal.de/de-de/tierarztkosten/243-akupressur-triggerpunktdiagnostik-manuell/,GOT-Einzelseite,350,noindex,nein,372,"Akupressur, Triggerpunktdiagnostik manuell — GOT-Nr. 243 — Dein Haustierportal",allgemeine GOT-Leistung ohne eindeutigen Tierartbezug
505,https://deinhaustierportal.de/de-de/tierarztkosten/244-elektrostimulationsakupunktur/,GOT-Einzelseite,350,noindex,nein,370,Elektrostimulationsakupunktur — GOT-Nr. 244 — Dein Haustierportal,allgemeine GOT-Leistung ohne eindeutigen Tierartbezug
506,https://deinhaustierportal.de/de-de/tierarztkosten/245-elektroakupunktur-nach-voll-eav/,GOT-Einzelseite,350,noindex,nein,373,Elektroakupunktur nach Voll (EAV) — GOT-Nr. 245 — Dein Haustierportal,allgemeine GOT-Leistung ohne eindeutigen Tierartbezug
507,https://deinhaustierportal.de/de-de/tierarztkosten/249-tupferprobenentnahme/,GOT-Einzelseite,350,noindex,nein,353,Tupferprobenentnahme — GOT-Nr. 249 — Dein Haustierportal,allgemeine GOT-Leistung ohne eindeutigen Tierartbezug
508,https://deinhaustierportal.de/de-de/tierarztkosten/256-gesamtklimastatus-je-angefangene-15-minuten/,GOT-Einzelseite,350,noindex,nein,422,"Gesamtklimastatus, je angefangene 15 Minuten — GOT-Nr. 256 — Dein Haustierportal",allgemeine GOT-Leistung ohne eindeutigen Tierartbezug
509,https://deinhaustierportal.de/de-de/tierarztkosten/260-itb-datenerfassung-und-auswertung-pro-muttersau-pro-jahr/,GOT-Einzelseite,350,noindex,nein,425,"ITB, Datenerfassung und -auswertung pro Muttersau, pro Jahr — GOT-Nr. 260 — Dein Haustierportal",allgemeine GOT-Leistung ohne eindeutigen Tierartbezug
510,https://deinhaustierportal.de/de-de/tierarztkosten/263-bis-zu-10-tieren-je-tier/,GOT-Einzelseite,350,noindex,nein,427,"bis zu 10 Tieren, je Tier — GOT-Nr. 263 — Dein Haustierportal",allgemeine GOT-Leistung ohne eindeutigen Tierartbezug
511,https://deinhaustierportal.de/de-de/tierarztkosten/264-11-bis-zu-100-tieren-je-tier/,GOT-Einzelseite,350,noindex,nein,428,"11 bis zu 100 Tieren, je Tier — GOT-Nr. 264 — Dein Haustierportal",allgemeine GOT-Leistung ohne eindeutigen Tierartbezug
512,https://deinhaustierportal.de/de-de/tierarztkosten/265-100-bis-zu-500-tieren-je-tier/,GOT-Einzelseite,350,noindex,nein,428,"100 bis zu 500 Tieren, je Tier — GOT-Nr. 265 — Dein Haustierportal",allgemeine GOT-Leistung ohne eindeutigen Tierartbezug
513,https://deinhaustierportal.de/de-de/tierarztkosten/266-501-bis-zu-1-000-tieren-je-tier/,GOT-Einzelseite,350,noindex,nein,429,"501 bis zu 1 000 Tieren, je Tier — GOT-Nr. 266 — Dein Haustierportal",allgemeine GOT-Leistung ohne eindeutigen Tierartbezug
514,https://deinhaustierportal.de/de-de/tierarztkosten/267-1-001-bis-zu-5-000-tieren-je-tier/,GOT-Einzelseite,350,noindex,nein,430,"1 001 bis zu 5 000 Tieren, je Tier — GOT-Nr. 267 — Dein Haustierportal",allgemeine GOT-Leistung ohne eindeutigen Tierartbezug
515,https://deinhaustierportal.de/de-de/tierarztkosten/268-ueber-5-000-tiere-je-tier/,GOT-Einzelseite,350,noindex,nein,427,"über 5 000 Tiere, je Tier — GOT-Nr. 268 — Dein Haustierportal",allgemeine GOT-Leistung ohne eindeutigen Tierartbezug
516,https://deinhaustierportal.de/de-de/tierarztkosten/269-eintagskueken-bis-zu-10-tieren-je-tier/,GOT-Einzelseite,350,noindex,nein,428,"Eintagsküken, bis zu 10 Tieren, je Tier — GOT-Nr. 269 — Dein Haustierportal",allgemeine GOT-Leistung ohne eindeutigen Tierartbezug
517,https://deinhaustierportal.de/de-de/tierarztkosten/270-eintagskueken-11-bis-zu-100-tieren-je-tier/,GOT-Einzelseite,350,noindex,nein,430,"Eintagsküken, 11 bis zu 100 Tieren, je Tier — GOT-Nr. 270 — Dein Haustierportal",allgemeine GOT-Leistung ohne eindeutigen Tierartbezug
518,https://deinhaustierportal.de/de-de/tierarztkosten/271-eintagskueken-101-bis-zu-500-tieren-je-tier/,GOT-Einzelseite,350,noindex,nein,430,"Eintagsküken, 101 bis zu 500 Tieren, je Tier — GOT-Nr. 271 — Dein Haustierportal",allgemeine GOT-Leistung ohne eindeutigen Tierartbezug
519,https://deinhaustierportal.de/de-de/tierarztkosten/272-eintagskueken-501-bis-zu-1-000-tieren-je-tier/,GOT-Einzelseite,350,noindex,nein,432,"Eintagsküken, 501 bis zu 1 000 Tieren, je Tier — GOT-Nr. 272 — Dein Haustierportal",allgemeine GOT-Leistung ohne eindeutigen Tierartbezug
520,https://deinhaustierportal.de/de-de/tierarztkosten/273-eintagskueken-1-001-bis-zu-5-000-tieren-je-tier/,GOT-Einzelseite,350,noindex,nein,434,"Eintagsküken, 1 001 bis zu 5 000 Tieren, je Tier — GOT-Nr. 273 — Dein Haustierportal",allgemeine GOT-Leistung ohne eindeutigen Tierartbezug
521,https://deinhaustierportal.de/de-de/tierarztkosten/274-eintagskueken-ueber-5-000-tiere-je-tier/,GOT-Einzelseite,350,noindex,nein,428,"Eintagsküken, über 5 000 Tiere, je Tier — GOT-Nr. 274 — Dein Haustierportal",allgemeine GOT-Leistung ohne eindeutigen Tierartbezug
522,https://deinhaustierportal.de/de-de/tierarztkosten/275-bis-zu-1-000-tieren-je-tier/,GOT-Einzelseite,350,noindex,nein,418,"bis zu 1 000 Tieren, je Tier — GOT-Nr. 275 — Dein Haustierportal",allgemeine GOT-Leistung ohne eindeutigen Tierartbezug
523,https://deinhaustierportal.de/de-de/tierarztkosten/276-1-000-bis-zu-2-500-tieren-je-tier/,GOT-Einzelseite,350,noindex,nein,420,"1 000 bis zu 2 500 Tieren, je Tier — GOT-Nr. 276 — Dein Haustierportal",allgemeine GOT-Leistung ohne eindeutigen Tierartbezug
524,https://deinhaustierportal.de/de-de/tierarztkosten/277-2-501-bis-zu-5-000-tieren-je-tier/,GOT-Einzelseite,350,noindex,nein,420,"2 501 bis zu 5 000 Tieren, je Tier — GOT-Nr. 277 — Dein Haustierportal",allgemeine GOT-Leistung ohne eindeutigen Tierartbezug
525,https://deinhaustierportal.de/de-de/tierarztkosten/278-5-001-bis-zu-10-000-tieren-je-tier/,GOT-Einzelseite,350,noindex,nein,420,"5 001 bis zu 10 000 Tieren, je Tier — GOT-Nr. 278 — Dein Haustierportal",allgemeine GOT-Leistung ohne eindeutigen Tierartbezug
526,https://deinhaustierportal.de/de-de/tierarztkosten/279-ueber-10-000-tiere-je-tier/,GOT-Einzelseite,350,noindex,nein,417,"über 10 000 Tiere, je Tier — GOT-Nr. 279 — Dein Haustierportal",allgemeine GOT-Leistung ohne eindeutigen Tierartbezug
527,https://deinhaustierportal.de/de-de/tierarztkosten/280-eintagskueken-je-tier/,GOT-Einzelseite,350,noindex,nein,414,"Eintagsküken, je Tier — GOT-Nr. 280 — Dein Haustierportal",allgemeine GOT-Leistung ohne eindeutigen Tierartbezug
528,https://deinhaustierportal.de/de-de/tierarztkosten/283-oberflaechenanaesthesie/,GOT-Einzelseite,350,noindex,nein,383,Oberflächenanästhesie — GOT-Nr. 283 — Dein Haustierportal,allgemeine GOT-Leistung ohne eindeutigen Tierartbezug
529,https://deinhaustierportal.de/de-de/tierarztkosten/284-infiltrationsanaesthesie/,GOT-Einzelseite,350,noindex,nein,383,Infiltrationsanästhesie — GOT-Nr. 284 — Dein Haustierportal,allgemeine GOT-Leistung ohne eindeutigen Tierartbezug
530,https://deinhaustierportal.de/de-de/tierarztkosten/285-leitungsanaesthesie-stauungsanaesthesie/,GOT-Einzelseite,350,noindex,nein,383,Leitungsanästhesie/Stauungsanästhesie — GOT-Nr. 285 — Dein Haustierportal,allgemeine GOT-Leistung ohne eindeutigen Tierartbezug
531,https://deinhaustierportal.de/de-de/tierarztkosten/286-intraartikulaere-anaesthesie/,GOT-Einzelseite,350,noindex,nein,384,Intraartikuläre Anästhesie — GOT-Nr. 286 — Dein Haustierportal,allgemeine GOT-Leistung ohne eindeutigen Tierartbezug
532,https://deinhaustierportal.de/de-de/tierarztkosten/292-neuraltherapie-lokal-gelosen-narben/,GOT-Einzelseite,350,noindex,nein,361,"Neuraltherapie lokal (Gelosen, Narben) — GOT-Nr. 292 — Dein Haustierportal",allgemeine GOT-Leistung ohne eindeutigen Tierartbezug
533,https://deinhaustierportal.de/de-de/tierarztkosten/293-neuraltherapie-segmental/,GOT-Einzelseite,350,noindex,nein,359,Neuraltherapie segmental — GOT-Nr. 293 — Dein Haustierportal,allgemeine GOT-Leistung ohne eindeutigen Tierartbezug
534,https://deinhaustierportal.de/de-de/tierarztkosten/294-neuraltherapie-stoerfelddiagnostik/,GOT-Einzelseite,350,noindex,nein,359,"Neuraltherapie, Störfelddiagnostik — GOT-Nr. 294 — Dein Haustierportal",allgemeine GOT-Leistung ohne eindeutigen Tierartbezug
535,https://deinhaustierportal.de/de-de/tierarztkosten/333-total-intravenoese-anaesthesie-tiva/,GOT-Einzelseite,350,noindex,nein,358,Total Intravenöse Anästhesie (TIVA) — GOT-Nr. 333 — Dein Haustierportal,allgemeine GOT-Leistung ohne eindeutigen Tierartbezug
536,https://deinhaustierportal.de/de-de/tierarztkosten/334-antagonisation/,GOT-Einzelseite,350,noindex,nein,355,Antagonisation — GOT-Nr. 334 — Dein Haustierportal,allgemeine GOT-Leistung ohne eindeutigen Tierartbezug
537,https://deinhaustierportal.de/de-de/tierarztkosten/344-intubation-endotracheale/,GOT-Einzelseite,350,noindex,nein,361,"Intubation, endotracheale — GOT-Nr. 344 — Dein Haustierportal",allgemeine GOT-Leistung ohne eindeutigen Tierartbezug
538,https://deinhaustierportal.de/de-de/tierarztkosten/346-sauerstoffverabreichung-via-maske-hut-nasalkatheter-o-ae-je/,GOT-Einzelseite,350,noindex,nein,384,"Sauerstoffverabreichung via Maske, Hut, Nasalkatheter o. ä., je angefangene 15 Minuten — GOT-Nr. 346 — Dein Haustierportal",allgemeine GOT-Leistung ohne eindeutigen Tierartbezug
539,https://deinhaustierportal.de/de-de/tierarztkosten/347-kuenstliche-beatmung-manuell-je-angefangene-15-minuten/,GOT-Einzelseite,350,noindex,nein,380,"Künstliche Beatmung manuell, je angefangene 15 Minuten — GOT-Nr. 347 — Dein Haustierportal",allgemeine GOT-Leistung ohne eindeutigen Tierartbezug
540,https://deinhaustierportal.de/de-de/tierarztkosten/348-kuenstliche-beatmung-maschinell-je-angefangene-stunde/,GOT-Einzelseite,350,noindex,nein,379,"Künstliche Beatmung maschinell, je angefangene Stunde — GOT-Nr. 348 — Dein Haustierportal",allgemeine GOT-Leistung ohne eindeutigen Tierartbezug
541,https://deinhaustierportal.de/de-de/tierarztkosten/349-monitoring-mit-bis-zu-zwei-parametern/,GOT-Einzelseite,350,noindex,nein,377,Monitoring mit bis zu zwei Parametern — GOT-Nr. 349 — Dein Haustierportal,allgemeine GOT-Leistung ohne eindeutigen Tierartbezug
542,https://deinhaustierportal.de/de-de/tierarztkosten/350-monitoring-mit-mehr-als-zwei-parametern/,GOT-Einzelseite,350,noindex,nein,377,Monitoring mit mehr als zwei Parametern — GOT-Nr. 350 — Dein Haustierportal,allgemeine GOT-Leistung ohne eindeutigen Tierartbezug
543,https://deinhaustierportal.de/de-de/tierarztkosten/351-ueberwachung-von-intensivpatienten-exklusive-der-tieraerztli/,GOT-Einzelseite,350,noindex,nein,380,"Überwachung von Intensivpatienten, exklusive der tierärztlichen Leistungen, pro Tag — GOT-Nr. 351 — Dein Haustierportal",allgemeine GOT-Leistung ohne eindeutigen Tierartbezug
544,https://deinhaustierportal.de/de-de/tierarztkosten/352-tracheotomie/,GOT-Einzelseite,350,noindex,nein,358,Tracheotomie — GOT-Nr. 352 — Dein Haustierportal,allgemeine GOT-Leistung ohne eindeutigen Tierartbezug
545,https://deinhaustierportal.de/de-de/tierarztkosten/353-elektrodefibrillation/,GOT-Einzelseite,350,noindex,nein,358,Elektrodefibrillation — GOT-Nr. 353 — Dein Haustierportal,allgemeine GOT-Leistung ohne eindeutigen Tierartbezug
546,https://deinhaustierportal.de/de-de/tierarztkosten/354-kardiopulmonale-reanimation-je-angefangene-15-minuten/,GOT-Einzelseite,350,noindex,nein,363,"Kardiopulmonale Reanimation, je angefangene 15 Minuten — GOT-Nr. 354 — Dein Haustierportal",allgemeine GOT-Leistung ohne eindeutigen Tierartbezug
547,https://deinhaustierportal.de/de-de/tierarztkosten/355-eingehende-untersuchung-des-aeusseren-genitale/,GOT-Einzelseite,350,noindex,nein,397,Eingehende Untersuchung des äußeren Genitale — GOT-Nr. 355 — Dein Haustierportal,allgemeine GOT-Leistung ohne eindeutigen Tierartbezug
548,https://deinhaustierportal.de/de-de/tierarztkosten/357-spermaentnahme/,GOT-Einzelseite,350,noindex,nein,393,Spermaentnahme — GOT-Nr. 357 — Dein Haustierportal,allgemeine GOT-Leistung ohne eindeutigen Tierartbezug
549,https://deinhaustierportal.de/de-de/tierarztkosten/359-rektale-untersuchung/,GOT-Einzelseite,350,noindex,nein,394,Rektale Untersuchung — GOT-Nr. 359 — Dein Haustierportal,allgemeine GOT-Leistung ohne eindeutigen Tierartbezug
550,https://deinhaustierportal.de/de-de/tierarztkosten/361-rektale-untersuchung-nicht-domestizierte-tiere/,GOT-Einzelseite,350,noindex,nein,397,"Rektale Untersuchung, nicht domestizierte Tiere — GOT-Nr. 361 — Dein Haustierportal",allgemeine GOT-Leistung ohne eindeutigen Tierartbezug
551,https://deinhaustierportal.de/de-de/tierarztkosten/362-praeputialbehandlung/,GOT-Einzelseite,350,noindex,nein,367,Präputialbehandlung — GOT-Nr. 362 — Dein Haustierportal,allgemeine GOT-Leistung ohne eindeutigen Tierartbezug
552,https://deinhaustierportal.de/de-de/tierarztkosten/364-penisreposition/,GOT-Einzelseite,350,noindex,nein,367,Penisreposition — GOT-Nr. 364 — Dein Haustierportal,allgemeine GOT-Leistung ohne eindeutigen Tierartbezug
553,https://deinhaustierportal.de/de-de/tierarztkosten/382-operation-eines-inguinalen-kryptorchismus-ruede/,GOT-Einzelseite,350,noindex,nein,405,Operation eines inguinalen Kryptorchismus Rüde — GOT-Nr. 382 — Dein Haustierportal,allgemeine GOT-Leistung ohne eindeutigen Tierartbezug
554,https://deinhaustierportal.de/de-de/tierarztkosten/383-operation-eines-inguinalen-kryptorchismus-kater/,GOT-Einzelseite,350,noindex,nein,405,Operation eines inguinalen Kryptorchismus Kater — GOT-Nr. 383 — Dein Haustierportal,allgemeine GOT-Leistung ohne eindeutigen Tierartbezug
555,https://deinhaustierportal.de/de-de/tierarztkosten/385-operation-eines-abdominalen-kryptorchismus-ruede/,GOT-Einzelseite,350,noindex,nein,405,Operation eines abdominalen Kryptorchismus Rüde — GOT-Nr. 385 — Dein Haustierportal,allgemeine GOT-Leistung ohne eindeutigen Tierartbezug
556,https://deinhaustierportal.de/de-de/tierarztkosten/386-operation-eines-abdominalen-kryptorchismus-kater/,GOT-Einzelseite,350,noindex,nein,405,Operation eines abdominalen Kryptorchismus Kater — GOT-Nr. 386 — Dein Haustierportal,allgemeine GOT-Leistung ohne eindeutigen Tierartbezug
557,https://deinhaustierportal.de/de-de/tierarztkosten/388-samenstrangfistel-operation-hengst/,GOT-Einzelseite,350,noindex,nein,371,Samenstrangfistel-Operation Hengst — GOT-Nr. 388 — Dein Haustierportal,allgemeine GOT-Leistung ohne eindeutigen Tierartbezug
558,https://deinhaustierportal.de/de-de/tierarztkosten/389-phimoseoperation/,GOT-Einzelseite,350,noindex,nein,370,Phimoseoperation — GOT-Nr. 389 — Dein Haustierportal,allgemeine GOT-Leistung ohne eindeutigen Tierartbezug
559,https://deinhaustierportal.de/de-de/tierarztkosten/390-penisamputation/,GOT-Einzelseite,350,noindex,nein,370,Penisamputation — GOT-Nr. 390 — Dein Haustierportal,allgemeine GOT-Leistung ohne eindeutigen Tierartbezug
560,https://deinhaustierportal.de/de-de/tierarztkosten/391-penisamputation-hengst/,GOT-Einzelseite,350,noindex,nein,371,Penisamputation Hengst — GOT-Nr. 391 — Dein Haustierportal,allgemeine GOT-Leistung ohne eindeutigen Tierartbezug
561,https://deinhaustierportal.de/de-de/tierarztkosten/392-penisamputation-reptilien-amphibien/,GOT-Einzelseite,350,noindex,nein,372,"Penisamputation Reptilien, Amphibien — GOT-Nr. 392 — Dein Haustierportal",allgemeine GOT-Leistung ohne eindeutigen Tierartbezug
562,https://deinhaustierportal.de/de-de/tierarztkosten/393-prostata-abszess-operation/,GOT-Einzelseite,350,noindex,nein,371,"Prostata-Abszess, Operation — GOT-Nr. 393 — Dein Haustierportal",allgemeine GOT-Leistung ohne eindeutigen Tierartbezug
563,https://deinhaustierportal.de/de-de/tierarztkosten/396-tesabandabklatsch-entnahme-und-beurteilung/,GOT-Einzelseite,350,noindex,nein,375,Tesabandabklatsch: Entnahme und Beurteilung — GOT-Nr. 396 — Dein Haustierportal,allgemeine GOT-Leistung ohne eindeutigen Tierartbezug
564,https://deinhaustierportal.de/de-de/tierarztkosten/397-trichogramm-entnahme-und-beurteilung/,GOT-Einzelseite,350,noindex,nein,375,Trichogramm: Entnahme und Beurteilung — GOT-Nr. 397 — Dein Haustierportal,allgemeine GOT-Leistung ohne eindeutigen Tierartbezug
565,https://deinhaustierportal.de/de-de/tierarztkosten/399-aufbereitung-und-zytologische-beurteilung-von-biopsiemateria/,GOT-Einzelseite,350,noindex,nein,377,Aufbereitung und zytologische Beurteilung von Biopsiematerial — GOT-Nr. 399 — Dein Haustierportal,allgemeine GOT-Leistung ohne eindeutigen Tierartbezug
566,https://deinhaustierportal.de/de-de/tierarztkosten/400-probenentnahme-bebruetung-und-beurteilung-mykologischer-kult/,GOT-Einzelseite,350,noindex,nein,363,"Probenentnahme, Bebrütung und Beurteilung mykologischer Kulturen — GOT-Nr. 400 — Dein Haustierportal",allgemeine GOT-Leistung ohne eindeutigen Tierartbezug
567,https://deinhaustierportal.de/de-de/tierarztkosten/401-wood-sche-lampe-anwenden/,GOT-Einzelseite,350,noindex,nein,360,Wood´sche Lampe anwenden — GOT-Nr. 401 — Dein Haustierportal,allgemeine GOT-Leistung ohne eindeutigen Tierartbezug
568,https://deinhaustierportal.de/de-de/tierarztkosten/404-zecke-n-entfernen/,GOT-Einzelseite,350,noindex,nein,366,Zecke(n) entfernen — GOT-Nr. 404 — Dein Haustierportal,allgemeine GOT-Leistung ohne eindeutigen Tierartbezug
569,https://deinhaustierportal.de/de-de/tierarztkosten/405-haare-entfilzen-oder-scheren-kleinflaechig/,GOT-Einzelseite,350,noindex,nein,369,"Haare entfilzen oder scheren, kleinflächig — GOT-Nr. 405 — Dein Haustierportal",allgemeine GOT-Leistung ohne eindeutigen Tierartbezug
570,https://deinhaustierportal.de/de-de/tierarztkosten/406-haare-entfilzen-oder-scheren-grossflaechig/,GOT-Einzelseite,350,noindex,nein,369,"Haare entfilzen oder scheren, großflächig — GOT-Nr. 406 — Dein Haustierportal",allgemeine GOT-Leistung ohne eindeutigen Tierartbezug
571,https://deinhaustierportal.de/de-de/tierarztkosten/407-abszessspaltung/,GOT-Einzelseite,350,noindex,nein,380,Abszessspaltung — GOT-Nr. 407 — Dein Haustierportal,allgemeine GOT-Leistung ohne eindeutigen Tierartbezug
572,https://deinhaustierportal.de/de-de/tierarztkosten/409-fisteloperation/,GOT-Einzelseite,350,noindex,nein,380,Fisteloperation — GOT-Nr. 409 — Dein Haustierportal,allgemeine GOT-Leistung ohne eindeutigen Tierartbezug
573,https://deinhaustierportal.de/de-de/tierarztkosten/411-chirurgische-entfernung-einer-warze-z-b-papillom/,GOT-Einzelseite,350,noindex,nein,386,"Chirurgische Entfernung einer Warze, z. B. Papillom — GOT-Nr. 411 — Dein Haustierportal",allgemeine GOT-Leistung ohne eindeutigen Tierartbezug
574,https://deinhaustierportal.de/de-de/tierarztkosten/412-tumor-operation/,GOT-Einzelseite,350,noindex,nein,380,Tumor-Operation — GOT-Nr. 412 — Dein Haustierportal,allgemeine GOT-Leistung ohne eindeutigen Tierartbezug
575,https://deinhaustierportal.de/de-de/tierarztkosten/414-umfangreiche-onkologische-operationen/,GOT-Einzelseite,350,noindex,nein,383,Umfangreiche onkologische Operationen — GOT-Nr. 414 — Dein Haustierportal,allgemeine GOT-Leistung ohne eindeutigen Tierartbezug
576,https://deinhaustierportal.de/de-de/tierarztkosten/417-wundspuelung/,GOT-Einzelseite,350,noindex,nein,376,Wundspülung — GOT-Nr. 417 — Dein Haustierportal,allgemeine GOT-Leistung ohne eindeutigen Tierartbezug
577,https://deinhaustierportal.de/de-de/tierarztkosten/418-wundtoilette/,GOT-Einzelseite,350,noindex,nein,376,Wundtoilette — GOT-Nr. 418 — Dein Haustierportal,allgemeine GOT-Leistung ohne eindeutigen Tierartbezug
578,https://deinhaustierportal.de/de-de/tierarztkosten/419-wundtoilette-aufwaendig-drainage/,GOT-Einzelseite,350,noindex,nein,377,Wundtoilette aufwändig/Drainage — GOT-Nr. 419 — Dein Haustierportal,allgemeine GOT-Leistung ohne eindeutigen Tierartbezug
579,https://deinhaustierportal.de/de-de/tierarztkosten/420-wundverschluss/,GOT-Einzelseite,350,noindex,nein,376,Wundverschluss — GOT-Nr. 420 — Dein Haustierportal,allgemeine GOT-Leistung ohne eindeutigen Tierartbezug
580,https://deinhaustierportal.de/de-de/tierarztkosten/422-faeden-ziehen-klammern-entfernen/,GOT-Einzelseite,350,noindex,nein,379,"Fäden ziehen, Klammern entfernen — GOT-Nr. 422 — Dein Haustierportal",allgemeine GOT-Leistung ohne eindeutigen Tierartbezug
581,https://deinhaustierportal.de/de-de/tierarztkosten/423-drainage-ziehen/,GOT-Einzelseite,350,noindex,nein,377,Drainage ziehen — GOT-Nr. 423 — Dein Haustierportal,allgemeine GOT-Leistung ohne eindeutigen Tierartbezug
582,https://deinhaustierportal.de/de-de/tierarztkosten/427-krallen-kuerzen/,GOT-Einzelseite,350,noindex,nein,382,Krallen kürzen — GOT-Nr. 427 — Dein Haustierportal,allgemeine GOT-Leistung ohne eindeutigen Tierartbezug
583,https://deinhaustierportal.de/de-de/tierarztkosten/428-krallen-kuerzen-grosspsittaciden/,GOT-Einzelseite,350,noindex,nein,383,"Krallen kürzen, Großpsittaciden — GOT-Nr. 428 — Dein Haustierportal",allgemeine GOT-Leistung ohne eindeutigen Tierartbezug
584,https://deinhaustierportal.de/de-de/tierarztkosten/429-entfernung-einer-krallentuete/,GOT-Einzelseite,350,noindex,nein,383,Entfernung einer Krallentüte — GOT-Nr. 429 — Dein Haustierportal,allgemeine GOT-Leistung ohne eindeutigen Tierartbezug
585,https://deinhaustierportal.de/de-de/tierarztkosten/432-schnabel-kuerzen/,GOT-Einzelseite,350,noindex,nein,382,Schnabel kürzen — GOT-Nr. 432 — Dein Haustierportal,allgemeine GOT-Leistung ohne eindeutigen Tierartbezug
586,https://deinhaustierportal.de/de-de/tierarztkosten/433-schnabel-einschleifen/,GOT-Einzelseite,350,noindex,nein,382,Schnabel einschleifen — GOT-Nr. 433 — Dein Haustierportal,allgemeine GOT-Leistung ohne eindeutigen Tierartbezug
587,https://deinhaustierportal.de/de-de/tierarztkosten/434-eingehende-klinische-untersuchung-einzelner-organe/,GOT-Einzelseite,350,noindex,nein,401,Eingehende klinische Untersuchung einzelner Organe — GOT-Nr. 434 — Dein Haustierportal,allgemeine GOT-Leistung ohne eindeutigen Tierartbezug
588,https://deinhaustierportal.de/de-de/tierarztkosten/438-rektale-untersuchung/,GOT-Einzelseite,350,noindex,nein,398,Rektale Untersuchung — GOT-Nr. 438 — Dein Haustierportal,allgemeine GOT-Leistung ohne eindeutigen Tierartbezug
589,https://deinhaustierportal.de/de-de/tierarztkosten/440-rektale-untersuchung-nicht-domestizierte-tiere/,GOT-Einzelseite,350,noindex,nein,401,"Rektale Untersuchung, nicht domestizierte Tiere — GOT-Nr. 440 — Dein Haustierportal",allgemeine GOT-Leistung ohne eindeutigen Tierartbezug
590,https://deinhaustierportal.de/de-de/tierarztkosten/441-pansensaftentnahme/,GOT-Einzelseite,350,noindex,nein,393,Pansensaftentnahme — GOT-Nr. 441 — Dein Haustierportal,allgemeine GOT-Leistung ohne eindeutigen Tierartbezug
591,https://deinhaustierportal.de/de-de/tierarztkosten/447-fremdkoerper-entfernung-aus-dem-oesophagus-oral/,GOT-Einzelseite,350,noindex,nein,409,"Fremdkörper-Entfernung aus dem Ösophagus, oral — GOT-Nr. 447 — Dein Haustierportal",allgemeine GOT-Leistung ohne eindeutigen Tierartbezug
592,https://deinhaustierportal.de/de-de/tierarztkosten/451-manuelle-entleerung-des-enddarms-z-b-bei-rektumdivertikel/,GOT-Einzelseite,350,noindex,nein,412,Manuelle Entleerung des Enddarms (z. B. bei Rektumdivertikel) — GOT-Nr. 451 — Dein Haustierportal,allgemeine GOT-Leistung ohne eindeutigen Tierartbezug
593,https://deinhaustierportal.de/de-de/tierarztkosten/453-darmeinlauf-koprostase-behandeln/,GOT-Einzelseite,350,noindex,nein,402,"Darmeinlauf, Koprostase behandeln — GOT-Nr. 453 — Dein Haustierportal",allgemeine GOT-Leistung ohne eindeutigen Tierartbezug
594,https://deinhaustierportal.de/de-de/tierarztkosten/455-analbeutelbehandlung-manuelle-entleerung-je-seite/,GOT-Einzelseite,350,noindex,nein,406,"Analbeutelbehandlung, manuelle Entleerung, je Seite — GOT-Nr. 455 — Dein Haustierportal",allgemeine GOT-Leistung ohne eindeutigen Tierartbezug
595,https://deinhaustierportal.de/de-de/tierarztkosten/456-analbeutelbehandlung-spuelung-je-seite/,GOT-Einzelseite,350,noindex,nein,404,"Analbeutelbehandlung, Spülung, je Seite — GOT-Nr. 456 — Dein Haustierportal",allgemeine GOT-Leistung ohne eindeutigen Tierartbezug
596,https://deinhaustierportal.de/de-de/tierarztkosten/457-legen-einer-gastrointestinalen-sonde-mit-chirurgischem-zugan/,GOT-Einzelseite,350,noindex,nein,412,Legen einer gastrointestinalen Sonde mit chirurgischem Zugang (Inzision und Legen) — GOT-Nr. 457 — Dein Haustierportal,allgemeine GOT-Leistung ohne eindeutigen Tierartbezug
597,https://deinhaustierportal.de/de-de/tierarztkosten/458-laparotomie-oder-zoeliotomie-diagnostisch/,GOT-Einzelseite,350,noindex,nein,406,"Laparotomie oder Zoeliotomie, diagnostisch — GOT-Nr. 458 — Dein Haustierportal",allgemeine GOT-Leistung ohne eindeutigen Tierartbezug
598,https://deinhaustierportal.de/de-de/tierarztkosten/463-biopsieentnahme-am-magen-darm-trakt-einschliesslich-vollschi/,GOT-Einzelseite,350,noindex,nein,416,"Biopsieentnahme am Magen-Darm-Trakt einschließlich Vollschichtbiopsie bei einer Laparotomie, je Probe — GOT-Nr. 463 — Dein Haustierportal",allgemeine GOT-Leistung ohne eindeutigen Tierartbezug
599,https://deinhaustierportal.de/de-de/tierarztkosten/464-operation-am-oesophagus/,GOT-Einzelseite,350,noindex,nein,367,Operation am Ösophagus — GOT-Nr. 464 — Dein Haustierportal,allgemeine GOT-Leistung ohne eindeutigen Tierartbezug
600,https://deinhaustierportal.de/de-de/tierarztkosten/465-operation-am-oesophagus-mit-thoraxoeffnung/,GOT-Einzelseite,350,noindex,nein,369,Operation am Ösophagus mit Thoraxöffnung — GOT-Nr. 465 — Dein Haustierportal,allgemeine GOT-Leistung ohne eindeutigen Tierartbezug
601,https://deinhaustierportal.de/de-de/tierarztkosten/467-trokarieren/,GOT-Einzelseite,350,noindex,nein,363,Trokarieren — GOT-Nr. 467 — Dein Haustierportal,allgemeine GOT-Leistung ohne eindeutigen Tierartbezug
602,https://deinhaustierportal.de/de-de/tierarztkosten/468-gastrotomie/,GOT-Einzelseite,350,noindex,nein,363,Gastrotomie — GOT-Nr. 468 — Dein Haustierportal,allgemeine GOT-Leistung ohne eindeutigen Tierartbezug
603,https://deinhaustierportal.de/de-de/tierarztkosten/469-magenresektion-partielle/,GOT-Einzelseite,350,noindex,nein,364,"Magenresektion, partielle — GOT-Nr. 469 — Dein Haustierportal",allgemeine GOT-Leistung ohne eindeutigen Tierartbezug
604,https://deinhaustierportal.de/de-de/tierarztkosten/471-anlegen-einer-pansenfistel/,GOT-Einzelseite,350,noindex,nein,380,Anlegen einer Pansenfistel — GOT-Nr. 471 — Dein Haustierportal,allgemeine GOT-Leistung ohne eindeutigen Tierartbezug
605,https://deinhaustierportal.de/de-de/tierarztkosten/472-pansen-fremdkoerper-op/,GOT-Einzelseite,350,noindex,nein,379,"Pansen, Fremdkörper-OP — GOT-Nr. 472 — Dein Haustierportal",allgemeine GOT-Leistung ohne eindeutigen Tierartbezug
606,https://deinhaustierportal.de/de-de/tierarztkosten/473-labmagenreposition-waelzen-ohne-transkutane-fixation/,GOT-Einzelseite,350,noindex,nein,382,"Labmagenreposition, Wälzen ohne transkutane Fixation — GOT-Nr. 473 — Dein Haustierportal",allgemeine GOT-Leistung ohne eindeutigen Tierartbezug
607,https://deinhaustierportal.de/de-de/tierarztkosten/474-labmagenreposition-waelzen-mit-transkutaner-fixation/,GOT-Einzelseite,350,noindex,nein,382,"Labmagenreposition, Wälzen mit transkutaner Fixation — GOT-Nr. 474 — Dein Haustierportal",allgemeine GOT-Leistung ohne eindeutigen Tierartbezug
608,https://deinhaustierportal.de/de-de/tierarztkosten/476-labmagenoperation/,GOT-Einzelseite,350,noindex,nein,378,Labmagenoperation — GOT-Nr. 476 — Dein Haustierportal,allgemeine GOT-Leistung ohne eindeutigen Tierartbezug
609,https://deinhaustierportal.de/de-de/tierarztkosten/478-enterotomie/,GOT-Einzelseite,350,noindex,nein,389,Enterotomie — GOT-Nr. 478 — Dein Haustierportal,allgemeine GOT-Leistung ohne eindeutigen Tierartbezug
610,https://deinhaustierportal.de/de-de/tierarztkosten/480-darmresektion/,GOT-Einzelseite,350,noindex,nein,389,Darmresektion — GOT-Nr. 480 — Dein Haustierportal,allgemeine GOT-Leistung ohne eindeutigen Tierartbezug
611,https://deinhaustierportal.de/de-de/tierarztkosten/482-torsionsoperation-darm/,GOT-Einzelseite,350,noindex,nein,390,Torsionsoperation Darm — GOT-Nr. 482 — Dein Haustierportal,allgemeine GOT-Leistung ohne eindeutigen Tierartbezug
612,https://deinhaustierportal.de/de-de/tierarztkosten/486-rektumdivertikel-operation/,GOT-Einzelseite,350,noindex,nein,385,Rektumdivertikel-Operation — GOT-Nr. 486 — Dein Haustierportal,allgemeine GOT-Leistung ohne eindeutigen Tierartbezug
613,https://deinhaustierportal.de/de-de/tierarztkosten/487-rektumprolaps/,GOT-Einzelseite,350,noindex,nein,385,Rektumprolaps — GOT-Nr. 487 — Dein Haustierportal,allgemeine GOT-Leistung ohne eindeutigen Tierartbezug
614,https://deinhaustierportal.de/de-de/tierarztkosten/489-rektumprolaps-operation-mit-rektopexie/,GOT-Einzelseite,350,noindex,nein,389,Rektumprolaps-Operation mit Rektopexie — GOT-Nr. 489 — Dein Haustierportal,allgemeine GOT-Leistung ohne eindeutigen Tierartbezug
615,https://deinhaustierportal.de/de-de/tierarztkosten/490-kloakenvorfall-operation/,GOT-Einzelseite,350,noindex,nein,385,Kloakenvorfall-Operation — GOT-Nr. 490 — Dein Haustierportal,allgemeine GOT-Leistung ohne eindeutigen Tierartbezug
616,https://deinhaustierportal.de/de-de/tierarztkosten/492-analbeutelexstirpation-je-seite/,GOT-Einzelseite,350,noindex,nein,389,"Analbeutelexstirpation, je Seite — GOT-Nr. 492 — Dein Haustierportal",allgemeine GOT-Leistung ohne eindeutigen Tierartbezug
617,https://deinhaustierportal.de/de-de/tierarztkosten/493-zwerchfellriss/,GOT-Einzelseite,350,noindex,nein,375,Zwerchfellriss — GOT-Nr. 493 — Dein Haustierportal,allgemeine GOT-Leistung ohne eindeutigen Tierartbezug
618,https://deinhaustierportal.de/de-de/tierarztkosten/494-umbilikalhernie/,GOT-Einzelseite,350,noindex,nein,375,Umbilikalhernie — GOT-Nr. 494 — Dein Haustierportal,allgemeine GOT-Leistung ohne eindeutigen Tierartbezug
619,https://deinhaustierportal.de/de-de/tierarztkosten/499-inguinalhernie/,GOT-Einzelseite,350,noindex,nein,375,Inguinalhernie — GOT-Nr. 499 — Dein Haustierportal,allgemeine GOT-Leistung ohne eindeutigen Tierartbezug
620,https://deinhaustierportal.de/de-de/tierarztkosten/502-perinealhernie-je-seite/,GOT-Einzelseite,350,noindex,nein,379,"Perinealhernie, je Seite — GOT-Nr. 502 — Dein Haustierportal",allgemeine GOT-Leistung ohne eindeutigen Tierartbezug
621,https://deinhaustierportal.de/de-de/tierarztkosten/503-milzexstirpation/,GOT-Einzelseite,350,noindex,nein,359,Milzexstirpation — GOT-Nr. 503 — Dein Haustierportal,allgemeine GOT-Leistung ohne eindeutigen Tierartbezug
622,https://deinhaustierportal.de/de-de/tierarztkosten/504-gallenblasenoperation/,GOT-Einzelseite,350,noindex,nein,359,Gallenblasenoperation — GOT-Nr. 504 — Dein Haustierportal,allgemeine GOT-Leistung ohne eindeutigen Tierartbezug
623,https://deinhaustierportal.de/de-de/tierarztkosten/505-leberlappenresektion/,GOT-Einzelseite,350,noindex,nein,359,Leberlappenresektion — GOT-Nr. 505 — Dein Haustierportal,allgemeine GOT-Leistung ohne eindeutigen Tierartbezug
624,https://deinhaustierportal.de/de-de/tierarztkosten/506-pankreasresektion-partielle/,GOT-Einzelseite,350,noindex,nein,360,"Pankreasresektion, partielle — GOT-Nr. 506 — Dein Haustierportal",allgemeine GOT-Leistung ohne eindeutigen Tierartbezug
625,https://deinhaustierportal.de/de-de/tierarztkosten/507-eingehende-untersuchung-des-aeusseren-genitales/,GOT-Einzelseite,350,noindex,nein,391,Eingehende Untersuchung des äußeren Genitales — GOT-Nr. 507 — Dein Haustierportal,allgemeine GOT-Leistung ohne eindeutigen Tierartbezug
626,https://deinhaustierportal.de/de-de/tierarztkosten/508-scheidenuntersuchung-manuell/,GOT-Einzelseite,350,noindex,nein,388,"Scheidenuntersuchung, manuell — GOT-Nr. 508 — Dein Haustierportal",allgemeine GOT-Leistung ohne eindeutigen Tierartbezug
627,https://deinhaustierportal.de/de-de/tierarztkosten/510-scheidenspiegelung/,GOT-Einzelseite,350,noindex,nein,387,Scheidenspiegelung — GOT-Nr. 510 — Dein Haustierportal,allgemeine GOT-Leistung ohne eindeutigen Tierartbezug
628,https://deinhaustierportal.de/de-de/tierarztkosten/512-rektale-untersuchung/,GOT-Einzelseite,350,noindex,nein,388,Rektale Untersuchung — GOT-Nr. 512 — Dein Haustierportal,allgemeine GOT-Leistung ohne eindeutigen Tierartbezug
629,https://deinhaustierportal.de/de-de/tierarztkosten/514-rektale-untersuchung-nicht-domestizierte-tiere/,GOT-Einzelseite,350,noindex,nein,391,"Rektale Untersuchung, nicht domestizierte Tiere — GOT-Nr. 514 — Dein Haustierportal",allgemeine GOT-Leistung ohne eindeutigen Tierartbezug
630,https://deinhaustierportal.de/de-de/tierarztkosten/523-probenentnahme-scheide-zervix-uterus/,GOT-Einzelseite,350,noindex,nein,389,"Probenentnahme (Scheide, Zervix, Uterus) — GOT-Nr. 523 — Dein Haustierportal",allgemeine GOT-Leistung ohne eindeutigen Tierartbezug
631,https://deinhaustierportal.de/de-de/tierarztkosten/524-scheiden-gebaermutterspuelung/,GOT-Einzelseite,350,noindex,nein,355,Scheiden-/Gebärmutterspülung — GOT-Nr. 524 — Dein Haustierportal,allgemeine GOT-Leistung ohne eindeutigen Tierartbezug
632,https://deinhaustierportal.de/de-de/tierarztkosten/526-instrumentelle-samenuebertragung-bei-einzeltieren-stute/,GOT-Einzelseite,350,noindex,nein,408,"Instrumentelle Samenübertragung bei Einzeltieren, Stute — GOT-Nr. 526 — Dein Haustierportal",allgemeine GOT-Leistung ohne eindeutigen Tierartbezug
633,https://deinhaustierportal.de/de-de/tierarztkosten/527-instrumentelle-samenuebertragung-bei-einzeltieren-kuh/,GOT-Einzelseite,350,noindex,nein,408,"Instrumentelle Samenübertragung bei Einzeltieren, Kuh — GOT-Nr. 527 — Dein Haustierportal",allgemeine GOT-Leistung ohne eindeutigen Tierartbezug
634,https://deinhaustierportal.de/de-de/tierarztkosten/529-instrumentelle-samenuebertragung-bei-einzeltieren-sau/,GOT-Einzelseite,350,noindex,nein,408,"Instrumentelle Samenübertragung bei Einzeltieren, Sau — GOT-Nr. 529 — Dein Haustierportal",allgemeine GOT-Leistung ohne eindeutigen Tierartbezug
635,https://deinhaustierportal.de/de-de/tierarztkosten/532-instrumentelle-samenuebertragung-bei-einzeltieren-pelztier-z/,GOT-Einzelseite,350,noindex,nein,411,"Instrumentelle Samenübertragung bei Einzeltieren, Pelztier, Zucht- und Mastkaninchen — GOT-Nr. 532 — Dein Haustierportal",allgemeine GOT-Leistung ohne eindeutigen Tierartbezug
636,https://deinhaustierportal.de/de-de/tierarztkosten/534-embryotransfer-untersuchung-des-spendertieres-und-erstellung/,GOT-Einzelseite,350,noindex,nein,416,"Embryotransfer, Untersuchung des Spendertieres und Erstellung eines Superovulationsplanes — GOT-Nr. 534 — Dein Haustierportal",allgemeine GOT-Leistung ohne eindeutigen Tierartbezug
637,https://deinhaustierportal.de/de-de/tierarztkosten/535-embryotransfer-auswahl-und-synchronisation-der-empfaengertie/,GOT-Einzelseite,350,noindex,nein,414,"Embryotransfer, Auswahl und Synchronisation der Empfängertiere — GOT-Nr. 535 — Dein Haustierportal",allgemeine GOT-Leistung ohne eindeutigen Tierartbezug
638,https://deinhaustierportal.de/de-de/tierarztkosten/536-embryotransfer-spuelung-des-spendertieres-normale-spuelung/,GOT-Einzelseite,350,noindex,nein,414,"Embryotransfer, Spülung des Spendertieres, normale Spülung — GOT-Nr. 536 — Dein Haustierportal",allgemeine GOT-Leistung ohne eindeutigen Tierartbezug
639,https://deinhaustierportal.de/de-de/tierarztkosten/537-embryotransfer-spuelung-des-spendertieres-single-spuelung/,GOT-Einzelseite,350,noindex,nein,414,"Embryotransfer, Spülung des Spendertieres, Single Spülung — GOT-Nr. 537 — Dein Haustierportal",allgemeine GOT-Leistung ohne eindeutigen Tierartbezug
640,https://deinhaustierportal.de/de-de/tierarztkosten/538-in-vitro-fertilisation-und-maturationembryotransfer-spuelung/,GOT-Einzelseite,350,noindex,nein,423,"In-Vitro-Fertilisation und MaturationEmbryotransfer, Spülung des Spendertieres, Oozytengewinnung via Ovum Pick Up, — GOT-Nr. 538 — Dein Haustierportal",allgemeine GOT-Leistung ohne eindeutigen Tierartbezug
641,https://deinhaustierportal.de/de-de/tierarztkosten/539-embryotransfer-embryonensuche-und-beurteilung-normal/,GOT-Einzelseite,350,noindex,nein,413,"Embryotransfer, Embryonensuche und -beurteilung, normal — GOT-Nr. 539 — Dein Haustierportal",allgemeine GOT-Leistung ohne eindeutigen Tierartbezug
642,https://deinhaustierportal.de/de-de/tierarztkosten/540-embryotransfer-embryonensuche-und-beurteilung-single/,GOT-Einzelseite,350,noindex,nein,413,"Embryotransfer, Embryonensuche und -beurteilung, Single — GOT-Nr. 540 — Dein Haustierportal",allgemeine GOT-Leistung ohne eindeutigen Tierartbezug
643,https://deinhaustierportal.de/de-de/tierarztkosten/541-embryotransfer-embryonenuebertragung-frisch-transzervikal-je/,GOT-Einzelseite,350,noindex,nein,415,"Embryotransfer, Embryonenübertragung (frisch), transzervikal, je Tier — GOT-Nr. 541 — Dein Haustierportal",allgemeine GOT-Leistung ohne eindeutigen Tierartbezug
644,https://deinhaustierportal.de/de-de/tierarztkosten/542-embryotransfer-embryonenuebertragung-frisch-laparoskopisch-j/,GOT-Einzelseite,350,noindex,nein,415,"Embryotransfer, Embryonenübertragung (frisch), laparoskopisch, je Tier — GOT-Nr. 542 — Dein Haustierportal",allgemeine GOT-Leistung ohne eindeutigen Tierartbezug
645,https://deinhaustierportal.de/de-de/tierarztkosten/543-embryotransfer-tiefgefrieren-von-embryonen-multistep/,GOT-Einzelseite,350,noindex,nein,413,"Embryotransfer, Tiefgefrieren von Embryonen, multistep — GOT-Nr. 543 — Dein Haustierportal",allgemeine GOT-Leistung ohne eindeutigen Tierartbezug
646,https://deinhaustierportal.de/de-de/tierarztkosten/544-embryotransfer-tiefgefrieren-von-embryonen-one-step-ein-embr/,GOT-Einzelseite,350,noindex,nein,417,"Embryotransfer, Tiefgefrieren von Embryonen, one-step, ein Embryo — GOT-Nr. 544 — Dein Haustierportal",allgemeine GOT-Leistung ohne eindeutigen Tierartbezug
647,https://deinhaustierportal.de/de-de/tierarztkosten/545-embryotransfer-tiefgefrieren-von-embryonen-one-step-ab-dem-z/,GOT-Einzelseite,350,noindex,nein,425,"Embryotransfer, Tiefgefrieren von Embryonen, one-step, ab dem zweiten Embryo, je Embryo — GOT-Nr. 545 — Dein Haustierportal",allgemeine GOT-Leistung ohne eindeutigen Tierartbezug
648,https://deinhaustierportal.de/de-de/tierarztkosten/546-embryotransfer-auftauen-von-tiefgefrierembryonen-und-uebertr/,GOT-Einzelseite,350,noindex,nein,421,"Embryotransfer, Auftauen von Tiefgefrierembryonen und Übertragung, multistep, ein Embryo — GOT-Nr. 546 — Dein Haustierportal",allgemeine GOT-Leistung ohne eindeutigen Tierartbezug
649,https://deinhaustierportal.de/de-de/tierarztkosten/547-embryotransfer-auftauen-von-tiefgefrierembryonen-und-uebertr/,GOT-Einzelseite,350,noindex,nein,433,"Embryotransfer, Auftauen von Tiefgefrierembryonen und Übertragung, multistep, ab dem zweiten Embryo, je Embryo — GOT-Nr. 547 — Dein Haustierportal",allgemeine GOT-Leistung ohne eindeutigen Tierartbezug
650,https://deinhaustierportal.de/de-de/tierarztkosten/548-embryotransfer-auftauen-von-tiefgefrierembryonen-und-uebertr/,GOT-Einzelseite,350,noindex,nein,421,"Embryotransfer, Auftauen von Tiefgefrierembryonen und Übertragung, one-step, ein Embryo — GOT-Nr. 548 — Dein Haustierportal",allgemeine GOT-Leistung ohne eindeutigen Tierartbezug
651,https://deinhaustierportal.de/de-de/tierarztkosten/549-embryotransfer-auftauen-von-tiefgefrierembryonen-und-uebertr/,GOT-Einzelseite,350,noindex,nein,433,"Embryotransfer, Auftauen von Tiefgefrierembryonen und Übertragung, one-step, ab dem zweiten Embryo, je Embryo — GOT-Nr. 549 — Dein Haustierportal",allgemeine GOT-Leistung ohne eindeutigen Tierartbezug
652,https://deinhaustierportal.de/de-de/tierarztkosten/557-geburtshilfe-kuh/,GOT-Einzelseite,350,noindex,nein,402,Geburtshilfe Kuh — GOT-Nr. 557 — Dein Haustierportal,allgemeine GOT-Leistung ohne eindeutigen Tierartbezug
653,https://deinhaustierportal.de/de-de/tierarztkosten/559-legenot-beseitigen-konservativ/,GOT-Einzelseite,350,noindex,nein,404,"Legenot beseitigen, konservativ — GOT-Nr. 559 — Dein Haustierportal",allgemeine GOT-Leistung ohne eindeutigen Tierartbezug
654,https://deinhaustierportal.de/de-de/tierarztkosten/561-nachgeburtsabloesung/,GOT-Einzelseite,350,noindex,nein,400,Nachgeburtsablösung — GOT-Nr. 561 — Dein Haustierportal,allgemeine GOT-Leistung ohne eindeutigen Tierartbezug
655,https://deinhaustierportal.de/de-de/tierarztkosten/564-gebaermuttervorfall-reposition/,GOT-Einzelseite,350,noindex,nein,402,"Gebärmuttervorfall, Reposition — GOT-Nr. 564 — Dein Haustierportal",allgemeine GOT-Leistung ohne eindeutigen Tierartbezug
656,https://deinhaustierportal.de/de-de/tierarztkosten/568-gebaermuttervorfall-reposition-kuh/,GOT-Einzelseite,350,noindex,nein,404,"Gebärmuttervorfall, Reposition, Kuh — GOT-Nr. 568 — Dein Haustierportal",allgemeine GOT-Leistung ohne eindeutigen Tierartbezug
657,https://deinhaustierportal.de/de-de/tierarztkosten/570-gebaermuttervorfall-reposition-sau/,GOT-Einzelseite,350,noindex,nein,404,"Gebärmuttervorfall, Reposition, Sau — GOT-Nr. 570 — Dein Haustierportal",allgemeine GOT-Leistung ohne eindeutigen Tierartbezug
658,https://deinhaustierportal.de/de-de/tierarztkosten/572-torsio-uteri-retorsion/,GOT-Einzelseite,350,noindex,nein,404,"Torsio uteri, Retorsion — GOT-Nr. 572 — Dein Haustierportal",allgemeine GOT-Leistung ohne eindeutigen Tierartbezug
659,https://deinhaustierportal.de/de-de/tierarztkosten/577-vaginalverschluss/,GOT-Einzelseite,350,noindex,nein,396,Vaginalverschluss — GOT-Nr. 577 — Dein Haustierportal,allgemeine GOT-Leistung ohne eindeutigen Tierartbezug
660,https://deinhaustierportal.de/de-de/tierarztkosten/578-scheidenvorfall-reposition-und-verschluss/,GOT-Einzelseite,350,noindex,nein,399,"Scheidenvorfall, Reposition und Verschluss — GOT-Nr. 578 — Dein Haustierportal",allgemeine GOT-Leistung ohne eindeutigen Tierartbezug
661,https://deinhaustierportal.de/de-de/tierarztkosten/579-scheidenplastik/,GOT-Einzelseite,350,noindex,nein,396,Scheidenplastik — GOT-Nr. 579 — Dein Haustierportal,allgemeine GOT-Leistung ohne eindeutigen Tierartbezug
662,https://deinhaustierportal.de/de-de/tierarztkosten/581-naht-der-weichen-geburtswege-vulvaplastik/,GOT-Einzelseite,350,noindex,nein,399,Naht der weichen Geburtswege/Vulvaplastik — GOT-Nr. 581 — Dein Haustierportal,allgemeine GOT-Leistung ohne eindeutigen Tierartbezug
663,https://deinhaustierportal.de/de-de/tierarztkosten/583-labien-scheidentumor-entfernen/,GOT-Einzelseite,350,noindex,nein,397,"Labien-, Scheidentumor entfernen — GOT-Nr. 583 — Dein Haustierportal",allgemeine GOT-Leistung ohne eindeutigen Tierartbezug
664,https://deinhaustierportal.de/de-de/tierarztkosten/585-episiotomie-je-seite/,GOT-Einzelseite,350,noindex,nein,397,"Episiotomie, je Seite — GOT-Nr. 585 — Dein Haustierportal",allgemeine GOT-Leistung ohne eindeutigen Tierartbezug
665,https://deinhaustierportal.de/de-de/tierarztkosten/586-kaiserschnitt-stute/,GOT-Einzelseite,350,noindex,nein,378,Kaiserschnitt Stute — GOT-Nr. 586 — Dein Haustierportal,allgemeine GOT-Leistung ohne eindeutigen Tierartbezug
666,https://deinhaustierportal.de/de-de/tierarztkosten/587-kaiserschnitt-kuh/,GOT-Einzelseite,350,noindex,nein,378,Kaiserschnitt Kuh — GOT-Nr. 587 — Dein Haustierportal,allgemeine GOT-Leistung ohne eindeutigen Tierartbezug
667,https://deinhaustierportal.de/de-de/tierarztkosten/588-kaiserschnitt-sau/,GOT-Einzelseite,350,noindex,nein,378,Kaiserschnitt Sau — GOT-Nr. 588 — Dein Haustierportal,allgemeine GOT-Leistung ohne eindeutigen Tierartbezug
668,https://deinhaustierportal.de/de-de/tierarztkosten/591-kaiserschnitt-kaetzin/,GOT-Einzelseite,350,noindex,nein,378,Kaiserschnitt Kätzin — GOT-Nr. 591 — Dein Haustierportal,allgemeine GOT-Leistung ohne eindeutigen Tierartbezug
669,https://deinhaustierportal.de/de-de/tierarztkosten/593-fetotomie-bis-drei-schnitte/,GOT-Einzelseite,350,noindex,nein,382,"Fetotomie, bis drei Schnitte — GOT-Nr. 593 — Dein Haustierportal",allgemeine GOT-Leistung ohne eindeutigen Tierartbezug
670,https://deinhaustierportal.de/de-de/tierarztkosten/594-fetotomie-bis-drei-schnitte-stute/,GOT-Einzelseite,350,noindex,nein,384,"Fetotomie, bis drei Schnitte, Stute — GOT-Nr. 594 — Dein Haustierportal",allgemeine GOT-Leistung ohne eindeutigen Tierartbezug
671,https://deinhaustierportal.de/de-de/tierarztkosten/595-fetotomie-mehr-als-drei-schnitte/,GOT-Einzelseite,350,noindex,nein,384,"Fetotomie, mehr als drei Schnitte — GOT-Nr. 595 — Dein Haustierportal",allgemeine GOT-Leistung ohne eindeutigen Tierartbezug
672,https://deinhaustierportal.de/de-de/tierarztkosten/596-fetotomie-mehr-als-drei-schnitte-stute/,GOT-Einzelseite,350,noindex,nein,386,"Fetotomie, mehr als drei Schnitte, Stute — GOT-Nr. 596 — Dein Haustierportal",allgemeine GOT-Leistung ohne eindeutigen Tierartbezug
673,https://deinhaustierportal.de/de-de/tierarztkosten/597-legenot-beseitigen-operativ/,GOT-Einzelseite,350,noindex,nein,380,"Legenot beseitigen, operativ — GOT-Nr. 597 — Dein Haustierportal",allgemeine GOT-Leistung ohne eindeutigen Tierartbezug
674,https://deinhaustierportal.de/de-de/tierarztkosten/599-ovarektomie-stute/,GOT-Einzelseite,350,noindex,nein,395,Ovarektomie Stute — GOT-Nr. 599 — Dein Haustierportal,allgemeine GOT-Leistung ohne eindeutigen Tierartbezug
675,https://deinhaustierportal.de/de-de/tierarztkosten/601-ovarektomie-kaetzin/,GOT-Einzelseite,350,noindex,nein,395,Ovarektomie Kätzin — GOT-Nr. 601 — Dein Haustierportal,allgemeine GOT-Leistung ohne eindeutigen Tierartbezug
676,https://deinhaustierportal.de/de-de/tierarztkosten/603-ovariohysterektomie-stute/,GOT-Einzelseite,350,noindex,nein,395,Ovariohysterektomie Stute — GOT-Nr. 603 — Dein Haustierportal,allgemeine GOT-Leistung ohne eindeutigen Tierartbezug
677,https://deinhaustierportal.de/de-de/tierarztkosten/605-ovariohysterektomie-kaetzin/,GOT-Einzelseite,350,noindex,nein,395,Ovariohysterektomie Kätzin — GOT-Nr. 605 — Dein Haustierportal,allgemeine GOT-Leistung ohne eindeutigen Tierartbezug
678,https://deinhaustierportal.de/de-de/tierarztkosten/620-immunologische-schnell-tests-z-b-fip-fiv-felv-parvo/,GOT-Einzelseite,350,noindex,nein,423,"Immunologische Schnell-Tests, z. B. FIP, FIV, FeLV, Parvo — GOT-Nr. 620 — Dein Haustierportal",allgemeine GOT-Leistung ohne eindeutigen Tierartbezug
679,https://deinhaustierportal.de/de-de/tierarztkosten/636-aderlass/,GOT-Einzelseite,350,noindex,nein,428,Aderlass — GOT-Nr. 636 — Dein Haustierportal,allgemeine GOT-Leistung ohne eindeutigen Tierartbezug
680,https://deinhaustierportal.de/de-de/tierarztkosten/639-knochenmark-oder-aspirations-probennahme/,GOT-Einzelseite,350,noindex,nein,432,Knochenmark- oder Aspirations-Probennahme — GOT-Nr. 639 — Dein Haustierportal,allgemeine GOT-Leistung ohne eindeutigen Tierartbezug
681,https://deinhaustierportal.de/de-de/tierarztkosten/640-mikroskopische-untersuchung-des-aspirates/,GOT-Einzelseite,350,noindex,nein,434,mikroskopische Untersuchung des Aspirates — GOT-Nr. 640 — Dein Haustierportal,allgemeine GOT-Leistung ohne eindeutigen Tierartbezug
682,https://deinhaustierportal.de/de-de/tierarztkosten/641-knochenmark-mittels-entnahme-eines-stanzzylinders/,GOT-Einzelseite,350,noindex,nein,436,Knochenmark mittels Entnahme eines Stanzzylinders — GOT-Nr. 641 — Dein Haustierportal,allgemeine GOT-Leistung ohne eindeutigen Tierartbezug
683,https://deinhaustierportal.de/de-de/tierarztkosten/642-mikroskopische-untersuchung-des-stanzzylinders/,GOT-Einzelseite,350,noindex,nein,434,mikroskopische Untersuchung des Stanzzylinders — GOT-Nr. 642 — Dein Haustierportal,allgemeine GOT-Leistung ohne eindeutigen Tierartbezug
684,https://deinhaustierportal.de/de-de/tierarztkosten/643-eingehende-untersuchung-einzelner-organe-klinisch/,GOT-Einzelseite,350,noindex,nein,386,"Eingehende Untersuchung einzelner Organe, klinisch — GOT-Nr. 643 — Dein Haustierportal",allgemeine GOT-Leistung ohne eindeutigen Tierartbezug
685,https://deinhaustierportal.de/de-de/tierarztkosten/646-elektrokardiogramm/,GOT-Einzelseite,350,noindex,nein,382,Elektrokardiogramm — GOT-Nr. 646 — Dein Haustierportal,allgemeine GOT-Leistung ohne eindeutigen Tierartbezug
686,https://deinhaustierportal.de/de-de/tierarztkosten/647-elektrokardiogramm-telemetrisch/,GOT-Einzelseite,350,noindex,nein,383,"Elektrokardiogramm, telemetrisch — GOT-Nr. 647 — Dein Haustierportal",allgemeine GOT-Leistung ohne eindeutigen Tierartbezug
687,https://deinhaustierportal.de/de-de/tierarztkosten/648-elektrokardiogramm-langzeit-ekg-holter/,GOT-Einzelseite,350,noindex,nein,383,"Elektrokardiogramm, Langzeit-EKG/Holter — GOT-Nr. 648 — Dein Haustierportal",allgemeine GOT-Leistung ohne eindeutigen Tierartbezug
688,https://deinhaustierportal.de/de-de/tierarztkosten/649-elektrokardiogramm-auswertung-von-fremdleistung/,GOT-Einzelseite,350,noindex,nein,385,"Elektrokardiogramm, Auswertung von Fremdleistung — GOT-Nr. 649 — Dein Haustierportal",allgemeine GOT-Leistung ohne eindeutigen Tierartbezug
689,https://deinhaustierportal.de/de-de/tierarztkosten/650-basisechokardiografie-2d-und-m-mode/,GOT-Einzelseite,350,noindex,nein,385,Basisechokardiografie (2D und M-Mode) — GOT-Nr. 650 — Dein Haustierportal,allgemeine GOT-Leistung ohne eindeutigen Tierartbezug
690,https://deinhaustierportal.de/de-de/tierarztkosten/652-herzbeutelpunktion/,GOT-Einzelseite,350,noindex,nein,378,Herzbeutelpunktion — GOT-Nr. 652 — Dein Haustierportal,allgemeine GOT-Leistung ohne eindeutigen Tierartbezug
691,https://deinhaustierportal.de/de-de/tierarztkosten/653-gefaessnaht/,GOT-Einzelseite,350,noindex,nein,378,Gefäßnaht — GOT-Nr. 653 — Dein Haustierportal,allgemeine GOT-Leistung ohne eindeutigen Tierartbezug
692,https://deinhaustierportal.de/de-de/tierarztkosten/654-operation-eines-portosystemischen-shunts/,GOT-Einzelseite,350,noindex,nein,381,Operation eines portosystemischen Shunts — GOT-Nr. 654 — Dein Haustierportal,allgemeine GOT-Leistung ohne eindeutigen Tierartbezug
693,https://deinhaustierportal.de/de-de/tierarztkosten/655-operation-von-missbildungen-am-herzen-oder-an-den-grossen-ge/,GOT-Einzelseite,350,noindex,nein,387,Operation von Missbildungen am Herzen oder an den großen Gefäßen — GOT-Nr. 655 — Dein Haustierportal,allgemeine GOT-Leistung ohne eindeutigen Tierartbezug
694,https://deinhaustierportal.de/de-de/tierarztkosten/656-operation-am-offenen-herzen/,GOT-Einzelseite,350,noindex,nein,381,Operation am offenen Herzen — GOT-Nr. 656 — Dein Haustierportal,allgemeine GOT-Leistung ohne eindeutigen Tierartbezug
695,https://deinhaustierportal.de/de-de/tierarztkosten/657-eingehende-untersuchung-einzelner-organe-des-hno-bereichs/,GOT-Einzelseite,350,noindex,nein,351,Eingehende Untersuchung einzelner Organe des HNO-Bereichs — GOT-Nr. 657 — Dein Haustierportal,allgemeine GOT-Leistung ohne eindeutigen Tierartbezug
696,https://deinhaustierportal.de/de-de/tierarztkosten/658-nasenspuelung/,GOT-Einzelseite,350,noindex,nein,371,Nasenspülung — GOT-Nr. 658 — Dein Haustierportal,allgemeine GOT-Leistung ohne eindeutigen Tierartbezug
697,https://deinhaustierportal.de/de-de/tierarztkosten/660-entfernung-von-fremdkoerpern-parasiten-aus-nase-nasopharynx/,GOT-Einzelseite,350,noindex,nein,375,Entfernung von Fremdkörpern/Parasiten aus Nase/Nasopharynx/Choanen/Gehörgang — GOT-Nr. 660 — Dein Haustierportal,allgemeine GOT-Leistung ohne eindeutigen Tierartbezug
698,https://deinhaustierportal.de/de-de/tierarztkosten/662-otitis-externa-behandlung-je-seite/,GOT-Einzelseite,350,noindex,nein,375,"Otitis externa, Behandlung, je Seite — GOT-Nr. 662 — Dein Haustierportal",allgemeine GOT-Leistung ohne eindeutigen Tierartbezug
699,https://deinhaustierportal.de/de-de/tierarztkosten/664-otitis-externa-spuelung/,GOT-Einzelseite,350,noindex,nein,373,"Otitis externa, Spülung — GOT-Nr. 664 — Dein Haustierportal",allgemeine GOT-Leistung ohne eindeutigen Tierartbezug
700,https://deinhaustierportal.de/de-de/tierarztkosten/666-nasenring-einziehen/,GOT-Einzelseite,350,noindex,nein,377,Nasenring einziehen — GOT-Nr. 666 — Dein Haustierportal,allgemeine GOT-Leistung ohne eindeutigen Tierartbezug
701,https://deinhaustierportal.de/de-de/tierarztkosten/667-chirurgische-entfernung-des-nasenspiegels/,GOT-Einzelseite,350,noindex,nein,379,Chirurgische Entfernung des Nasenspiegels — GOT-Nr. 667 — Dein Haustierportal,allgemeine GOT-Leistung ohne eindeutigen Tierartbezug
702,https://deinhaustierportal.de/de-de/tierarztkosten/668-rhinotomie-mit-spuelung-oder-resektion-der-nasenmuscheln-ode/,GOT-Einzelseite,350,noindex,nein,392,Rhinotomie mit Spülung oder Resektion der Nasenmuscheln oder mit Entfernung von nasalen Neoplasien/Polypen/Fremdkörpern — GOT-Nr. 668 — Dein Haustierportal,allgemeine GOT-Leistung ohne eindeutigen Tierartbezug
703,https://deinhaustierportal.de/de-de/tierarztkosten/669-progressives-siebbeinhaematom-chirurgische-behandlung/,GOT-Einzelseite,350,noindex,nein,379,"Progressives Siebbeinhämatom, chirurgische Behandlung — GOT-Nr. 669 — Dein Haustierportal",allgemeine GOT-Leistung ohne eindeutigen Tierartbezug
704,https://deinhaustierportal.de/de-de/tierarztkosten/670-lippenplastik/,GOT-Einzelseite,350,noindex,nein,369,Lippenplastik — GOT-Nr. 670 — Dein Haustierportal,allgemeine GOT-Leistung ohne eindeutigen Tierartbezug
705,https://deinhaustierportal.de/de-de/tierarztkosten/671-operation-einer-traumatischen-lippen-kiefer-gaumenspalte/,GOT-Einzelseite,350,noindex,nein,372,Operation einer traumatischen Lippen-Kiefer-Gaumenspalte — GOT-Nr. 671 — Dein Haustierportal,allgemeine GOT-Leistung ohne eindeutigen Tierartbezug
706,https://deinhaustierportal.de/de-de/tierarztkosten/673-operation-einer-angeborenen-lippen-kiefer-gaumenspalte/,GOT-Einzelseite,350,noindex,nein,372,Operation einer angeborenen Lippen-Kiefer-Gaumenspalte — GOT-Nr. 673 — Dein Haustierportal,allgemeine GOT-Leistung ohne eindeutigen Tierartbezug
707,https://deinhaustierportal.de/de-de/tierarztkosten/676-othaematom-operative-behandlung/,GOT-Einzelseite,350,noindex,nein,372,"Othämatom, operative Behandlung — GOT-Nr. 676 — Dein Haustierportal",allgemeine GOT-Leistung ohne eindeutigen Tierartbezug
708,https://deinhaustierportal.de/de-de/tierarztkosten/678-operative-entfernung-der-seitlichen-wand-des-gehoergangs/,GOT-Einzelseite,350,noindex,nein,386,Operative Entfernung der seitlichen Wand des Gehörgangs — GOT-Nr. 678 — Dein Haustierportal,allgemeine GOT-Leistung ohne eindeutigen Tierartbezug
709,https://deinhaustierportal.de/de-de/tierarztkosten/679-operative-entfernung-eines-gesamten-vertikalen-gehoerganges/,GOT-Einzelseite,350,noindex,nein,385,Operative Entfernung eines gesamten vertikalen Gehörganges — GOT-Nr. 679 — Dein Haustierportal,allgemeine GOT-Leistung ohne eindeutigen Tierartbezug
710,https://deinhaustierportal.de/de-de/tierarztkosten/680-operative-entfernung-eines-gesamten-vertikalen-gehoerganges/,GOT-Einzelseite,350,noindex,nein,394,Operative Entfernung eines gesamten vertikalen Gehörganges mit separater Eröffnung der Paukenhöhle — GOT-Nr. 680 — Dein Haustierportal,allgemeine GOT-Leistung ohne eindeutigen Tierartbezug
711,https://deinhaustierportal.de/de-de/tierarztkosten/681-blullaosteotomie-ventrale-einseitig/,GOT-Einzelseite,350,noindex,nein,382,"Blullaosteotomie, ventrale, einseitig — GOT-Nr. 681 — Dein Haustierportal",allgemeine GOT-Leistung ohne eindeutigen Tierartbezug
712,https://deinhaustierportal.de/de-de/tierarztkosten/682-operative-entfernung-von-neoplasien-polypen/,GOT-Einzelseite,350,noindex,nein,360,Operative Entfernung von Neoplasien/Polypen — GOT-Nr. 682 — Dein Haustierportal,allgemeine GOT-Leistung ohne eindeutigen Tierartbezug
713,https://deinhaustierportal.de/de-de/tierarztkosten/686-stenotische-nasenfluegel-chirurgische-behandlung-beidseitig/,GOT-Einzelseite,350,noindex,nein,372,"Stenotische Nasenflügel, chirurgische Behandlung, beidseitig — GOT-Nr. 686 — Dein Haustierportal",allgemeine GOT-Leistung ohne eindeutigen Tierartbezug
714,https://deinhaustierportal.de/de-de/tierarztkosten/687-brachycephalensyndrom-chirurgische-behandlung/,GOT-Einzelseite,350,noindex,nein,370,"Brachycephalensyndrom, chirurgische Behandlung — GOT-Nr. 687 — Dein Haustierportal",allgemeine GOT-Leistung ohne eindeutigen Tierartbezug
715,https://deinhaustierportal.de/de-de/tierarztkosten/689-larynxplastik/,GOT-Einzelseite,350,noindex,nein,368,Larynxplastik — GOT-Nr. 689 — Dein Haustierportal,allgemeine GOT-Leistung ohne eindeutigen Tierartbezug
716,https://deinhaustierportal.de/de-de/tierarztkosten/690-speicheldruesen-operative-entfernung/,GOT-Einzelseite,350,noindex,nein,392,"Speicheldrüsen, operative Entfernung — GOT-Nr. 690 — Dein Haustierportal",allgemeine GOT-Leistung ohne eindeutigen Tierartbezug
717,https://deinhaustierportal.de/de-de/tierarztkosten/692-anlegen-einer-oralen-fistel-der-unterzungenspeicheldruese-zu/,GOT-Einzelseite,350,noindex,nein,396,"Anlegen einer oralen Fistel der Unterzungenspeicheldrüse, zusätzlich — GOT-Nr. 692 — Dein Haustierportal",allgemeine GOT-Leistung ohne eindeutigen Tierartbezug
718,https://deinhaustierportal.de/de-de/tierarztkosten/694-entfernung-der-zunge-teilweise/,GOT-Einzelseite,350,noindex,nein,393,"Entfernung der Zunge, teilweise — GOT-Nr. 694 — Dein Haustierportal",allgemeine GOT-Leistung ohne eindeutigen Tierartbezug
719,https://deinhaustierportal.de/de-de/tierarztkosten/695-entfernung-der-rachenmandeln/,GOT-Einzelseite,350,noindex,nein,392,Entfernung der Rachenmandeln — GOT-Nr. 695 — Dein Haustierportal,allgemeine GOT-Leistung ohne eindeutigen Tierartbezug
720,https://deinhaustierportal.de/de-de/tierarztkosten/696-eroeffnung-des-kehlkopfes-einschliesslich-entfernung-von-zub/,GOT-Einzelseite,350,noindex,nein,387,Eröffnung des Kehlkopfes einschließlich Entfernung von Zubildungen und chirurgischer Behandlung von Verletzungen — GOT-Nr. 696 — Dein Haustierportal,allgemeine GOT-Leistung ohne eindeutigen Tierartbezug
721,https://deinhaustierportal.de/de-de/tierarztkosten/697-kehlkopfpfeifen-operation/,GOT-Einzelseite,350,noindex,nein,373,"Kehlkopfpfeifen, Operation — GOT-Nr. 697 — Dein Haustierportal",allgemeine GOT-Leistung ohne eindeutigen Tierartbezug
722,https://deinhaustierportal.de/de-de/tierarztkosten/699-kehlkopflaehmung-operation/,GOT-Einzelseite,350,noindex,nein,373,"Kehlkopflähmung, Operation — GOT-Nr. 699 — Dein Haustierportal",allgemeine GOT-Leistung ohne eindeutigen Tierartbezug
723,https://deinhaustierportal.de/de-de/tierarztkosten/700-entfernung-der-schilddruese-oder-der-nebenschilddruese/,GOT-Einzelseite,350,noindex,nein,365,Entfernung der Schilddrüse oder der Nebenschilddrüse — GOT-Nr. 700 — Dein Haustierportal,allgemeine GOT-Leistung ohne eindeutigen Tierartbezug
724,https://deinhaustierportal.de/de-de/tierarztkosten/702-kopperoperation/,GOT-Einzelseite,350,noindex,nein,340,Kopperoperation — GOT-Nr. 702 — Dein Haustierportal,allgemeine GOT-Leistung ohne eindeutigen Tierartbezug
725,https://deinhaustierportal.de/de-de/tierarztkosten/703-euter-und-zitzen-untersuchung/,GOT-Einzelseite,350,noindex,nein,392,"Euter und Zitzen, Untersuchung — GOT-Nr. 703 — Dein Haustierportal",allgemeine GOT-Leistung ohne eindeutigen Tierartbezug
726,https://deinhaustierportal.de/de-de/tierarztkosten/704-milchleisten-untersuchung/,GOT-Einzelseite,350,noindex,nein,390,"Milchleisten, Untersuchung — GOT-Nr. 704 — Dein Haustierportal",allgemeine GOT-Leistung ohne eindeutigen Tierartbezug
727,https://deinhaustierportal.de/de-de/tierarztkosten/707-euter-probenentnahme-je-zitze/,GOT-Einzelseite,350,noindex,nein,392,"Euter, Probenentnahme, je Zitze — GOT-Nr. 707 — Dein Haustierportal",allgemeine GOT-Leistung ohne eindeutigen Tierartbezug
728,https://deinhaustierportal.de/de-de/tierarztkosten/708-euter-milchuntersuchung-sensorisch-und-mastitis-schnelltest/,GOT-Einzelseite,350,noindex,nein,396,"Euter, Milchuntersuchung, sensorisch und Mastitis-Schnelltest (CMT), je Zitze — GOT-Nr. 708 — Dein Haustierportal",allgemeine GOT-Leistung ohne eindeutigen Tierartbezug
729,https://deinhaustierportal.de/de-de/tierarztkosten/709-milchkatheter-anwenden/,GOT-Einzelseite,350,noindex,nein,345,Milchkatheter anwenden — GOT-Nr. 709 — Dein Haustierportal,allgemeine GOT-Leistung ohne eindeutigen Tierartbezug
730,https://deinhaustierportal.de/de-de/tierarztkosten/710-zitzenstenose-chirurgisch-weiten/,GOT-Einzelseite,350,noindex,nein,381,"Zitzenstenose, chirurgisch weiten — GOT-Nr. 710 — Dein Haustierportal",allgemeine GOT-Leistung ohne eindeutigen Tierartbezug
731,https://deinhaustierportal.de/de-de/tierarztkosten/711-zitzenoperation/,GOT-Einzelseite,350,noindex,nein,379,Zitzenoperation — GOT-Nr. 711 — Dein Haustierportal,allgemeine GOT-Leistung ohne eindeutigen Tierartbezug
732,https://deinhaustierportal.de/de-de/tierarztkosten/714-milchleistenentfernung-teilweise-je-seite/,GOT-Einzelseite,350,noindex,nein,382,"Milchleistenentfernung, teilweise, je Seite — GOT-Nr. 714 — Dein Haustierportal",allgemeine GOT-Leistung ohne eindeutigen Tierartbezug
733,https://deinhaustierportal.de/de-de/tierarztkosten/715-milchleistenentfernung-vollstaendig/,GOT-Einzelseite,350,noindex,nein,380,"Milchleistenentfernung, vollständig — GOT-Nr. 715 — Dein Haustierportal",allgemeine GOT-Leistung ohne eindeutigen Tierartbezug
734,https://deinhaustierportal.de/de-de/tierarztkosten/716-klinische-neurologische-untersuchung/,GOT-Einzelseite,350,noindex,nein,355,Klinische neurologische Untersuchung — GOT-Nr. 716 — Dein Haustierportal,allgemeine GOT-Leistung ohne eindeutigen Tierartbezug
735,https://deinhaustierportal.de/de-de/tierarztkosten/717-neurologischeklinische-nachuntersuchung/,GOT-Einzelseite,350,noindex,nein,354,neurologischeKlinische Nachuntersuchung — GOT-Nr. 717 — Dein Haustierportal,allgemeine GOT-Leistung ohne eindeutigen Tierartbezug
736,https://deinhaustierportal.de/de-de/tierarztkosten/718-elektroenzephalogramm/,GOT-Einzelseite,350,noindex,nein,395,Elektroenzephalogramm — GOT-Nr. 718 — Dein Haustierportal,allgemeine GOT-Leistung ohne eindeutigen Tierartbezug
737,https://deinhaustierportal.de/de-de/tierarztkosten/719-elektromyographie/,GOT-Einzelseite,350,noindex,nein,395,Elektromyographie — GOT-Nr. 719 — Dein Haustierportal,allgemeine GOT-Leistung ohne eindeutigen Tierartbezug
738,https://deinhaustierportal.de/de-de/tierarztkosten/720-nervenleitungsgeschwindigkeit-motorisch-oder-sensibel-somato/,GOT-Einzelseite,350,noindex,nein,406,"Nervenleitungsgeschwindigkeit (motorisch oder sensibel), Somatosensibel Evozierte Potenziale (SEP) — GOT-Nr. 720 — Dein Haustierportal",allgemeine GOT-Leistung ohne eindeutigen Tierartbezug
739,https://deinhaustierportal.de/de-de/tierarztkosten/721-f-welle/,GOT-Einzelseite,350,noindex,nein,395,F-Welle — GOT-Nr. 721 — Dein Haustierportal,allgemeine GOT-Leistung ohne eindeutigen Tierartbezug
740,https://deinhaustierportal.de/de-de/tierarztkosten/722-repetitive-nervenstimulation-komplett/,GOT-Einzelseite,350,noindex,nein,397,"Repetitive Nervenstimulation, komplett — GOT-Nr. 722 — Dein Haustierportal",allgemeine GOT-Leistung ohne eindeutigen Tierartbezug
741,https://deinhaustierportal.de/de-de/tierarztkosten/723-brainstem-auditory-evoked-potentials-baep-erstes-tier/,GOT-Einzelseite,350,noindex,nein,401,"Brainstem auditory evoked potentials (BAEP), erstes Tier — GOT-Nr. 723 — Dein Haustierportal",allgemeine GOT-Leistung ohne eindeutigen Tierartbezug
742,https://deinhaustierportal.de/de-de/tierarztkosten/724-brainstem-auditory-evoked-potentials-baep-ueber-einem-tier-j/,GOT-Einzelseite,350,noindex,nein,404,"Brainstem auditory evoked potentials (BAEP), über einem Tier, je Tier — GOT-Nr. 724 — Dein Haustierportal",allgemeine GOT-Leistung ohne eindeutigen Tierartbezug
743,https://deinhaustierportal.de/de-de/tierarztkosten/725-resektion-von-nervenscheidentumoren-peripher/,GOT-Einzelseite,350,noindex,nein,369,Resektion von Nervenscheidentumoren peripher — GOT-Nr. 725 — Dein Haustierportal,allgemeine GOT-Leistung ohne eindeutigen Tierartbezug
744,https://deinhaustierportal.de/de-de/tierarztkosten/726-resektion-von-nervenscheidentumoren-zentral/,GOT-Einzelseite,350,noindex,nein,369,Resektion von Nervenscheidentumoren zentral — GOT-Nr. 726 — Dein Haustierportal,allgemeine GOT-Leistung ohne eindeutigen Tierartbezug
745,https://deinhaustierportal.de/de-de/tierarztkosten/727-neurotisation/,GOT-Einzelseite,350,noindex,nein,366,Neurotisation — GOT-Nr. 727 — Dein Haustierportal,allgemeine GOT-Leistung ohne eindeutigen Tierartbezug
746,https://deinhaustierportal.de/de-de/tierarztkosten/728-nervennaht/,GOT-Einzelseite,350,noindex,nein,366,Nervennaht — GOT-Nr. 728 — Dein Haustierportal,allgemeine GOT-Leistung ohne eindeutigen Tierartbezug
747,https://deinhaustierportal.de/de-de/tierarztkosten/729-kraniotomie/,GOT-Einzelseite,350,noindex,nein,359,Kraniotomie — GOT-Nr. 729 — Dein Haustierportal,allgemeine GOT-Leistung ohne eindeutigen Tierartbezug
748,https://deinhaustierportal.de/de-de/tierarztkosten/730-implantation-eines-vetrikuloperitonealen-shuntsystems/,GOT-Einzelseite,350,noindex,nein,362,Implantation eines vetrikuloperitonealen Shuntsystems — GOT-Nr. 730 — Dein Haustierportal,allgemeine GOT-Leistung ohne eindeutigen Tierartbezug
749,https://deinhaustierportal.de/de-de/tierarztkosten/731-gehirnbiopsie/,GOT-Einzelseite,350,noindex,nein,359,Gehirnbiopsie — GOT-Nr. 731 — Dein Haustierportal,allgemeine GOT-Leistung ohne eindeutigen Tierartbezug
750,https://deinhaustierportal.de/de-de/tierarztkosten/732-fenestration-des-diskus-intervertebralis-halswirbelsaeule/,GOT-Einzelseite,350,noindex,nein,398,"Fenestration des Diskus intervertebralis, Halswirbelsäule — GOT-Nr. 732 — Dein Haustierportal",allgemeine GOT-Leistung ohne eindeutigen Tierartbezug
751,https://deinhaustierportal.de/de-de/tierarztkosten/733-ventral-slot/,GOT-Einzelseite,350,noindex,nein,395,Ventral slot — GOT-Nr. 733 — Dein Haustierportal,allgemeine GOT-Leistung ohne eindeutigen Tierartbezug
752,https://deinhaustierportal.de/de-de/tierarztkosten/734-foraminotomie-cervikal-oder-lumbosakral/,GOT-Einzelseite,350,noindex,nein,397,Foraminotomie cervikal oder lumbosakral — GOT-Nr. 734 — Dein Haustierportal,allgemeine GOT-Leistung ohne eindeutigen Tierartbezug
753,https://deinhaustierportal.de/de-de/tierarztkosten/735-fenestration-des-diskus-intervertebralis-ausser-halswirbelsa/,GOT-Einzelseite,350,noindex,nein,399,"Fenestration des Diskus intervertebralis, außer Halswirbelsäule — GOT-Nr. 735 — Dein Haustierportal",allgemeine GOT-Leistung ohne eindeutigen Tierartbezug
754,https://deinhaustierportal.de/de-de/tierarztkosten/736-serienfenestration-des-diskus-intervertebralis-cervikal/,GOT-Einzelseite,350,noindex,nein,398,Serienfenestration des Diskus intervertebralis cervikal — GOT-Nr. 736 — Dein Haustierportal,allgemeine GOT-Leistung ohne eindeutigen Tierartbezug
755,https://deinhaustierportal.de/de-de/tierarztkosten/737-serienfenestration-des-diskus-intervertebralis-thorakolumbal/,GOT-Einzelseite,350,noindex,nein,398,Serienfenestration des Diskus intervertebralis thorakolumbal — GOT-Nr. 737 — Dein Haustierportal,allgemeine GOT-Leistung ohne eindeutigen Tierartbezug
756,https://deinhaustierportal.de/de-de/tierarztkosten/738-spondylektomie-ventrale/,GOT-Einzelseite,350,noindex,nein,395,"Spondylektomie, ventrale — GOT-Nr. 738 — Dein Haustierportal",allgemeine GOT-Leistung ohne eindeutigen Tierartbezug
757,https://deinhaustierportal.de/de-de/tierarztkosten/739-hemilaminektomie-cervikal/,GOT-Einzelseite,350,noindex,nein,395,Hemilaminektomie cervikal — GOT-Nr. 739 — Dein Haustierportal,allgemeine GOT-Leistung ohne eindeutigen Tierartbezug
758,https://deinhaustierportal.de/de-de/tierarztkosten/740-hemilaminektomie-thorakolumbal/,GOT-Einzelseite,350,noindex,nein,395,Hemilaminektomie thorakolumbal — GOT-Nr. 740 — Dein Haustierportal,allgemeine GOT-Leistung ohne eindeutigen Tierartbezug
759,https://deinhaustierportal.de/de-de/tierarztkosten/741-laminektomie/,GOT-Einzelseite,350,noindex,nein,393,Laminektomie — GOT-Nr. 741 — Dein Haustierportal,allgemeine GOT-Leistung ohne eindeutigen Tierartbezug
760,https://deinhaustierportal.de/de-de/tierarztkosten/742-operation-einer-wirbelfraktur/,GOT-Einzelseite,350,noindex,nein,356,Operation einer Wirbelfraktur — GOT-Nr. 742 — Dein Haustierportal,allgemeine GOT-Leistung ohne eindeutigen Tierartbezug
761,https://deinhaustierportal.de/de-de/tierarztkosten/743-korpektomie/,GOT-Einzelseite,350,noindex,nein,354,Korpektomie — GOT-Nr. 743 — Dein Haustierportal,allgemeine GOT-Leistung ohne eindeutigen Tierartbezug
762,https://deinhaustierportal.de/de-de/tierarztkosten/744-liquorpunktion/,GOT-Einzelseite,350,noindex,nein,363,Liquorpunktion — GOT-Nr. 744 — Dein Haustierportal,allgemeine GOT-Leistung ohne eindeutigen Tierartbezug
763,https://deinhaustierportal.de/de-de/tierarztkosten/745-labor-liquor-zellzahl-pandy-reaktion/,GOT-Einzelseite,350,noindex,nein,366,"Labor Liquor (Zellzahl, Pandy-Reaktion) — GOT-Nr. 745 — Dein Haustierportal",allgemeine GOT-Leistung ohne eindeutigen Tierartbezug
764,https://deinhaustierportal.de/de-de/tierarztkosten/746-liquor-zytologie/,GOT-Einzelseite,350,noindex,nein,364,Liquor Zytologie — GOT-Nr. 746 — Dein Haustierportal,allgemeine GOT-Leistung ohne eindeutigen Tierartbezug
765,https://deinhaustierportal.de/de-de/tierarztkosten/747-belastungstest/,GOT-Einzelseite,350,noindex,nein,363,Belastungstest — GOT-Nr. 747 — Dein Haustierportal,allgemeine GOT-Leistung ohne eindeutigen Tierartbezug
766,https://deinhaustierportal.de/de-de/tierarztkosten/761-anwenden-einer-lupenbrille-zur-untersuchung-oder-behandlung/,GOT-Einzelseite,350,noindex,nein,407,"Anwenden einer Lupenbrille zur Untersuchung oder Behandlung, zusätzlich — GOT-Nr. 761 — Dein Haustierportal",allgemeine GOT-Leistung ohne eindeutigen Tierartbezug
767,https://deinhaustierportal.de/de-de/tierarztkosten/762-anwenden-eines-operationsmikroskops-zur-untersuchung-oder-be/,GOT-Einzelseite,350,noindex,nein,407,"Anwenden eines Operationsmikroskops zur Untersuchung oder Behandlung, zusätzlich — GOT-Nr. 762 — Dein Haustierportal",allgemeine GOT-Leistung ohne eindeutigen Tierartbezug
768,https://deinhaustierportal.de/de-de/tierarztkosten/775-hagelkornoperation-gerstenkornoperation-jeweils/,GOT-Einzelseite,350,noindex,nein,354,"Hagelkornoperation/Gerstenkornoperation, jeweils — GOT-Nr. 775 — Dein Haustierportal",allgemeine GOT-Leistung ohne eindeutigen Tierartbezug
769,https://deinhaustierportal.de/de-de/tierarztkosten/777-lidverletzungen-naht/,GOT-Einzelseite,350,noindex,nein,363,"Lidverletzungen, Naht — GOT-Nr. 777 — Dein Haustierportal",allgemeine GOT-Leistung ohne eindeutigen Tierartbezug
770,https://deinhaustierportal.de/de-de/tierarztkosten/779-lidverletzungen-naht-mit-beteiligung-der-traenenableitenden/,GOT-Einzelseite,350,noindex,nein,368,"Lidverletzungen, Naht mit Beteiligung der tränenableitenden Wege — GOT-Nr. 779 — Dein Haustierportal",allgemeine GOT-Leistung ohne eindeutigen Tierartbezug
771,https://deinhaustierportal.de/de-de/tierarztkosten/780-lidtumor-entfernung-je-tumor/,GOT-Einzelseite,350,noindex,nein,346,"Lidtumor, Entfernung, je Tumor — GOT-Nr. 780 — Dein Haustierportal",allgemeine GOT-Leistung ohne eindeutigen Tierartbezug
772,https://deinhaustierportal.de/de-de/tierarztkosten/781-elektroepilation-je-lid/,GOT-Einzelseite,350,noindex,nein,367,"Elektroepilation, je Lid — GOT-Nr. 781 — Dein Haustierportal",allgemeine GOT-Leistung ohne eindeutigen Tierartbezug
773,https://deinhaustierportal.de/de-de/tierarztkosten/783-epilation-mit-resektion-von-meibomschen-druesen-je-lid/,GOT-Einzelseite,350,noindex,nein,372,"Epilation mit Resektion von Meibomschen Drüsen, je Lid — GOT-Nr. 783 — Dein Haustierportal",allgemeine GOT-Leistung ohne eindeutigen Tierartbezug
774,https://deinhaustierportal.de/de-de/tierarztkosten/790-lidspaltenkorrektur-je-seite/,GOT-Einzelseite,350,noindex,nein,402,"Lidspaltenkorrektur, je Seite — GOT-Nr. 790 — Dein Haustierportal",allgemeine GOT-Leistung ohne eindeutigen Tierartbezug
775,https://deinhaustierportal.de/de-de/tierarztkosten/791-nasenfalte-entfernen-je-seite/,GOT-Einzelseite,350,noindex,nein,404,"Nasenfalte entfernen, je Seite — GOT-Nr. 791 — Dein Haustierportal",allgemeine GOT-Leistung ohne eindeutigen Tierartbezug
776,https://deinhaustierportal.de/de-de/tierarztkosten/800-traenennasenkanalweitung-pro-seite/,GOT-Einzelseite,350,noindex,nein,384,"Tränennasenkanalweitung, pro Seite — GOT-Nr. 800 — Dein Haustierportal",allgemeine GOT-Leistung ohne eindeutigen Tierartbezug
777,https://deinhaustierportal.de/de-de/tierarztkosten/804-speicheldruesengangverpflanzung-in-den-konjunktivalsack-eins/,GOT-Einzelseite,350,noindex,nein,386,Speicheldrüsengangverpflanzung in den Konjunktivalsack einseitig — GOT-Nr. 804 — Dein Haustierportal,allgemeine GOT-Leistung ohne eindeutigen Tierartbezug
778,https://deinhaustierportal.de/de-de/tierarztkosten/805-eroeffnung-des-traenensaeckchens-dakrocystotomie/,GOT-Einzelseite,350,noindex,nein,385,Eröffnung des Tränensäckchens (Dakrocystotomie) — GOT-Nr. 805 — Dein Haustierportal,allgemeine GOT-Leistung ohne eindeutigen Tierartbezug
779,https://deinhaustierportal.de/de-de/tierarztkosten/815-augapfelrueckverlagerung-ohne-verlaengerung-der-lidspalte/,GOT-Einzelseite,350,noindex,nein,394,Augapfelrückverlagerung ohne Verlängerung der Lidspalte — GOT-Nr. 815 — Dein Haustierportal,allgemeine GOT-Leistung ohne eindeutigen Tierartbezug
780,https://deinhaustierportal.de/de-de/tierarztkosten/816-augapfelrueckverlagerung-einschliesslich-verlaengerung-der-l/,GOT-Einzelseite,350,noindex,nein,394,Augapfelrückverlagerung einschließlich Verlängerung der Lidspalte — GOT-Nr. 816 — Dein Haustierportal,allgemeine GOT-Leistung ohne eindeutigen Tierartbezug
781,https://deinhaustierportal.de/de-de/tierarztkosten/817-augapfelentfernung/,GOT-Einzelseite,350,noindex,nein,390,Augapfelentfernung — GOT-Nr. 817 — Dein Haustierportal,allgemeine GOT-Leistung ohne eindeutigen Tierartbezug
782,https://deinhaustierportal.de/de-de/tierarztkosten/819-implantation-einer-orbitalen-prothese-einschliesslich-vorber/,GOT-Einzelseite,350,noindex,nein,395,Implantation einer orbitalen Prothese einschließlich Vorbereitung — GOT-Nr. 819 — Dein Haustierportal,allgemeine GOT-Leistung ohne eindeutigen Tierartbezug
783,https://deinhaustierportal.de/de-de/tierarztkosten/820-implantation-einer-intraokularen-prothese/,GOT-Einzelseite,350,noindex,nein,393,Implantation einer intraokularen Prothese — GOT-Nr. 820 — Dein Haustierportal,allgemeine GOT-Leistung ohne eindeutigen Tierartbezug
784,https://deinhaustierportal.de/de-de/tierarztkosten/821-intraokulaeren-tumor-entfernen/,GOT-Einzelseite,350,noindex,nein,392,Intraokulären Tumor entfernen — GOT-Nr. 821 — Dein Haustierportal,allgemeine GOT-Leistung ohne eindeutigen Tierartbezug
785,https://deinhaustierportal.de/de-de/tierarztkosten/822-gruener-star-chirurgische-behandlung/,GOT-Einzelseite,350,noindex,nein,359,"Grüner Star, chirurgische Behandlung — GOT-Nr. 822 — Dein Haustierportal",allgemeine GOT-Leistung ohne eindeutigen Tierartbezug
786,https://deinhaustierportal.de/de-de/tierarztkosten/824-linsenverlagerung-chirurgische-behandlung/,GOT-Einzelseite,350,noindex,nein,363,"Linsenverlagerung, chirurgische Behandlung — GOT-Nr. 824 — Dein Haustierportal",allgemeine GOT-Leistung ohne eindeutigen Tierartbezug
787,https://deinhaustierportal.de/de-de/tierarztkosten/825-grauer-star-chirurgische-behandlung/,GOT-Einzelseite,350,noindex,nein,364,"Grauer Star, chirurgische Behandlung — GOT-Nr. 825 — Dein Haustierportal",allgemeine GOT-Leistung ohne eindeutigen Tierartbezug
788,https://deinhaustierportal.de/de-de/tierarztkosten/827-glaskoerperentfernung-teilweise-zusaetzlich/,GOT-Einzelseite,350,noindex,nein,358,"Glaskörperentfernung, teilweise, zusätzlich — GOT-Nr. 827 — Dein Haustierportal",allgemeine GOT-Leistung ohne eindeutigen Tierartbezug
789,https://deinhaustierportal.de/de-de/tierarztkosten/828-glaskoerperentfernung/,GOT-Einzelseite,350,noindex,nein,356,Glaskörperentfernung — GOT-Nr. 828 — Dein Haustierportal,allgemeine GOT-Leistung ohne eindeutigen Tierartbezug
790,https://deinhaustierportal.de/de-de/tierarztkosten/831-eroeffnung-eines-retrobulbaeren-abszesses/,GOT-Einzelseite,350,noindex,nein,369,Eröffnung eines retrobulbären Abszesses — GOT-Nr. 831 — Dein Haustierportal,allgemeine GOT-Leistung ohne eindeutigen Tierartbezug
791,https://deinhaustierportal.de/de-de/tierarztkosten/833-parabulbaeren-tumor-entfernen-ohne-osteotomie/,GOT-Einzelseite,350,noindex,nein,370,"Parabulbären Tumor entfernen, ohne Osteotomie — GOT-Nr. 833 — Dein Haustierportal",allgemeine GOT-Leistung ohne eindeutigen Tierartbezug
792,https://deinhaustierportal.de/de-de/tierarztkosten/834-orthopaedische-untersuchung/,GOT-Einzelseite,350,noindex,nein,382,Orthopädische Untersuchung — GOT-Nr. 834 — Dein Haustierportal,allgemeine GOT-Leistung ohne eindeutigen Tierartbezug
793,https://deinhaustierportal.de/de-de/tierarztkosten/836-lahmheitsuntersuchung/,GOT-Einzelseite,350,noindex,nein,381,Lahmheitsuntersuchung — GOT-Nr. 836 — Dein Haustierportal,allgemeine GOT-Leistung ohne eindeutigen Tierartbezug
794,https://deinhaustierportal.de/de-de/tierarztkosten/838-ringentfernung/,GOT-Einzelseite,350,noindex,nein,381,Ringentfernung — GOT-Nr. 838 — Dein Haustierportal,allgemeine GOT-Leistung ohne eindeutigen Tierartbezug
795,https://deinhaustierportal.de/de-de/tierarztkosten/840-ringentfernung-grosspsittaciden/,GOT-Einzelseite,350,noindex,nein,382,Ringentfernung Großpsittaciden — GOT-Nr. 840 — Dein Haustierportal,allgemeine GOT-Leistung ohne eindeutigen Tierartbezug
796,https://deinhaustierportal.de/de-de/tierarztkosten/846-amputation-klaue-je-klaue/,GOT-Einzelseite,350,noindex,nein,400,"Amputation Klaue, je Klaue — GOT-Nr. 846 — Dein Haustierportal",allgemeine GOT-Leistung ohne eindeutigen Tierartbezug
797,https://deinhaustierportal.de/de-de/tierarztkosten/847-amputation-zehe-tief-je-zehe/,GOT-Einzelseite,350,noindex,nein,401,"Amputation Zehe tief, je Zehe — GOT-Nr. 847 — Dein Haustierportal",allgemeine GOT-Leistung ohne eindeutigen Tierartbezug
798,https://deinhaustierportal.de/de-de/tierarztkosten/848-amputation-zehe-hoch-je-zehe/,GOT-Einzelseite,350,noindex,nein,401,"Amputation Zehe hoch, je Zehe — GOT-Nr. 848 — Dein Haustierportal",allgemeine GOT-Leistung ohne eindeutigen Tierartbezug
799,https://deinhaustierportal.de/de-de/tierarztkosten/849-amputation-groesserer-teile-von-extremitaeten/,GOT-Einzelseite,350,noindex,nein,401,Amputation größerer Teile von Extremitäten — GOT-Nr. 849 — Dein Haustierportal,allgemeine GOT-Leistung ohne eindeutigen Tierartbezug
800,https://deinhaustierportal.de/de-de/tierarztkosten/855-frakturbehandlung-operativ-osteosynthese-fraktur/,GOT-Einzelseite,350,noindex,nein,389,Frakturbehandlung operativ/Osteosynthese Fraktur — GOT-Nr. 855 — Dein Haustierportal,allgemeine GOT-Leistung ohne eindeutigen Tierartbezug
801,https://deinhaustierportal.de/de-de/tierarztkosten/858-implantat-entfernung/,GOT-Einzelseite,350,noindex,nein,387,Implantat-Entfernung — GOT-Nr. 858 — Dein Haustierportal,allgemeine GOT-Leistung ohne eindeutigen Tierartbezug
802,https://deinhaustierportal.de/de-de/tierarztkosten/861-arthroskopie-diagnostisch/,GOT-Einzelseite,350,noindex,nein,388,Arthroskopie diagnostisch — GOT-Nr. 861 — Dein Haustierportal,allgemeine GOT-Leistung ohne eindeutigen Tierartbezug
803,https://deinhaustierportal.de/de-de/tierarztkosten/862-tendovaginoskopie/,GOT-Einzelseite,350,noindex,nein,387,Tendovaginoskopie — GOT-Nr. 862 — Dein Haustierportal,allgemeine GOT-Leistung ohne eindeutigen Tierartbezug
804,https://deinhaustierportal.de/de-de/tierarztkosten/863-bursoskopie/,GOT-Einzelseite,350,noindex,nein,387,Bursoskopie — GOT-Nr. 863 — Dein Haustierportal,allgemeine GOT-Leistung ohne eindeutigen Tierartbezug
805,https://deinhaustierportal.de/de-de/tierarztkosten/864-arthroskopische-operation-einschliesslich-diagnostische-arth/,GOT-Einzelseite,350,noindex,nein,391,Arthroskopische Operation einschließlich diagnostische Arthroskopie — GOT-Nr. 864 — Dein Haustierportal,allgemeine GOT-Leistung ohne eindeutigen Tierartbezug
806,https://deinhaustierportal.de/de-de/tierarztkosten/866-arthrotomische-operation-ohne-fixation/,GOT-Einzelseite,350,noindex,nein,390,Arthrotomische Operation ohne Fixation — GOT-Nr. 866 — Dein Haustierportal,allgemeine GOT-Leistung ohne eindeutigen Tierartbezug
807,https://deinhaustierportal.de/de-de/tierarztkosten/867-arthrotomische-operation-mit-fixation/,GOT-Einzelseite,350,noindex,nein,390,Arthrotomische Operation mit Fixation — GOT-Nr. 867 — Dein Haustierportal,allgemeine GOT-Leistung ohne eindeutigen Tierartbezug
808,https://deinhaustierportal.de/de-de/tierarztkosten/868-arthrodese-ohne-fixation/,GOT-Einzelseite,350,noindex,nein,388,Arthrodese ohne Fixation — GOT-Nr. 868 — Dein Haustierportal,allgemeine GOT-Leistung ohne eindeutigen Tierartbezug
809,https://deinhaustierportal.de/de-de/tierarztkosten/869-arthrodese-mit-fixation/,GOT-Einzelseite,350,noindex,nein,388,Arthrodese mit Fixation — GOT-Nr. 869 — Dein Haustierportal,allgemeine GOT-Leistung ohne eindeutigen Tierartbezug
810,https://deinhaustierportal.de/de-de/tierarztkosten/870-femurkopfresektion/,GOT-Einzelseite,350,noindex,nein,384,Femurkopfresektion — GOT-Nr. 870 — Dein Haustierportal,allgemeine GOT-Leistung ohne eindeutigen Tierartbezug
811,https://deinhaustierportal.de/de-de/tierarztkosten/871-tenotomie-des-lig-patellae-med/,GOT-Einzelseite,350,noindex,nein,392,Tenotomie des Lig. patellae med. — GOT-Nr. 871 — Dein Haustierportal,allgemeine GOT-Leistung ohne eindeutigen Tierartbezug
812,https://deinhaustierportal.de/de-de/tierarztkosten/872-operative-therapie-einer-patellaluxation/,GOT-Einzelseite,350,noindex,nein,390,Operative Therapie einer Patellaluxation — GOT-Nr. 872 — Dein Haustierportal,allgemeine GOT-Leistung ohne eindeutigen Tierartbezug
813,https://deinhaustierportal.de/de-de/tierarztkosten/873-operative-therapie-einer-patellaluxation-kombination-mehrere/,GOT-Einzelseite,350,noindex,nein,396,"Operative Therapie einer Patellaluxation, Kombination mehrerer Operationstechniken — GOT-Nr. 873 — Dein Haustierportal",allgemeine GOT-Leistung ohne eindeutigen Tierartbezug
814,https://deinhaustierportal.de/de-de/tierarztkosten/874-kreuzbandoperation/,GOT-Einzelseite,350,noindex,nein,384,Kreuzbandoperation — GOT-Nr. 874 — Dein Haustierportal,allgemeine GOT-Leistung ohne eindeutigen Tierartbezug
815,https://deinhaustierportal.de/de-de/tierarztkosten/875-zusaetzlich-fixation/,GOT-Einzelseite,350,noindex,nein,386,zusätzlich Fixation — GOT-Nr. 875 — Dein Haustierportal,allgemeine GOT-Leistung ohne eindeutigen Tierartbezug
816,https://deinhaustierportal.de/de-de/tierarztkosten/876-zusaetzlich-meniskusresektion/,GOT-Einzelseite,350,noindex,nein,386,zusätzlich Meniskusresektion — GOT-Nr. 876 — Dein Haustierportal,allgemeine GOT-Leistung ohne eindeutigen Tierartbezug
817,https://deinhaustierportal.de/de-de/tierarztkosten/877-operative-therapie-einer-ruptur-der-seitenbaender/,GOT-Einzelseite,350,noindex,nein,394,Operative Therapie einer Ruptur der Seitenbänder — GOT-Nr. 877 — Dein Haustierportal,allgemeine GOT-Leistung ohne eindeutigen Tierartbezug
818,https://deinhaustierportal.de/de-de/tierarztkosten/878-tenektomie-des-med-endschenkels-des-m-tibialis-cran-spatsehn/,GOT-Einzelseite,350,noindex,nein,400,Tenektomie des med. Endschenkels des M. Tibialis cran. (Spatsehne) — GOT-Nr. 878 — Dein Haustierportal,allgemeine GOT-Leistung ohne eindeutigen Tierartbezug
819,https://deinhaustierportal.de/de-de/tierarztkosten/879-totalendoprothese/,GOT-Einzelseite,350,noindex,nein,384,Totalendoprothese — GOT-Nr. 879 — Dein Haustierportal,allgemeine GOT-Leistung ohne eindeutigen Tierartbezug
820,https://deinhaustierportal.de/de-de/tierarztkosten/880-hufbeschlagsempfehlung-schriftlich/,GOT-Einzelseite,350,noindex,nein,386,"Hufbeschlagsempfehlung, schriftlich — GOT-Nr. 880 — Dein Haustierportal",allgemeine GOT-Leistung ohne eindeutigen Tierartbezug
821,https://deinhaustierportal.de/de-de/tierarztkosten/881-hornsaeulenoperation/,GOT-Einzelseite,350,noindex,nein,385,Hornsäulenoperation — GOT-Nr. 881 — Dein Haustierportal,allgemeine GOT-Leistung ohne eindeutigen Tierartbezug
822,https://deinhaustierportal.de/de-de/tierarztkosten/882-huforthopaedie-hufabszess-u-ae/,GOT-Einzelseite,350,noindex,nein,388,"Huforthopädie, Hufabszess u. ä. — GOT-Nr. 882 — Dein Haustierportal",allgemeine GOT-Leistung ohne eindeutigen Tierartbezug
823,https://deinhaustierportal.de/de-de/tierarztkosten/883-hufkrebs-radikaloperation-je-huf/,GOT-Einzelseite,350,noindex,nein,388,"Hufkrebs (Radikaloperation), je Huf — GOT-Nr. 883 — Dein Haustierportal",allgemeine GOT-Leistung ohne eindeutigen Tierartbezug
824,https://deinhaustierportal.de/de-de/tierarztkosten/884-klauenkorrektur/,GOT-Einzelseite,350,noindex,nein,385,Klauenkorrektur — GOT-Nr. 884 — Dein Haustierportal,allgemeine GOT-Leistung ohne eindeutigen Tierartbezug
825,https://deinhaustierportal.de/de-de/tierarztkosten/885-klauenorthopaedie-sohlengeschwuer-u-ae/,GOT-Einzelseite,350,noindex,nein,388,"Klauenorthopädie, Sohlengeschwür u. ä. — GOT-Nr. 885 — Dein Haustierportal",allgemeine GOT-Leistung ohne eindeutigen Tierartbezug
826,https://deinhaustierportal.de/de-de/tierarztkosten/886-klauenprothese-kleben-kothurn-anbringen/,GOT-Einzelseite,350,noindex,nein,388,"Klauenprothese kleben, Kothurn anbringen — GOT-Nr. 886 — Dein Haustierportal",allgemeine GOT-Leistung ohne eindeutigen Tierartbezug
827,https://deinhaustierportal.de/de-de/tierarztkosten/888-panaritiumoperation-limax-je-fuss/,GOT-Einzelseite,350,noindex,nein,388,"Panaritiumoperation, Limax, je Fuß — GOT-Nr. 888 — Dein Haustierportal",allgemeine GOT-Leistung ohne eindeutigen Tierartbezug
828,https://deinhaustierportal.de/de-de/tierarztkosten/889-klauenspitzenresektion/,GOT-Einzelseite,350,noindex,nein,382,Klauenspitzenresektion — GOT-Nr. 889 — Dein Haustierportal,allgemeine GOT-Leistung ohne eindeutigen Tierartbezug
829,https://deinhaustierportal.de/de-de/tierarztkosten/890-nervenschnitt-je-gliedmasse/,GOT-Einzelseite,350,noindex,nein,384,"Nervenschnitt, je Gliedmaße — GOT-Nr. 890 — Dein Haustierportal",allgemeine GOT-Leistung ohne eindeutigen Tierartbezug
830,https://deinhaustierportal.de/de-de/tierarztkosten/891-pectineusmyoektomie-einseitig/,GOT-Einzelseite,350,noindex,nein,383,"Pectineusmyoektomie, einseitig — GOT-Nr. 891 — Dein Haustierportal",allgemeine GOT-Leistung ohne eindeutigen Tierartbezug
831,https://deinhaustierportal.de/de-de/tierarztkosten/892-zusaetzlich-neurotomie/,GOT-Einzelseite,350,noindex,nein,383,zusätzlich Neurotomie — GOT-Nr. 892 — Dein Haustierportal,allgemeine GOT-Leistung ohne eindeutigen Tierartbezug
832,https://deinhaustierportal.de/de-de/tierarztkosten/893-exstirpation-eines-schleimbeutels/,GOT-Einzelseite,350,noindex,nein,384,Exstirpation eines Schleimbeutels — GOT-Nr. 893 — Dein Haustierportal,allgemeine GOT-Leistung ohne eindeutigen Tierartbezug
833,https://deinhaustierportal.de/de-de/tierarztkosten/894-sehnen-und-muskelnaht/,GOT-Einzelseite,350,noindex,nein,384,Sehnen- und Muskelnaht — GOT-Nr. 894 — Dein Haustierportal,allgemeine GOT-Leistung ohne eindeutigen Tierartbezug
834,https://deinhaustierportal.de/de-de/tierarztkosten/896-sehnenspaltung-splitting/,GOT-Einzelseite,350,noindex,nein,383,Sehnenspaltung (Splitting) — GOT-Nr. 896 — Dein Haustierportal,allgemeine GOT-Leistung ohne eindeutigen Tierartbezug
835,https://deinhaustierportal.de/de-de/tierarztkosten/897-operative-therapie-eines-sohlenballengeschwuers/,GOT-Einzelseite,350,noindex,nein,387,Operative Therapie eines Sohlenballengeschwürs — GOT-Nr. 897 — Dein Haustierportal,allgemeine GOT-Leistung ohne eindeutigen Tierartbezug
836,https://deinhaustierportal.de/de-de/tierarztkosten/899-operative-therapie-stelzfuss-tenotomie-der-beugesehen/,GOT-Einzelseite,350,noindex,nein,391,"Operative Therapie Stelzfuß, Tenotomie der Beugesehen — GOT-Nr. 899 — Dein Haustierportal",allgemeine GOT-Leistung ohne eindeutigen Tierartbezug
837,https://deinhaustierportal.de/de-de/tierarztkosten/900-tripeltenektomie-spastische-parese/,GOT-Einzelseite,350,noindex,nein,385,Tripeltenektomie (spastische Parese) — GOT-Nr. 900 — Dein Haustierportal,allgemeine GOT-Leistung ohne eindeutigen Tierartbezug
838,https://deinhaustierportal.de/de-de/tierarztkosten/901-spongiosagewinnung/,GOT-Einzelseite,350,noindex,nein,381,Spongiosagewinnung — GOT-Nr. 901 — Dein Haustierportal,allgemeine GOT-Leistung ohne eindeutigen Tierartbezug
839,https://deinhaustierportal.de/de-de/tierarztkosten/902-spongiosatransplantation/,GOT-Einzelseite,350,noindex,nein,381,Spongiosatransplantation — GOT-Nr. 902 — Dein Haustierportal,allgemeine GOT-Leistung ohne eindeutigen Tierartbezug
840,https://deinhaustierportal.de/de-de/tierarztkosten/903-eingehende-untersuchung-einzelner-organe/,GOT-Einzelseite,350,noindex,nein,377,Eingehende Untersuchung einzelner Organe — GOT-Nr. 903 — Dein Haustierportal,allgemeine GOT-Leistung ohne eindeutigen Tierartbezug
841,https://deinhaustierportal.de/de-de/tierarztkosten/907-inhalation-therapeutisch-je-angefangene-15-minuten/,GOT-Einzelseite,350,noindex,nein,353,"Inhalation, therapeutisch, je angefangene 15 Minuten — GOT-Nr. 907 — Dein Haustierportal",allgemeine GOT-Leistung ohne eindeutigen Tierartbezug
842,https://deinhaustierportal.de/de-de/tierarztkosten/910-einsetzen-eines-trachealen-stents/,GOT-Einzelseite,350,noindex,nein,396,Einsetzen eines trachealen Stents — GOT-Nr. 910 — Dein Haustierportal,allgemeine GOT-Leistung ohne eindeutigen Tierartbezug
843,https://deinhaustierportal.de/de-de/tierarztkosten/911-kehlkopfpfeifen-operation/,GOT-Einzelseite,350,noindex,nein,394,"Kehlkopfpfeifen, Operation — GOT-Nr. 911 — Dein Haustierportal",allgemeine GOT-Leistung ohne eindeutigen Tierartbezug
844,https://deinhaustierportal.de/de-de/tierarztkosten/915-thorakozenthese/,GOT-Einzelseite,350,noindex,nein,390,Thorakozenthese — GOT-Nr. 915 — Dein Haustierportal,allgemeine GOT-Leistung ohne eindeutigen Tierartbezug
845,https://deinhaustierportal.de/de-de/tierarztkosten/916-thoraxdrainage-legen/,GOT-Einzelseite,350,noindex,nein,392,Thoraxdrainage legen — GOT-Nr. 916 — Dein Haustierportal,allgemeine GOT-Leistung ohne eindeutigen Tierartbezug
846,https://deinhaustierportal.de/de-de/tierarztkosten/917-pneumothorax-chirurgische-behandlung/,GOT-Einzelseite,350,noindex,nein,394,"Pneumothorax, chirurgische Behandlung — GOT-Nr. 917 — Dein Haustierportal",allgemeine GOT-Leistung ohne eindeutigen Tierartbezug
847,https://deinhaustierportal.de/de-de/tierarztkosten/919-thorakotomie/,GOT-Einzelseite,350,noindex,nein,390,Thorakotomie — GOT-Nr. 919 — Dein Haustierportal,allgemeine GOT-Leistung ohne eindeutigen Tierartbezug
848,https://deinhaustierportal.de/de-de/tierarztkosten/920-lungenlappenresektion/,GOT-Einzelseite,350,noindex,nein,390,Lungenlappenresektion — GOT-Nr. 920 — Dein Haustierportal,allgemeine GOT-Leistung ohne eindeutigen Tierartbezug
849,https://deinhaustierportal.de/de-de/tierarztkosten/921-eingehende-untersuchung-einzelner-organe-des-stomatognathen/,GOT-Einzelseite,350,noindex,nein,365,Eingehende Untersuchung einzelner Organe des stomatognathen Systems — GOT-Nr. 921 — Dein Haustierportal,allgemeine GOT-Leistung ohne eindeutigen Tierartbezug
850,https://deinhaustierportal.de/de-de/tierarztkosten/922-kieferorthopaedische-befunderhebung-und-therapieplanung/,GOT-Einzelseite,350,noindex,nein,362,Kieferorthopädische Befunderhebung und Therapieplanung — GOT-Nr. 922 — Dein Haustierportal,allgemeine GOT-Leistung ohne eindeutigen Tierartbezug
851,https://deinhaustierportal.de/de-de/tierarztkosten/923-abdrucknahme-je-kiefer/,GOT-Einzelseite,350,noindex,nein,356,"Abdrucknahme, je Kiefer — GOT-Nr. 923 — Dein Haustierportal",allgemeine GOT-Leistung ohne eindeutigen Tierartbezug
852,https://deinhaustierportal.de/de-de/tierarztkosten/926-einschleiftherapie-und-korrekturen-bei-stellungsanomalie/,GOT-Einzelseite,350,noindex,nein,394,Einschleiftherapie und Korrekturen bei Stellungsanomalie — GOT-Nr. 926 — Dein Haustierportal,allgemeine GOT-Leistung ohne eindeutigen Tierartbezug
853,https://deinhaustierportal.de/de-de/tierarztkosten/934-kontrolle-und-justierung-kieferorthopaedischer-apparate/,GOT-Einzelseite,350,noindex,nein,414,Kontrolle und Justierung kieferorthopädischer Apparate — GOT-Nr. 934 — Dein Haustierportal,allgemeine GOT-Leistung ohne eindeutigen Tierartbezug
854,https://deinhaustierportal.de/de-de/tierarztkosten/935-einsetzen-von-verankerungselementen-brackets-je-stueck/,GOT-Einzelseite,350,noindex,nein,415,"Einsetzen von Verankerungselementen (Brackets), je Stück — GOT-Nr. 935 — Dein Haustierportal",allgemeine GOT-Leistung ohne eindeutigen Tierartbezug
855,https://deinhaustierportal.de/de-de/tierarztkosten/936-anpassen-und-einsetzen-von-gummiligaturen-pro-kieferseite/,GOT-Einzelseite,350,noindex,nein,416,"Anpassen und Einsetzen von Gummiligaturen, pro Kieferseite — GOT-Nr. 936 — Dein Haustierportal",allgemeine GOT-Leistung ohne eindeutigen Tierartbezug
856,https://deinhaustierportal.de/de-de/tierarztkosten/937-einsetzen-laborgefertigter-kieferorthopaedischer-apparaturen/,GOT-Einzelseite,350,noindex,nein,413,Einsetzen laborgefertigter kieferorthopädischer Apparaturen — GOT-Nr. 937 — Dein Haustierportal,allgemeine GOT-Leistung ohne eindeutigen Tierartbezug
857,https://deinhaustierportal.de/de-de/tierarztkosten/938-einsetzen-einer-am-patienten-modellierten-kieferorthopaedisc/,GOT-Einzelseite,350,noindex,nein,419,Einsetzen einer am Patienten modellierten kieferorthopädischen Apparatur — GOT-Nr. 938 — Dein Haustierportal,allgemeine GOT-Leistung ohne eindeutigen Tierartbezug
858,https://deinhaustierportal.de/de-de/tierarztkosten/939-entfernung-von-verankerungselementen-brackets-einschliesslic/,GOT-Einzelseite,350,noindex,nein,383,"Entfernung von Verankerungselementen (Brackets) einschließlich Politur, je Stück — GOT-Nr. 939 — Dein Haustierportal",allgemeine GOT-Leistung ohne eindeutigen Tierartbezug
859,https://deinhaustierportal.de/de-de/tierarztkosten/940-entfernung-kieferorthopaedischer-apparaturen-einschliesslich/,GOT-Einzelseite,350,noindex,nein,380,Entfernung kieferorthopädischer Apparaturen einschließlich Politur — GOT-Nr. 940 — Dein Haustierportal,allgemeine GOT-Leistung ohne eindeutigen Tierartbezug
860,https://deinhaustierportal.de/de-de/tierarztkosten/944-wurzelbehandlung/,GOT-Einzelseite,350,noindex,nein,359,Wurzelbehandlung — GOT-Nr. 944 — Dein Haustierportal,allgemeine GOT-Leistung ohne eindeutigen Tierartbezug
861,https://deinhaustierportal.de/de-de/tierarztkosten/961-gingivektomie/,GOT-Einzelseite,350,noindex,nein,350,Gingivektomie — GOT-Nr. 961 — Dein Haustierportal,allgemeine GOT-Leistung ohne eindeutigen Tierartbezug
862,https://deinhaustierportal.de/de-de/tierarztkosten/968-entfernen-von-epuliden/,GOT-Einzelseite,350,noindex,nein,358,Entfernen von Epuliden — GOT-Nr. 968 — Dein Haustierportal,allgemeine GOT-Leistung ohne eindeutigen Tierartbezug
863,https://deinhaustierportal.de/de-de/tierarztkosten/972-unterkiefersymphysiolyse/,GOT-Einzelseite,350,noindex,nein,369,Unterkiefersymphysiolyse — GOT-Nr. 972 — Dein Haustierportal,allgemeine GOT-Leistung ohne eindeutigen Tierartbezug
864,https://deinhaustierportal.de/de-de/tierarztkosten/974-verriegelung-der-mundspalte-verblockung/,GOT-Einzelseite,350,noindex,nein,372,Verriegelung der Mundspalte (Verblockung) — GOT-Nr. 974 — Dein Haustierportal,allgemeine GOT-Leistung ohne eindeutigen Tierartbezug
865,https://deinhaustierportal.de/de-de/tierarztkosten/976-entfernung-von-unterkiefer-oder-oberkieferteilen/,GOT-Einzelseite,350,noindex,nein,382,Entfernung von Unterkiefer- oder Oberkieferteilen — GOT-Nr. 976 — Dein Haustierportal,allgemeine GOT-Leistung ohne eindeutigen Tierartbezug
866,https://deinhaustierportal.de/de-de/tierarztkosten/978-partielle-resektion-des-kiefergelenks/,GOT-Einzelseite,350,noindex,nein,381,Partielle Resektion des Kiefergelenks — GOT-Nr. 978 — Dein Haustierportal,allgemeine GOT-Leistung ohne eindeutigen Tierartbezug
867,https://deinhaustierportal.de/de-de/tierarztkosten/980-eingehende-klinische-untersuchung-einzelner-organe/,GOT-Einzelseite,350,noindex,nein,349,Eingehende klinische Untersuchung einzelner Organe — GOT-Nr. 980 — Dein Haustierportal,allgemeine GOT-Leistung ohne eindeutigen Tierartbezug
868,https://deinhaustierportal.de/de-de/tierarztkosten/984-blase-manuell-entleeren/,GOT-Einzelseite,350,noindex,nein,402,Blase manuell entleeren — GOT-Nr. 984 — Dein Haustierportal,allgemeine GOT-Leistung ohne eindeutigen Tierartbezug
869,https://deinhaustierportal.de/de-de/tierarztkosten/996-zystotomie-einschliesslich-laparotomie/,GOT-Einzelseite,350,noindex,nein,384,Zystotomie einschließlich Laparotomie — GOT-Nr. 996 — Dein Haustierportal,allgemeine GOT-Leistung ohne eindeutigen Tierartbezug
870,https://deinhaustierportal.de/de-de/tierarztkosten/999-urachusoperation/,GOT-Einzelseite,350,noindex,nein,382,Urachusoperation — GOT-Nr. 999 — Dein Haustierportal,allgemeine GOT-Leistung ohne eindeutigen Tierartbezug
871,https://deinhaustierportal.de/de-de/tierarztkosten/1003-partielle-blasenresektion-und-augmentation-kompliziert/,GOT-Einzelseite,349,noindex,nein,390,Partielle Blasenresektion und Augmentation kompliziert — GOT-Nr. 1003 — Dein Haustierportal,allgemeine GOT-Leistung ohne eindeutigen Tierartbezug
872,https://deinhaustierportal.de/de-de/tierarztkosten/102-punktion-abszess-zyste-kompliziert/,GOT-Einzelseite,349,noindex,nein,381,"Punktion, Abszess, Zyste, kompliziert — GOT-Nr. 102 — Dein Haustierportal",allgemeine GOT-Leistung ohne eindeutigen Tierartbezug
873,https://deinhaustierportal.de/de-de/tierarztkosten/135-sektion-mit-pathologisch-anatomischen-und-histologischen-dia/,GOT-Einzelseite,349,noindex,nein,404,"Sektion mit pathologisch-anatomischen und histologischen Diagnosen einschließlich Bericht, Pelztier, Zucht- und Mastkaninchen — GOT-Nr. 135 — Dein Haustierportal",allgemeine GOT-Leistung ohne eindeutigen Tierartbezug
874,https://deinhaustierportal.de/de-de/tierarztkosten/148-mikroskopische-untersuchung-mykologie-tumordiagnostik-bakter/,GOT-Einzelseite,349,noindex,nein,440,"Mikroskopische Untersuchung (Mykologie, Tumordiagnostik, Bakteriologie, Parasitologie, Zelldiagnostik) mit Anwendung eines Nativpräparats — GOT-Nr. 148 — Dein Haustierportal",allgemeine GOT-Leistung ohne eindeutigen Tierartbezug
875,https://deinhaustierportal.de/de-de/tierarztkosten/149-mikroskopische-untersuchung-mykologie-tumordiagnostik-bakter/,GOT-Einzelseite,349,noindex,nein,440,"Mikroskopische Untersuchung (Mykologie, Tumordiagnostik, Bakteriologie, Parasitologie, Zelldiagnostik) mit Anwendung einfacher Färbeverfahren — GOT-Nr. 149 — Dein Haustierportal",allgemeine GOT-Leistung ohne eindeutigen Tierartbezug
876,https://deinhaustierportal.de/de-de/tierarztkosten/150-mikroskopische-untersuchung-mykologie-tumordiagnostik-bakter/,GOT-Einzelseite,349,noindex,nein,446,"Mikroskopische Untersuchung (Mykologie, Tumordiagnostik, Bakteriologie, Parasitologie, Zelldiagnostik) mit Anwendung besonderer (differenzierender) Färbeverfahren oder Anreicherungsverfahren — GOT-Nr. 150 — Dein Haustierportal",allgemeine GOT-Leistung ohne eindeutigen Tierartbezug
877,https://deinhaustierportal.de/de-de/tierarztkosten/193-bestrahlungstherapie-mittels-linearbeschleuniger-palliatives/,GOT-Einzelseite,349,noindex,nein,434,"Bestrahlungstherapie mittels Linearbeschleuniger (palliatives Protokoll, ohne Planungs- oder Kontroll-CT), pro Bestrahlung — GOT-Nr. 193 — Dein Haustierportal",allgemeine GOT-Leistung ohne eindeutigen Tierartbezug
878,https://deinhaustierportal.de/de-de/tierarztkosten/194-bestrahlungstherapie-mittels-linearbeschleuniger-palliatives/,GOT-Einzelseite,349,noindex,nein,438,"Bestrahlungstherapie mittels Linearbeschleuniger (palliatives Protokoll bei Osteosarkom oder Arthrose, ohne Planungs- oder Kontroll-CT), pro Bestrahlung — GOT-Nr. 194 — Dein Haustierportal",allgemeine GOT-Leistung ohne eindeutigen Tierartbezug
879,https://deinhaustierportal.de/de-de/tierarztkosten/363-praeputialbehandlung-kompliziert/,GOT-Einzelseite,349,noindex,nein,368,"Präputialbehandlung, kompliziert — GOT-Nr. 363 — Dein Haustierportal",allgemeine GOT-Leistung ohne eindeutigen Tierartbezug
880,https://deinhaustierportal.de/de-de/tierarztkosten/365-penisreposition-kompliziert/,GOT-Einzelseite,349,noindex,nein,368,"Penisreposition, kompliziert — GOT-Nr. 365 — Dein Haustierportal",allgemeine GOT-Leistung ohne eindeutigen Tierartbezug
881,https://deinhaustierportal.de/de-de/tierarztkosten/408-abszessspaltung-kompliziert/,GOT-Einzelseite,349,noindex,nein,381,"Abszessspaltung, kompliziert — GOT-Nr. 408 — Dein Haustierportal",allgemeine GOT-Leistung ohne eindeutigen Tierartbezug
882,https://deinhaustierportal.de/de-de/tierarztkosten/410-fisteloperation-kompliziert/,GOT-Einzelseite,349,noindex,nein,381,"Fisteloperation, kompliziert — GOT-Nr. 410 — Dein Haustierportal",allgemeine GOT-Leistung ohne eindeutigen Tierartbezug
883,https://deinhaustierportal.de/de-de/tierarztkosten/413-tumor-operation-kompliziert/,GOT-Einzelseite,349,noindex,nein,381,"Tumor-Operation, kompliziert — GOT-Nr. 413 — Dein Haustierportal",allgemeine GOT-Leistung ohne eindeutigen Tierartbezug
884,https://deinhaustierportal.de/de-de/tierarztkosten/421-wundverschluss-kompliziert/,GOT-Einzelseite,349,noindex,nein,377,"Wundverschluss, kompliziert — GOT-Nr. 421 — Dein Haustierportal",allgemeine GOT-Leistung ohne eindeutigen Tierartbezug
885,https://deinhaustierportal.de/de-de/tierarztkosten/452-manuelle-entleerung-des-enddarms-z-b-bei-rektumdivertikel-ko/,GOT-Einzelseite,349,noindex,nein,414,"Manuelle Entleerung des Enddarms (z. B. bei Rektumdivertikel), kompliziert — GOT-Nr. 452 — Dein Haustierportal",allgemeine GOT-Leistung ohne eindeutigen Tierartbezug
886,https://deinhaustierportal.de/de-de/tierarztkosten/454-darmeinlauf-koprostase-behandeln-kompliziert/,GOT-Einzelseite,349,noindex,nein,404,"Darmeinlauf, Koprostase behandeln, kompliziert — GOT-Nr. 454 — Dein Haustierportal",allgemeine GOT-Leistung ohne eindeutigen Tierartbezug
887,https://deinhaustierportal.de/de-de/tierarztkosten/491-kloakenvorfall-operation-kompliziert/,GOT-Einzelseite,349,noindex,nein,387,"Kloakenvorfall-Operation, kompliziert — GOT-Nr. 491 — Dein Haustierportal",allgemeine GOT-Leistung ohne eindeutigen Tierartbezug
888,https://deinhaustierportal.de/de-de/tierarztkosten/550-embryotransfer-lagerung-von-tiefgefrierembryonen-einschliess/,GOT-Einzelseite,349,noindex,nein,441,"Embryotransfer, Lagerung von Tiefgefrierembryonen (einschließlich Transport), pro Embryo, pro Monat, einschließlich einer Spülung ohne Mengenbegrenzung der Embryonen — GOT-Nr. 550 — Dein Haustierportal",allgemeine GOT-Leistung ohne eindeutigen Tierartbezug
889,https://deinhaustierportal.de/de-de/tierarztkosten/558-geburtshilfe-kompliziert-kuh/,GOT-Einzelseite,349,noindex,nein,404,"Geburtshilfe, kompliziert, Kuh — GOT-Nr. 558 — Dein Haustierportal",allgemeine GOT-Leistung ohne eindeutigen Tierartbezug
890,https://deinhaustierportal.de/de-de/tierarztkosten/560-legenot-beseitigen-konservativ-kompliziert/,GOT-Einzelseite,349,noindex,nein,406,"Legenot beseitigen, konservativ, kompliziert — GOT-Nr. 560 — Dein Haustierportal",allgemeine GOT-Leistung ohne eindeutigen Tierartbezug
891,https://deinhaustierportal.de/de-de/tierarztkosten/562-nachgeburtsabloesung-kompliziert/,GOT-Einzelseite,349,noindex,nein,402,"Nachgeburtsablösung, kompliziert — GOT-Nr. 562 — Dein Haustierportal",allgemeine GOT-Leistung ohne eindeutigen Tierartbezug
892,https://deinhaustierportal.de/de-de/tierarztkosten/565-gebaermuttervorfall-reposition-kompliziert/,GOT-Einzelseite,349,noindex,nein,404,"Gebärmuttervorfall, Reposition, kompliziert — GOT-Nr. 565 — Dein Haustierportal",allgemeine GOT-Leistung ohne eindeutigen Tierartbezug
893,https://deinhaustierportal.de/de-de/tierarztkosten/569-gebaermuttervorfall-reposition-kompliziert-kuh/,GOT-Einzelseite,349,noindex,nein,406,"Gebärmuttervorfall, Reposition, kompliziert, Kuh — GOT-Nr. 569 — Dein Haustierportal",allgemeine GOT-Leistung ohne eindeutigen Tierartbezug
894,https://deinhaustierportal.de/de-de/tierarztkosten/571-gebaermuttervorfall-reposition-kompliziert-sau/,GOT-Einzelseite,349,noindex,nein,406,"Gebärmuttervorfall, Reposition, kompliziert, Sau — GOT-Nr. 571 — Dein Haustierportal",allgemeine GOT-Leistung ohne eindeutigen Tierartbezug
895,https://deinhaustierportal.de/de-de/tierarztkosten/573-torsio-uteri-retorsion-kompliziert/,GOT-Einzelseite,349,noindex,nein,406,"Torsio uteri, Retorsion, kompliziert — GOT-Nr. 573 — Dein Haustierportal",allgemeine GOT-Leistung ohne eindeutigen Tierartbezug
896,https://deinhaustierportal.de/de-de/tierarztkosten/582-naht-der-weichen-geburtswege-vulvaplastik-kompliziert/,GOT-Einzelseite,349,noindex,nein,401,"Naht der weichen Geburtswege/Vulvaplastik, kompliziert — GOT-Nr. 582 — Dein Haustierportal",allgemeine GOT-Leistung ohne eindeutigen Tierartbezug
897,https://deinhaustierportal.de/de-de/tierarztkosten/584-labien-scheidentumor-entfernen-kompliziert/,GOT-Einzelseite,349,noindex,nein,399,"Labien-, Scheidentumor entfernen, kompliziert — GOT-Nr. 584 — Dein Haustierportal",allgemeine GOT-Leistung ohne eindeutigen Tierartbezug
898,https://deinhaustierportal.de/de-de/tierarztkosten/598-legenot-beseitigen-operativ-kompliziert/,GOT-Einzelseite,349,noindex,nein,382,"Legenot beseitigen, operativ, kompliziert — GOT-Nr. 598 — Dein Haustierportal",allgemeine GOT-Leistung ohne eindeutigen Tierartbezug
899,https://deinhaustierportal.de/de-de/tierarztkosten/659-nasenspuelung-kompliziert/,GOT-Einzelseite,349,noindex,nein,372,"Nasenspülung, kompliziert — GOT-Nr. 659 — Dein Haustierportal",allgemeine GOT-Leistung ohne eindeutigen Tierartbezug
900,https://deinhaustierportal.de/de-de/tierarztkosten/663-otitis-externa-behandlung-kompliziert-je-seite/,GOT-Einzelseite,349,noindex,nein,376,"Otitis externa, Behandlung, kompliziert, je Seite — GOT-Nr. 663 — Dein Haustierportal",allgemeine GOT-Leistung ohne eindeutigen Tierartbezug
901,https://deinhaustierportal.de/de-de/tierarztkosten/665-otitis-externa-spuelung-kompliziert/,GOT-Einzelseite,349,noindex,nein,374,"Otitis externa, Spülung, kompliziert — GOT-Nr. 665 — Dein Haustierportal",allgemeine GOT-Leistung ohne eindeutigen Tierartbezug
902,https://deinhaustierportal.de/de-de/tierarztkosten/672-operation-einer-traumatischen-lippen-kiefer-gaumenspalte-kom/,GOT-Einzelseite,349,noindex,nein,373,"Operation einer traumatischen Lippen-Kiefer-Gaumenspalte, kompliziert — GOT-Nr. 672 — Dein Haustierportal",allgemeine GOT-Leistung ohne eindeutigen Tierartbezug
903,https://deinhaustierportal.de/de-de/tierarztkosten/677-othaematom-operative-behandlung-kompliziert/,GOT-Einzelseite,349,noindex,nein,373,"Othämatom, operative Behandlung, kompliziert — GOT-Nr. 677 — Dein Haustierportal",allgemeine GOT-Leistung ohne eindeutigen Tierartbezug
904,https://deinhaustierportal.de/de-de/tierarztkosten/683-operative-entfernung-von-neoplasien-polypen-kompliziert/,GOT-Einzelseite,349,noindex,nein,361,"Operative Entfernung von Neoplasien/Polypen, kompliziert — GOT-Nr. 683 — Dein Haustierportal",allgemeine GOT-Leistung ohne eindeutigen Tierartbezug
905,https://deinhaustierportal.de/de-de/tierarztkosten/688-brachycephalensyndrom-chirurgische-behandlung-kompliziert/,GOT-Einzelseite,349,noindex,nein,371,"Brachycephalensyndrom, chirurgische Behandlung, kompliziert — GOT-Nr. 688 — Dein Haustierportal",allgemeine GOT-Leistung ohne eindeutigen Tierartbezug
906,https://deinhaustierportal.de/de-de/tierarztkosten/691-speicheldruesen-operative-entfernung-kompliziert/,GOT-Einzelseite,349,noindex,nein,393,"Speicheldrüsen, operative Entfernung, kompliziert — GOT-Nr. 691 — Dein Haustierportal",allgemeine GOT-Leistung ohne eindeutigen Tierartbezug
907,https://deinhaustierportal.de/de-de/tierarztkosten/698-kehlkopfpfeifen-operation-kompliziert/,GOT-Einzelseite,349,noindex,nein,374,"Kehlkopfpfeifen, Operation, kompliziert — GOT-Nr. 698 — Dein Haustierportal",allgemeine GOT-Leistung ohne eindeutigen Tierartbezug
908,https://deinhaustierportal.de/de-de/tierarztkosten/701-entfernung-der-schilddruese-oder-der-nebenschilddruese-kompl/,GOT-Einzelseite,349,noindex,nein,366,"Entfernung der Schilddrüse oder der Nebenschilddrüse, kompliziert — GOT-Nr. 701 — Dein Haustierportal",allgemeine GOT-Leistung ohne eindeutigen Tierartbezug
909,https://deinhaustierportal.de/de-de/tierarztkosten/712-zitzenoperation-kompliziert/,GOT-Einzelseite,349,noindex,nein,380,"Zitzenoperation, kompliziert — GOT-Nr. 712 — Dein Haustierportal",allgemeine GOT-Leistung ohne eindeutigen Tierartbezug
910,https://deinhaustierportal.de/de-de/tierarztkosten/778-lidverletzungen-kompliziert-naht/,GOT-Einzelseite,349,noindex,nein,364,"Lidverletzungen kompliziert, Naht — GOT-Nr. 778 — Dein Haustierportal",allgemeine GOT-Leistung ohne eindeutigen Tierartbezug
911,https://deinhaustierportal.de/de-de/tierarztkosten/782-elektroepilation-kompliziert-je-lid/,GOT-Einzelseite,349,noindex,nein,368,"Elektroepilation kompliziert, je Lid — GOT-Nr. 782 — Dein Haustierportal",allgemeine GOT-Leistung ohne eindeutigen Tierartbezug
912,https://deinhaustierportal.de/de-de/tierarztkosten/829-glaskoerperentfernung-kompliziert/,GOT-Einzelseite,349,noindex,nein,357,"Glaskörperentfernung, kompliziert — GOT-Nr. 829 — Dein Haustierportal",allgemeine GOT-Leistung ohne eindeutigen Tierartbezug
913,https://deinhaustierportal.de/de-de/tierarztkosten/839-ringentfernung-kompliziert/,GOT-Einzelseite,349,noindex,nein,382,"Ringentfernung, kompliziert — GOT-Nr. 839 — Dein Haustierportal",allgemeine GOT-Leistung ohne eindeutigen Tierartbezug
914,https://deinhaustierportal.de/de-de/tierarztkosten/856-frakturbehandlung-operativ-osteosynthese-komplizierte-fraktu/,GOT-Einzelseite,349,noindex,nein,390,"Frakturbehandlung operativ/Osteosynthese, komplizierte Fraktur — GOT-Nr. 856 — Dein Haustierportal",allgemeine GOT-Leistung ohne eindeutigen Tierartbezug
915,https://deinhaustierportal.de/de-de/tierarztkosten/859-implantat-entfernung-kompliziert/,GOT-Einzelseite,349,noindex,nein,388,"Implantat-Entfernung, kompliziert — GOT-Nr. 859 — Dein Haustierportal",allgemeine GOT-Leistung ohne eindeutigen Tierartbezug
916,https://deinhaustierportal.de/de-de/tierarztkosten/865-arthroskopische-operation-einschliesslich-diagnostische-arth/,GOT-Einzelseite,349,noindex,nein,392,"Arthroskopische Operation einschließlich diagnostische Arthroskopie, kompliziert — GOT-Nr. 865 — Dein Haustierportal",allgemeine GOT-Leistung ohne eindeutigen Tierartbezug
917,https://deinhaustierportal.de/de-de/tierarztkosten/895-sehnen-und-muskelnaht-kompliziert/,GOT-Einzelseite,349,noindex,nein,385,"Sehnen- und Muskelnaht, kompliziert — GOT-Nr. 895 — Dein Haustierportal",allgemeine GOT-Leistung ohne eindeutigen Tierartbezug
918,https://deinhaustierportal.de/de-de/tierarztkosten/898-operative-therapie-eines-sohlenballengeschwuers-kompliziert/,GOT-Einzelseite,349,noindex,nein,389,"Operative Therapie eines Sohlenballengeschwürs, kompliziert — GOT-Nr. 898 — Dein Haustierportal",allgemeine GOT-Leistung ohne eindeutigen Tierartbezug
919,https://deinhaustierportal.de/de-de/tierarztkosten/912-kehlkopfpfeifen-operation-kompliziert/,GOT-Einzelseite,349,noindex,nein,395,"Kehlkopfpfeifen, Operation, kompliziert — GOT-Nr. 912 — Dein Haustierportal",allgemeine GOT-Leistung ohne eindeutigen Tierartbezug
920,https://deinhaustierportal.de/de-de/tierarztkosten/918-pneumothorax-chirurgische-behandlung-kompliziert/,GOT-Einzelseite,349,noindex,nein,396,"Pneumothorax, chirurgische Behandlung, kompliziert — GOT-Nr. 918 — Dein Haustierportal",allgemeine GOT-Leistung ohne eindeutigen Tierartbezug
921,https://deinhaustierportal.de/de-de/tierarztkosten/924-abdrucknahme-kompliziert-je-kiefer/,GOT-Einzelseite,349,noindex,nein,357,"Abdrucknahme kompliziert, je Kiefer — GOT-Nr. 924 — Dein Haustierportal",allgemeine GOT-Leistung ohne eindeutigen Tierartbezug
922,https://deinhaustierportal.de/de-de/tierarztkosten/941-entfernung-kieferorthopaedischer-apparaturen-einschliesslich/,GOT-Einzelseite,349,noindex,nein,381,"Entfernung kieferorthopädischer Apparaturen einschließlich Politur, kompliziert — GOT-Nr. 941 — Dein Haustierportal",allgemeine GOT-Leistung ohne eindeutigen Tierartbezug
923,https://deinhaustierportal.de/de-de/tierarztkosten/962-gingivektomie-kompliziert/,GOT-Einzelseite,349,noindex,nein,351,Gingivektomie kompliziert — GOT-Nr. 962 — Dein Haustierportal,allgemeine GOT-Leistung ohne eindeutigen Tierartbezug
924,https://deinhaustierportal.de/de-de/tierarztkosten/969-entfernen-von-epuliden-kompliziert/,GOT-Einzelseite,349,noindex,nein,359,Entfernen von Epuliden kompliziert — GOT-Nr. 969 — Dein Haustierportal,allgemeine GOT-Leistung ohne eindeutigen Tierartbezug
925,https://deinhaustierportal.de/de-de/tierarztkosten/973-unterkiefersymphysiolyse-kompliziert/,GOT-Einzelseite,349,noindex,nein,370,Unterkiefersymphysiolyse kompliziert — GOT-Nr. 973 — Dein Haustierportal,allgemeine GOT-Leistung ohne eindeutigen Tierartbezug
926,https://deinhaustierportal.de/de-de/tierarztkosten/975-verriegelung-der-mundspalte-verblockung-kompliziert/,GOT-Einzelseite,349,noindex,nein,373,Verriegelung der Mundspalte (Verblockung) kompliziert — GOT-Nr. 975 — Dein Haustierportal,allgemeine GOT-Leistung ohne eindeutigen Tierartbezug
927,https://deinhaustierportal.de/de-de/tierarztkosten/977-entfernung-von-unterkiefer-oder-oberkieferteilen-kompliziert/,GOT-Einzelseite,349,noindex,nein,383,Entfernung von Unterkiefer- oder Oberkieferteilen kompliziert — GOT-Nr. 977 — Dein Haustierportal,allgemeine GOT-Leistung ohne eindeutigen Tierartbezug
928,https://deinhaustierportal.de/de-de/tierarztkosten/10-allgemeine-untersuchung-mit-beratung-zuchtschwein/,GOT-Einzelseite,336,noindex,nein,429,"Allgemeine Untersuchung mit Beratung, Zuchtschwein — GOT-Nr. 10 — Dein Haustierportal",nachvollziehbarer Untersuchungs- oder Behandlungstyp; Schwerpunkt außerhalb des Portals
929,https://deinhaustierportal.de/de-de/tierarztkosten/12-allgemeine-untersuchung-mit-beratung-nutzgefluegel/,GOT-Einzelseite,336,noindex,nein,429,"Allgemeine Untersuchung mit Beratung, Nutzgeflügel — GOT-Nr. 12 — Dein Haustierportal",nachvollziehbarer Untersuchungs- oder Behandlungstyp; Schwerpunkt außerhalb des Portals
930,https://deinhaustierportal.de/de-de/tierarztkosten/13-allgemeine-untersuchung-mit-beratung-rassegefluegel-volieren/,GOT-Einzelseite,336,noindex,nein,431,"Allgemeine Untersuchung mit Beratung, Rassegeflügel, Volierenvögel — GOT-Nr. 13 — Dein Haustierportal",nachvollziehbarer Untersuchungs- oder Behandlungstyp; Schwerpunkt außerhalb des Portals
931,https://deinhaustierportal.de/de-de/tierarztkosten/19-allgemeine-untersuchung-mit-beratung-fische/,GOT-Einzelseite,336,noindex,nein,429,"Allgemeine Untersuchung mit Beratung, Fische — GOT-Nr. 19 — Dein Haustierportal",nachvollziehbarer Untersuchungs- oder Behandlungstyp; Schwerpunkt außerhalb des Portals
932,https://deinhaustierportal.de/de-de/tierarztkosten/200-euthanasie-durch-injektion-rind/,GOT-Einzelseite,336,noindex,nein,399,"Euthanasie durch Injektion, Rind — GOT-Nr. 200 — Dein Haustierportal",nachvollziehbarer Untersuchungs- oder Behandlungstyp; Schwerpunkt außerhalb des Portals
933,https://deinhaustierportal.de/de-de/tierarztkosten/201-euthanasie-durch-injektion-kalb/,GOT-Einzelseite,336,noindex,nein,399,"Euthanasie durch Injektion, Kalb — GOT-Nr. 201 — Dein Haustierportal",nachvollziehbarer Untersuchungs- oder Behandlungstyp; Schwerpunkt außerhalb des Portals
934,https://deinhaustierportal.de/de-de/tierarztkosten/202-euthanasie-durch-injektion-kleine-hauswiederkaeuer/,GOT-Einzelseite,336,noindex,nein,400,"Euthanasie durch Injektion, kleine Hauswiederkäuer — GOT-Nr. 202 — Dein Haustierportal",nachvollziehbarer Untersuchungs- oder Behandlungstyp; Schwerpunkt außerhalb des Portals
935,https://deinhaustierportal.de/de-de/tierarztkosten/203-euthanasie-durch-injektion-schwein/,GOT-Einzelseite,336,noindex,nein,399,"Euthanasie durch Injektion, Schwein — GOT-Nr. 203 — Dein Haustierportal",nachvollziehbarer Untersuchungs- oder Behandlungstyp; Schwerpunkt außerhalb des Portals
936,https://deinhaustierportal.de/de-de/tierarztkosten/207-euthanasie-durch-injektion-fische/,GOT-Einzelseite,336,noindex,nein,399,"Euthanasie durch Injektion, Fische — GOT-Nr. 207 — Dein Haustierportal",nachvollziehbarer Untersuchungs- oder Behandlungstyp; Schwerpunkt außerhalb des Portals
937,https://deinhaustierportal.de/de-de/tierarztkosten/23-folgeuntersuchung-im-selben-behandlungsfall-mit-beratung-rin/,GOT-Einzelseite,336,noindex,nein,433,"Folgeuntersuchung im selben Behandlungsfall mit Beratung, Rind — GOT-Nr. 23 — Dein Haustierportal",nachvollziehbarer Untersuchungs- oder Behandlungstyp; Schwerpunkt außerhalb des Portals
938,https://deinhaustierportal.de/de-de/tierarztkosten/24-folgeuntersuchung-im-selben-behandlungsfall-mit-beratung-kal/,GOT-Einzelseite,336,noindex,nein,433,"Folgeuntersuchung im selben Behandlungsfall mit Beratung, Kalb — GOT-Nr. 24 — Dein Haustierportal",nachvollziehbarer Untersuchungs- oder Behandlungstyp; Schwerpunkt außerhalb des Portals
939,https://deinhaustierportal.de/de-de/tierarztkosten/25-folgeuntersuchung-im-selben-behandlungsfall-mit-beratung-kle/,GOT-Einzelseite,336,noindex,nein,435,"Folgeuntersuchung im selben Behandlungsfall mit Beratung, kleine Hauswiederkäuer — GOT-Nr. 25 — Dein Haustierportal",nachvollziehbarer Untersuchungs- oder Behandlungstyp; Schwerpunkt außerhalb des Portals
940,https://deinhaustierportal.de/de-de/tierarztkosten/26-folgeuntersuchung-im-selben-behandlungsfall-mit-beratung-fer/,GOT-Einzelseite,336,noindex,nein,433,"Folgeuntersuchung im selben Behandlungsfall mit Beratung, Ferkel — GOT-Nr. 26 — Dein Haustierportal",nachvollziehbarer Untersuchungs- oder Behandlungstyp; Schwerpunkt außerhalb des Portals
941,https://deinhaustierportal.de/de-de/tierarztkosten/27-folgeuntersuchung-im-selben-behandlungsfall-mit-beratung-mas/,GOT-Einzelseite,336,noindex,nein,433,"Folgeuntersuchung im selben Behandlungsfall mit Beratung, Mastschwein — GOT-Nr. 27 — Dein Haustierportal",nachvollziehbarer Untersuchungs- oder Behandlungstyp; Schwerpunkt außerhalb des Portals
942,https://deinhaustierportal.de/de-de/tierarztkosten/28-folgeuntersuchung-im-selben-behandlungsfall-mit-beratung-zuc/,GOT-Einzelseite,336,noindex,nein,433,"Folgeuntersuchung im selben Behandlungsfall mit Beratung, Zuchtschwein — GOT-Nr. 28 — Dein Haustierportal",nachvollziehbarer Untersuchungs- oder Behandlungstyp; Schwerpunkt außerhalb des Portals
943,https://deinhaustierportal.de/de-de/tierarztkosten/30-folgeuntersuchung-im-selben-behandlungsfall-mit-beratung-nut/,GOT-Einzelseite,336,noindex,nein,433,"Folgeuntersuchung im selben Behandlungsfall mit Beratung, Nutzgeflügel — GOT-Nr. 30 — Dein Haustierportal",nachvollziehbarer Untersuchungs- oder Behandlungstyp; Schwerpunkt außerhalb des Portals
944,https://deinhaustierportal.de/de-de/tierarztkosten/305-injektionsnarkose-intramuskulaer-kleine-hauswiederkaeuer/,GOT-Einzelseite,336,noindex,nein,398,"Injektionsnarkose intramuskulär, kleine Hauswiederkäuer — GOT-Nr. 305 — Dein Haustierportal",nachvollziehbarer Untersuchungs- oder Behandlungstyp; Schwerpunkt außerhalb des Portals
945,https://deinhaustierportal.de/de-de/tierarztkosten/307-injektionsnarkose-intramuskulaer-nutzgefluegel/,GOT-Einzelseite,336,noindex,nein,397,"Injektionsnarkose intramuskulär, Nutzgeflügel — GOT-Nr. 307 — Dein Haustierportal",nachvollziehbarer Untersuchungs- oder Behandlungstyp; Schwerpunkt außerhalb des Portals
946,https://deinhaustierportal.de/de-de/tierarztkosten/31-folgeuntersuchung-im-selben-behandlungsfall-mit-beratung-ras/,GOT-Einzelseite,336,noindex,nein,435,"Folgeuntersuchung im selben Behandlungsfall mit Beratung, Rassegeflügel, Volierenvögel — GOT-Nr. 31 — Dein Haustierportal",nachvollziehbarer Untersuchungs- oder Behandlungstyp; Schwerpunkt außerhalb des Portals
947,https://deinhaustierportal.de/de-de/tierarztkosten/312-injektionsnarkose-intramuskulaer-ferkel-laeufer/,GOT-Einzelseite,336,noindex,nein,397,"Injektionsnarkose intramuskulär, Ferkel, Läufer — GOT-Nr. 312 — Dein Haustierportal",nachvollziehbarer Untersuchungs- oder Behandlungstyp; Schwerpunkt außerhalb des Portals
948,https://deinhaustierportal.de/de-de/tierarztkosten/314-injektionsnarkose-intravenoes-rind/,GOT-Einzelseite,336,noindex,nein,395,"Injektionsnarkose intravenös, Rind — GOT-Nr. 314 — Dein Haustierportal",nachvollziehbarer Untersuchungs- oder Behandlungstyp; Schwerpunkt außerhalb des Portals
949,https://deinhaustierportal.de/de-de/tierarztkosten/315-injektionsnarkose-intravenoes-kleine-hauswiederkaeuer/,GOT-Einzelseite,336,noindex,nein,396,"Injektionsnarkose intravenös, kleine Hauswiederkäuer — GOT-Nr. 315 — Dein Haustierportal",nachvollziehbarer Untersuchungs- oder Behandlungstyp; Schwerpunkt außerhalb des Portals
950,https://deinhaustierportal.de/de-de/tierarztkosten/317-injektionsnarkose-intravenoes-nutzgefluegel/,GOT-Einzelseite,336,noindex,nein,395,"Injektionsnarkose intravenös, Nutzgeflügel — GOT-Nr. 317 — Dein Haustierportal",nachvollziehbarer Untersuchungs- oder Behandlungstyp; Schwerpunkt außerhalb des Portals
951,https://deinhaustierportal.de/de-de/tierarztkosten/322-injektionsnarkose-intravenoes-ferkel-laeufer/,GOT-Einzelseite,336,noindex,nein,395,"Injektionsnarkose intravenös, Ferkel, Läufer — GOT-Nr. 322 — Dein Haustierportal",nachvollziehbarer Untersuchungs- oder Behandlungstyp; Schwerpunkt außerhalb des Portals
952,https://deinhaustierportal.de/de-de/tierarztkosten/37-folgeuntersuchung-im-selben-behandlungsfall-mit-beratung-fis/,GOT-Einzelseite,336,noindex,nein,433,"Folgeuntersuchung im selben Behandlungsfall mit Beratung, Fische — GOT-Nr. 37 — Dein Haustierportal",nachvollziehbarer Untersuchungs- oder Behandlungstyp; Schwerpunkt außerhalb des Portals
953,https://deinhaustierportal.de/de-de/tierarztkosten/371-kastration-blutig-kleine-hauswiederkaeuer-bock/,GOT-Einzelseite,336,noindex,nein,398,"Kastration, blutig, kleine Hauswiederkäuer, Bock — GOT-Nr. 371 — Dein Haustierportal",nachvollziehbarer Untersuchungs- oder Behandlungstyp; Schwerpunkt außerhalb des Portals
954,https://deinhaustierportal.de/de-de/tierarztkosten/5-allgemeine-untersuchung-mit-beratung-rind/,GOT-Einzelseite,336,noindex,nein,430,"Allgemeine Untersuchung mit Beratung, Rind — GOT-Nr. 5 — Dein Haustierportal",nachvollziehbarer Untersuchungs- oder Behandlungstyp; Schwerpunkt außerhalb des Portals
955,https://deinhaustierportal.de/de-de/tierarztkosten/6-allgemeine-untersuchung-mit-beratung-kalb/,GOT-Einzelseite,336,noindex,nein,430,"Allgemeine Untersuchung mit Beratung, Kalb — GOT-Nr. 6 — Dein Haustierportal",nachvollziehbarer Untersuchungs- oder Behandlungstyp; Schwerpunkt außerhalb des Portals
956,https://deinhaustierportal.de/de-de/tierarztkosten/7-allgemeine-untersuchung-mit-beratung-kleine-hauswiederkaeuer/,GOT-Einzelseite,336,noindex,nein,431,"Allgemeine Untersuchung mit Beratung, kleine Hauswiederkäuer — GOT-Nr. 7 — Dein Haustierportal",nachvollziehbarer Untersuchungs- oder Behandlungstyp; Schwerpunkt außerhalb des Portals
957,https://deinhaustierportal.de/de-de/tierarztkosten/8-allgemeine-untersuchung-mit-beratung-ferkel/,GOT-Einzelseite,336,noindex,nein,429,"Allgemeine Untersuchung mit Beratung, Ferkel — GOT-Nr. 8 — Dein Haustierportal",nachvollziehbarer Untersuchungs- oder Behandlungstyp; Schwerpunkt außerhalb des Portals
958,https://deinhaustierportal.de/de-de/tierarztkosten/9-allgemeine-untersuchung-mit-beratung-mastschwein/,GOT-Einzelseite,336,noindex,nein,429,"Allgemeine Untersuchung mit Beratung, Mastschwein — GOT-Nr. 9 — Dein Haustierportal",nachvollziehbarer Untersuchungs- oder Behandlungstyp; Schwerpunkt außerhalb des Portals
959,https://deinhaustierportal.de/de-de/tierarztkosten/160-endoskopie-rhino-oto-vagino-hystero-laryngo-tracheoskopie-pf/,GOT-Einzelseite,333,noindex,nein,408,"Endoskopie: Rhino-, Oto-, Vagino-, Hystero-,Laryngo-, Tracheoskopie, Pferd — GOT-Nr. 160 — Dein Haustierportal",nachvollziehbarer Untersuchungs- oder Behandlungstyp; Schwerpunkt außerhalb des Portals
960,https://deinhaustierportal.de/de-de/tierarztkosten/162-endoskopie-gastro-duodeno-ileo-kolo-rekto-broncho-laparoskop/,GOT-Einzelseite,333,noindex,nein,410,"Endoskopie: Gastro-, Duodeno-, Ileo-, Kolo-, Rekto-, Broncho-, Laparoskopie, Pferd — GOT-Nr. 162 — Dein Haustierportal",nachvollziehbarer Untersuchungs- oder Behandlungstyp; Schwerpunkt außerhalb des Portals
961,https://deinhaustierportal.de/de-de/tierarztkosten/213-injektion-subkutan-intrakutan-intramuskulaer-rind/,GOT-Einzelseite,333,noindex,nein,410,"Injektion subkutan, intrakutan, intramuskulär, Rind — GOT-Nr. 213 — Dein Haustierportal",nachvollziehbarer Untersuchungs- oder Behandlungstyp; Schwerpunkt außerhalb des Portals
962,https://deinhaustierportal.de/de-de/tierarztkosten/214-injektion-subkutan-intrakutan-intramuskulaer-kleine-hauswied/,GOT-Einzelseite,333,noindex,nein,411,"Injektion subkutan, intrakutan, intramuskulär, kleine Hauswiederkäuer — GOT-Nr. 214 — Dein Haustierportal",nachvollziehbarer Untersuchungs- oder Behandlungstyp; Schwerpunkt außerhalb des Portals
963,https://deinhaustierportal.de/de-de/tierarztkosten/215-injektion-subkutan-intrakutan-intramuskulaer-schwein/,GOT-Einzelseite,333,noindex,nein,410,"Injektion subkutan, intrakutan, intramuskulär, Schwein — GOT-Nr. 215 — Dein Haustierportal",nachvollziehbarer Untersuchungs- oder Behandlungstyp; Schwerpunkt außerhalb des Portals
964,https://deinhaustierportal.de/de-de/tierarztkosten/216-injektion-subkutan-intrakutan-intramuskulaer-intraingluvial/,GOT-Einzelseite,333,noindex,nein,411,"Injektion subkutan, intrakutan, intramuskulär, intraingluvial, Nutzgeflügel — GOT-Nr. 216 — Dein Haustierportal",nachvollziehbarer Untersuchungs- oder Behandlungstyp; Schwerpunkt außerhalb des Portals
965,https://deinhaustierportal.de/de-de/tierarztkosten/219-injektion-intrakutan-intramuskulaer-fische/,GOT-Einzelseite,333,noindex,nein,406,"Injektion intrakutan, intramuskulär, Fische — GOT-Nr. 219 — Dein Haustierportal",nachvollziehbarer Untersuchungs- oder Behandlungstyp; Schwerpunkt außerhalb des Portals
966,https://deinhaustierportal.de/de-de/tierarztkosten/223-injektion-subkutan-intrakutan-intramuskulaer-lamm-und-ferkel/,GOT-Einzelseite,333,noindex,nein,412,"Injektion subkutan, intrakutan, intramuskulär, Lamm und Ferkel — GOT-Nr. 223 — Dein Haustierportal",nachvollziehbarer Untersuchungs- oder Behandlungstyp; Schwerpunkt außerhalb des Portals
967,https://deinhaustierportal.de/de-de/tierarztkosten/255-bestandsuntersuchung-und-beratung-je-angefangene-15-minuten/,GOT-Einzelseite,333,noindex,nein,424,"Bestandsuntersuchung und Beratung, je angefangene 15 Minuten — GOT-Nr. 255 — Dein Haustierportal",nachvollziehbarer Untersuchungs- oder Behandlungstyp; Schwerpunkt außerhalb des Portals
968,https://deinhaustierportal.de/de-de/tierarztkosten/296-sedation-per-injectionem-rind/,GOT-Einzelseite,333,noindex,nein,403,"Sedation per injectionem, Rind — GOT-Nr. 296 — Dein Haustierportal",nachvollziehbarer Untersuchungs- oder Behandlungstyp; Schwerpunkt außerhalb des Portals
969,https://deinhaustierportal.de/de-de/tierarztkosten/297-sedation-per-injectionem-kleine-hauswiederkaeuer/,GOT-Einzelseite,333,noindex,nein,404,"Sedation per injectionem, kleine Hauswiederkäuer — GOT-Nr. 297 — Dein Haustierportal",nachvollziehbarer Untersuchungs- oder Behandlungstyp; Schwerpunkt außerhalb des Portals
970,https://deinhaustierportal.de/de-de/tierarztkosten/299-sedation-per-injectionem-nutzgefluegel/,GOT-Einzelseite,333,noindex,nein,403,"Sedation per injectionem, Nutzgeflügel — GOT-Nr. 299 — Dein Haustierportal",nachvollziehbarer Untersuchungs- oder Behandlungstyp; Schwerpunkt außerhalb des Portals
971,https://deinhaustierportal.de/de-de/tierarztkosten/304-sedation-per-injectionem-ferkel-laeufer/,GOT-Einzelseite,333,noindex,nein,403,"Sedation per injectionem, Ferkel, Läufer — GOT-Nr. 304 — Dein Haustierportal",nachvollziehbarer Untersuchungs- oder Behandlungstyp; Schwerpunkt außerhalb des Portals
972,https://deinhaustierportal.de/de-de/tierarztkosten/324-kombinationsnarkose-intravenoes-rind/,GOT-Einzelseite,333,noindex,nein,395,"Kombinationsnarkose intravenös, Rind — GOT-Nr. 324 — Dein Haustierportal",nachvollziehbarer Untersuchungs- oder Behandlungstyp; Schwerpunkt außerhalb des Portals
973,https://deinhaustierportal.de/de-de/tierarztkosten/325-kombinationsnarkose-intravenoes-kleine-hauswiederkaeuer/,GOT-Einzelseite,333,noindex,nein,396,"Kombinationsnarkose intravenös, kleine Hauswiederkäuer — GOT-Nr. 325 — Dein Haustierportal",nachvollziehbarer Untersuchungs- oder Behandlungstyp; Schwerpunkt außerhalb des Portals
974,https://deinhaustierportal.de/de-de/tierarztkosten/327-kombinationsnarkose-intravenoes-nutzgefluegel/,GOT-Einzelseite,333,noindex,nein,395,"Kombinationsnarkose intravenös, Nutzgeflügel — GOT-Nr. 327 — Dein Haustierportal",nachvollziehbarer Untersuchungs- oder Behandlungstyp; Schwerpunkt außerhalb des Portals
975,https://deinhaustierportal.de/de-de/tierarztkosten/332-kombinationsnarkose-intravenoes-ferkel-laeufer/,GOT-Einzelseite,333,noindex,nein,395,"Kombinationsnarkose intravenös, Ferkel, Läufer — GOT-Nr. 332 — Dein Haustierportal",nachvollziehbarer Untersuchungs- oder Behandlungstyp; Schwerpunkt außerhalb des Portals
976,https://deinhaustierportal.de/de-de/tierarztkosten/339-inhalationsnarkose-rassegefluegel-volierenvoegel/,GOT-Einzelseite,333,noindex,nein,380,"Inhalationsnarkose Rassegeflügel, Volierenvögel — GOT-Nr. 339 — Dein Haustierportal",nachvollziehbarer Untersuchungs- oder Behandlungstyp; Schwerpunkt außerhalb des Portals
977,https://deinhaustierportal.de/de-de/tierarztkosten/341-inhalationsnarkose-nutzgefluegel/,GOT-Einzelseite,333,noindex,nein,379,Inhalationsnarkose Nutzgeflügel — GOT-Nr. 341 — Dein Haustierportal,nachvollziehbarer Untersuchungs- oder Behandlungstyp; Schwerpunkt außerhalb des Portals
978,https://deinhaustierportal.de/de-de/tierarztkosten/367-kastration-jaehrlingshengst-kameliden/,GOT-Einzelseite,333,noindex,nein,396,"Kastration Jährlingshengst, Kameliden — GOT-Nr. 367 — Dein Haustierportal",nachvollziehbarer Untersuchungs- oder Behandlungstyp; Schwerpunkt außerhalb des Portals
979,https://deinhaustierportal.de/de-de/tierarztkosten/372-kastration-quetschtechnik-z-b-burdizzo-zange-kleine-hauswied/,GOT-Einzelseite,333,noindex,nein,401,"Kastration, Quetschtechnik, z. B. Burdizzo-Zange, kleine Hauswiederkäuer, Bock — GOT-Nr. 372 — Dein Haustierportal",nachvollziehbarer Untersuchungs- oder Behandlungstyp; Schwerpunkt außerhalb des Portals
980,https://deinhaustierportal.de/de-de/tierarztkosten/375-kastration-ferkel-maennlich/,GOT-Einzelseite,333,noindex,nein,397,"Kastration Ferkel, männlich — GOT-Nr. 375 — Dein Haustierportal",nachvollziehbarer Untersuchungs- oder Behandlungstyp; Schwerpunkt außerhalb des Portals
981,https://deinhaustierportal.de/de-de/tierarztkosten/376-kastration-ferkel-zwitter-bruchferkel/,GOT-Einzelseite,333,noindex,nein,397,"Kastration Ferkel, Zwitter/Bruchferkel — GOT-Nr. 376 — Dein Haustierportal",nachvollziehbarer Untersuchungs- oder Behandlungstyp; Schwerpunkt außerhalb des Portals
982,https://deinhaustierportal.de/de-de/tierarztkosten/444-nasenschlundsonde-schlundrohr-schlundsonde-anwenden-rind/,GOT-Einzelseite,333,noindex,nein,409,"Nasenschlundsonde, Schlundrohr, Schlundsonde anwenden, Rind — GOT-Nr. 444 — Dein Haustierportal",nachvollziehbarer Untersuchungs- oder Behandlungstyp; Schwerpunkt außerhalb des Portals
983,https://deinhaustierportal.de/de-de/tierarztkosten/445-nasenschlundsonde-schlundrohr-schlundsonde-anwenden-kleine-h/,GOT-Einzelseite,333,noindex,nein,410,"Nasenschlundsonde, Schlundrohr, Schlundsonde anwenden, kleine Hauswiederkäuer — GOT-Nr. 445 — Dein Haustierportal",nachvollziehbarer Untersuchungs- oder Behandlungstyp; Schwerpunkt außerhalb des Portals
984,https://deinhaustierportal.de/de-de/tierarztkosten/446-nasenschlundsonde-schlundrohr-schlundsonde-anwenden-schwein/,GOT-Einzelseite,333,noindex,nein,409,"Nasenschlundsonde, Schlundrohr, Schlundsonde anwenden, Schwein — GOT-Nr. 446 — Dein Haustierportal",nachvollziehbarer Untersuchungs- oder Behandlungstyp; Schwerpunkt außerhalb des Portals
985,https://deinhaustierportal.de/de-de/tierarztkosten/519-traechtigkeitsuntersuchung-per-ultraschall-kleine-hauswieder/,GOT-Einzelseite,333,noindex,nein,391,"Trächtigkeitsuntersuchung per Ultraschall, kleine Hauswiederkäuer — GOT-Nr. 519 — Dein Haustierportal",nachvollziehbarer Untersuchungs- oder Behandlungstyp; Schwerpunkt außerhalb des Portals
986,https://deinhaustierportal.de/de-de/tierarztkosten/621-serumschnellagglutination-bei-gefluegel-zuzueglich-blutentna/,GOT-Einzelseite,333,noindex,nein,425,"Serumschnellagglutination bei Geflügel (zuzüglich Blutentnahme und Antigen), erstes Tier — GOT-Nr. 621 — Dein Haustierportal",nachvollziehbarer Untersuchungs- oder Behandlungstyp; Schwerpunkt außerhalb des Portals
987,https://deinhaustierportal.de/de-de/tierarztkosten/630-blutprobenentnahme-venoes-ferkel-und-laeufer-ab-dem-fuenften/,GOT-Einzelseite,333,noindex,nein,446,"Blutprobenentnahme, venös, Ferkel und Läufer, ab dem fünften Tier, je Tier — GOT-Nr. 630 — Dein Haustierportal",nachvollziehbarer Untersuchungs- oder Behandlungstyp; Schwerpunkt außerhalb des Portals
988,https://deinhaustierportal.de/de-de/tierarztkosten/631-blutprobenentnahme-venoes-kleine-hauswiederkaeuer-ab-dem-fue/,GOT-Einzelseite,333,noindex,nein,445,"Blutprobenentnahme, venös, kleine Hauswiederkäuer, ab dem fünften Tier, je Tier — GOT-Nr. 631 — Dein Haustierportal",nachvollziehbarer Untersuchungs- oder Behandlungstyp; Schwerpunkt außerhalb des Portals
989,https://deinhaustierportal.de/de-de/tierarztkosten/632-blutprobenentnahme-venoes-fische-ab-dem-fuenften-tier-je-tie/,GOT-Einzelseite,333,noindex,nein,444,"Blutprobenentnahme, venös, Fische, ab dem fünften Tier, je Tier — GOT-Nr. 632 — Dein Haustierportal",nachvollziehbarer Untersuchungs- oder Behandlungstyp; Schwerpunkt außerhalb des Portals
990,https://deinhaustierportal.de/de-de/tierarztkosten/633-blutprobenentnahme-venoes-nutzgefluegel-ab-dem-fuenften-tier/,GOT-Einzelseite,333,noindex,nein,444,"Blutprobenentnahme, venös, Nutzgeflügel, ab dem fünften Tier, je Tier — GOT-Nr. 633 — Dein Haustierportal",nachvollziehbarer Untersuchungs- oder Behandlungstyp; Schwerpunkt außerhalb des Portals
991,https://deinhaustierportal.de/de-de/tierarztkosten/635-blutprobenentnahme-bei-fleischrindern-und-anderen-tieren-in/,GOT-Einzelseite,333,noindex,nein,442,Blutprobenentnahme bei Fleischrindern und anderen Tieren in Extensivhaltung — GOT-Nr. 635 — Dein Haustierportal,nachvollziehbarer Untersuchungs- oder Behandlungstyp; Schwerpunkt außerhalb des Portals
992,https://deinhaustierportal.de/de-de/tierarztkosten/684-luftsackspuelung-pferd-je-luftsack-zusaetzlich-zur-endoskopi/,GOT-Einzelseite,333,noindex,nein,363,"Luftsackspülung Pferd, je Luftsack, zusätzlich zur Endoskopie — GOT-Nr. 684 — Dein Haustierportal",nachvollziehbarer Untersuchungs- oder Behandlungstyp; Schwerpunkt außerhalb des Portals
993,https://deinhaustierportal.de/de-de/tierarztkosten/79-stationaere-unterbringung-pro-tag-ohne-behandlung-und-ohne-f/,GOT-Einzelseite,333,noindex,nein,439,"Stationäre Unterbringung pro Tag ohne Behandlung und ohne Futterkosten, Rind — GOT-Nr. 79 — Dein Haustierportal",nachvollziehbarer Untersuchungs- oder Behandlungstyp; Schwerpunkt außerhalb des Portals
994,https://deinhaustierportal.de/de-de/tierarztkosten/80-stationaere-unterbringung-pro-tag-ohne-behandlung-und-ohne-f/,GOT-Einzelseite,333,noindex,nein,441,"Stationäre Unterbringung pro Tag ohne Behandlung und ohne Futterkosten, kleine Hauswiederkäuer — GOT-Nr. 80 — Dein Haustierportal",nachvollziehbarer Untersuchungs- oder Behandlungstyp; Schwerpunkt außerhalb des Portals
995,https://deinhaustierportal.de/de-de/tierarztkosten/908-eroeffnen-und-ausraeumen-eines-luftsackes-gefluegel-zusaetzl/,GOT-Einzelseite,333,noindex,nein,401,"Eröffnen und Ausräumen eines Luftsackes (Geflügel), zusätzlich zur Endoskopie — GOT-Nr. 908 — Dein Haustierportal",nachvollziehbarer Untersuchungs- oder Behandlungstyp; Schwerpunkt außerhalb des Portals
996,https://deinhaustierportal.de/de-de/tierarztkosten/953-zahnextraktion-rind/,GOT-Einzelseite,333,noindex,nein,378,Zahnextraktion Rind — GOT-Nr. 953 — Dein Haustierportal,nachvollziehbarer Untersuchungs- oder Behandlungstyp; Schwerpunkt außerhalb des Portals
997,https://deinhaustierportal.de/de-de/tierarztkosten/982-harnuntersuchung-harnstatus-spezifisches-gewicht/,GOT-Einzelseite,333,noindex,nein,364,"Harnuntersuchung Harnstatus, spezifisches Gewicht — GOT-Nr. 982 — Dein Haustierportal",nachvollziehbarer Untersuchungs- oder Behandlungstyp; Schwerpunkt außerhalb des Portals
998,https://deinhaustierportal.de/de-de/tierarztkosten/987-harnkatheter-legen-rind-weibliches-tier/,GOT-Einzelseite,333,noindex,nein,404,"Harnkatheter legen, Rind, weibliches Tier — GOT-Nr. 987 — Dein Haustierportal",nachvollziehbarer Untersuchungs- oder Behandlungstyp; Schwerpunkt außerhalb des Portals
999,https://deinhaustierportal.de/de-de/tierarztkosten/1000-urachusoperation-kalb/,GOT-Einzelseite,329,noindex,nein,383,Urachusoperation Kalb — GOT-Nr. 1000 — Dein Haustierportal,Schwerpunkt außerhalb des Portals
1000,https://deinhaustierportal.de/de-de/tierarztkosten/107-zerlegung-rind/,GOT-Einzelseite,329,noindex,nein,383,Zerlegung Rind — GOT-Nr. 107 — Dein Haustierportal,Schwerpunkt außerhalb des Portals
1001,https://deinhaustierportal.de/de-de/tierarztkosten/108-zerlegung-kalb/,GOT-Einzelseite,329,noindex,nein,383,Zerlegung Kalb — GOT-Nr. 108 — Dein Haustierportal,Schwerpunkt außerhalb des Portals
1002,https://deinhaustierportal.de/de-de/tierarztkosten/109-zerlegung-kleine-hauswiederkaeuer/,GOT-Einzelseite,329,noindex,nein,384,Zerlegung kleine Hauswiederkäuer — GOT-Nr. 109 — Dein Haustierportal,Schwerpunkt außerhalb des Portals
1003,https://deinhaustierportal.de/de-de/tierarztkosten/110-zerlegung-schwein/,GOT-Einzelseite,329,noindex,nein,383,Zerlegung Schwein — GOT-Nr. 110 — Dein Haustierportal,Schwerpunkt außerhalb des Portals
1004,https://deinhaustierportal.de/de-de/tierarztkosten/111-zerlegung-ferkel/,GOT-Einzelseite,329,noindex,nein,383,Zerlegung Ferkel — GOT-Nr. 111 — Dein Haustierportal,Schwerpunkt außerhalb des Portals
1005,https://deinhaustierportal.de/de-de/tierarztkosten/113-zerlegung-nutzgefluegel/,GOT-Einzelseite,329,noindex,nein,380,Zerlegung Nutzgeflügel — GOT-Nr. 113 — Dein Haustierportal,Schwerpunkt außerhalb des Portals
1006,https://deinhaustierportal.de/de-de/tierarztkosten/116-zerlegung-fische/,GOT-Einzelseite,329,noindex,nein,380,Zerlegung Fische — GOT-Nr. 116 — Dein Haustierportal,Schwerpunkt außerhalb des Portals
1007,https://deinhaustierportal.de/de-de/tierarztkosten/118-sektion-mit-pathologisch-anatomischer-diagnose-einschliessli/,GOT-Einzelseite,329,noindex,nein,390,"Sektion mit pathologisch-anatomischer Diagnose einschließlich Bericht, Rind — GOT-Nr. 118 — Dein Haustierportal",Schwerpunkt außerhalb des Portals
1008,https://deinhaustierportal.de/de-de/tierarztkosten/119-sektion-mit-pathologisch-anatomischer-diagnose-einschliessli/,GOT-Einzelseite,329,noindex,nein,392,"Sektion mit pathologisch-anatomischer Diagnose einschließlich Bericht, kleine Hauswiederkäuer — GOT-Nr. 119 — Dein Haustierportal",Schwerpunkt außerhalb des Portals
1009,https://deinhaustierportal.de/de-de/tierarztkosten/120-sektion-mit-pathologisch-anatomischer-diagnose-einschliessli/,GOT-Einzelseite,329,noindex,nein,390,"Sektion mit pathologisch-anatomischer Diagnose einschließlich Bericht, Schwein — GOT-Nr. 120 — Dein Haustierportal",Schwerpunkt außerhalb des Portals
1010,https://deinhaustierportal.de/de-de/tierarztkosten/122-sektion-mit-pathologisch-anatomischer-diagnose-einschliessli/,GOT-Einzelseite,329,noindex,nein,390,"Sektion mit pathologisch-anatomischer Diagnose einschließlich Bericht, Nutzgeflügel — GOT-Nr. 122 — Dein Haustierportal",Schwerpunkt außerhalb des Portals
1011,https://deinhaustierportal.de/de-de/tierarztkosten/123-sektion-mit-pathologisch-anatomischer-diagnose-einschliessli/,GOT-Einzelseite,329,noindex,nein,396,"Sektion mit pathologisch-anatomischer Diagnose einschließlich Bericht, Rassegeflügel, Volierenvögel — GOT-Nr. 123 — Dein Haustierportal",Schwerpunkt außerhalb des Portals
1012,https://deinhaustierportal.de/de-de/tierarztkosten/131-sektion-mit-pathologisch-anatomischen-und-histologischen-dia/,GOT-Einzelseite,329,noindex,nein,400,"Sektion mit pathologisch-anatomischen und histologischen Diagnosen einschließlich Bericht, Rind (adult) — GOT-Nr. 131 — Dein Haustierportal",Schwerpunkt außerhalb des Portals
1013,https://deinhaustierportal.de/de-de/tierarztkosten/132-sektion-mit-pathologisch-anatomischen-und-histologischen-dia/,GOT-Einzelseite,329,noindex,nein,394,"Sektion mit pathologisch-anatomischen und histologischen Diagnosen einschließlich Bericht, Kalb — GOT-Nr. 132 — Dein Haustierportal",Schwerpunkt außerhalb des Portals
1014,https://deinhaustierportal.de/de-de/tierarztkosten/133-sektion-mit-pathologisch-anatomischen-und-histologischen-dia/,GOT-Einzelseite,329,noindex,nein,400,"Sektion mit pathologisch-anatomischen und histologischen Diagnosen einschließlich Bericht, kleine Hauswiederkäuer — GOT-Nr. 133 — Dein Haustierportal",Schwerpunkt außerhalb des Portals
1015,https://deinhaustierportal.de/de-de/tierarztkosten/134-sektion-mit-pathologisch-anatomischen-und-histologischen-dia/,GOT-Einzelseite,329,noindex,nein,398,"Sektion mit pathologisch-anatomischen und histologischen Diagnosen einschließlich Bericht, Schwein — GOT-Nr. 134 — Dein Haustierportal",Schwerpunkt außerhalb des Portals
1016,https://deinhaustierportal.de/de-de/tierarztkosten/136-sektion-mit-pathologisch-anatomischen-und-histologischen-dia/,GOT-Einzelseite,329,noindex,nein,398,"Sektion mit pathologisch-anatomischen und histologischen Diagnosen einschließlich Bericht, Nutzgeflügel — GOT-Nr. 136 — Dein Haustierportal",Schwerpunkt außerhalb des Portals
1017,https://deinhaustierportal.de/de-de/tierarztkosten/137-sektion-mit-pathologisch-anatomischen-und-histologischen-dia/,GOT-Einzelseite,329,noindex,nein,400,"Sektion mit pathologisch-anatomischen und histologischen Diagnosen einschließlich Bericht, Rassegeflügel, Volierenvögel — GOT-Nr. 137 — Dein Haustierportal",Schwerpunkt außerhalb des Portals
1018,https://deinhaustierportal.de/de-de/tierarztkosten/179-szintigraphie-pferd/,GOT-Einzelseite,329,noindex,nein,352,Szintigraphie Pferd — GOT-Nr. 179 — Dein Haustierportal,Schwerpunkt außerhalb des Portals
1019,https://deinhaustierportal.de/de-de/tierarztkosten/248-niederlegen-eines-grosstieres-einschliesslich-fesselung-rind/,GOT-Einzelseite,329,noindex,nein,368,"Niederlegen eines Großtieres (einschließlich Fesselung), Rind — GOT-Nr. 248 — Dein Haustierportal",Schwerpunkt außerhalb des Portals
1020,https://deinhaustierportal.de/de-de/tierarztkosten/258-wirtschaftlichkeitsberechnung-je-angefangene-15-minuten/,GOT-Einzelseite,329,noindex,nein,422,"Wirtschaftlichkeitsberechnung, je angefangene 15 Minuten — GOT-Nr. 258 — Dein Haustierportal",Schwerpunkt außerhalb des Portals
1021,https://deinhaustierportal.de/de-de/tierarztkosten/259-integrierte-tieraerztliche-bestandsbetreuung-itb-datenerfass/,GOT-Einzelseite,329,noindex,nein,432,"Integrierte Tierärztliche Bestandsbetreuung (ITB), Datenerfassung und -auswertung pro Kuh, pro Jahr — GOT-Nr. 259 — Dein Haustierportal",Schwerpunkt außerhalb des Portals
1022,https://deinhaustierportal.de/de-de/tierarztkosten/261-itb-datenerfassung-und-auswertung-pro-kleine-hauswiederkaeue/,GOT-Einzelseite,329,noindex,nein,426,"ITB, Datenerfassung und -auswertung pro kleine Hauswiederkäuer, pro Jahr — GOT-Nr. 261 — Dein Haustierportal",Schwerpunkt außerhalb des Portals
1023,https://deinhaustierportal.de/de-de/tierarztkosten/262-bestandsbetreuung-tierheime-je-angefangene-15-minuten/,GOT-Einzelseite,329,noindex,nein,351,"Bestandsbetreuung Tierheime, je angefangene 15 Minuten — GOT-Nr. 262 — Dein Haustierportal",Schwerpunkt außerhalb des Portals
1024,https://deinhaustierportal.de/de-de/tierarztkosten/288-epidurale-anaesthesie-pferd-nicht-domestizierte-tiere/,GOT-Einzelseite,329,noindex,nein,388,"Epidurale Anästhesie, Pferd, nicht domestizierte Tiere — GOT-Nr. 288 — Dein Haustierportal",Schwerpunkt außerhalb des Portals
1025,https://deinhaustierportal.de/de-de/tierarztkosten/290-epidurale-anaesthesie-schwein/,GOT-Einzelseite,329,noindex,nein,383,"Epidurale Anästhesie, Schwein — GOT-Nr. 290 — Dein Haustierportal",Schwerpunkt außerhalb des Portals
1026,https://deinhaustierportal.de/de-de/tierarztkosten/343-legen-einer-luftsackkanuele-gefluegel/,GOT-Einzelseite,329,noindex,nein,363,"Legen einer Luftsackkanüle, Geflügel — GOT-Nr. 343 — Dein Haustierportal",Schwerpunkt außerhalb des Portals
1027,https://deinhaustierportal.de/de-de/tierarztkosten/366-penisreposition-pferd/,GOT-Einzelseite,329,noindex,nein,368,Penisreposition Pferd — GOT-Nr. 366 — Dein Haustierportal,Schwerpunkt außerhalb des Portals
1028,https://deinhaustierportal.de/de-de/tierarztkosten/381-kryptorchismus-operation-ferkel-maennlich/,GOT-Einzelseite,329,noindex,nein,403,"Kryptorchismus-Operation Ferkel, männlich — GOT-Nr. 381 — Dein Haustierportal",Schwerpunkt außerhalb des Portals
1029,https://deinhaustierportal.de/de-de/tierarztkosten/430-enthornung-kalb/,GOT-Einzelseite,329,noindex,nein,382,Enthornung Kalb — GOT-Nr. 430 — Dein Haustierportal,Schwerpunkt außerhalb des Portals
1030,https://deinhaustierportal.de/de-de/tierarztkosten/437-kotproben-entnehmen-rektal-schwein/,GOT-Einzelseite,329,noindex,nein,400,"Kotproben entnehmen, rektal, Schwein — GOT-Nr. 437 — Dein Haustierportal",Schwerpunkt außerhalb des Portals
1031,https://deinhaustierportal.de/de-de/tierarztkosten/449-fremdkoerper-entfernung-aus-dem-oesophagus-oral-rind/,GOT-Einzelseite,329,noindex,nein,408,"Fremdkörper-Entfernung aus dem Ösophagus, oral, Rind — GOT-Nr. 449 — Dein Haustierportal",Schwerpunkt außerhalb des Portals
1032,https://deinhaustierportal.de/de-de/tierarztkosten/460-laparotomie-diagnostisch-rind/,GOT-Einzelseite,329,noindex,nein,405,"Laparotomie, diagnostisch, Rind — GOT-Nr. 460 — Dein Haustierportal",Schwerpunkt außerhalb des Portals
1033,https://deinhaustierportal.de/de-de/tierarztkosten/461-laparotomie-diagnostisch-kalb/,GOT-Einzelseite,329,noindex,nein,405,"Laparotomie, diagnostisch, Kalb — GOT-Nr. 461 — Dein Haustierportal",Schwerpunkt außerhalb des Portals
1034,https://deinhaustierportal.de/de-de/tierarztkosten/462-laparotomie-diagnostisch-kleine-hauswiederkaeuer/,GOT-Einzelseite,329,noindex,nein,406,"Laparotomie, diagnostisch, kleine Hauswiederkäuer — GOT-Nr. 462 — Dein Haustierportal",Schwerpunkt außerhalb des Portals
1035,https://deinhaustierportal.de/de-de/tierarztkosten/484-caecumoperation-rind/,GOT-Einzelseite,329,noindex,nein,387,Caecumoperation Rind — GOT-Nr. 484 — Dein Haustierportal,Schwerpunkt außerhalb des Portals
1036,https://deinhaustierportal.de/de-de/tierarztkosten/488-rektumprolaps-schwein/,GOT-Einzelseite,329,noindex,nein,387,Rektumprolaps Schwein — GOT-Nr. 488 — Dein Haustierportal,Schwerpunkt außerhalb des Portals
1037,https://deinhaustierportal.de/de-de/tierarztkosten/496-umbilikalhernie-rind/,GOT-Einzelseite,329,noindex,nein,376,Umbilikalhernie Rind — GOT-Nr. 496 — Dein Haustierportal,Schwerpunkt außerhalb des Portals
1038,https://deinhaustierportal.de/de-de/tierarztkosten/497-umbilikalhernie-kalb/,GOT-Einzelseite,329,noindex,nein,376,Umbilikalhernie Kalb — GOT-Nr. 497 — Dein Haustierportal,Schwerpunkt außerhalb des Portals
1039,https://deinhaustierportal.de/de-de/tierarztkosten/498-umbilikalhernie-schwein/,GOT-Einzelseite,329,noindex,nein,376,Umbilikalhernie Schwein — GOT-Nr. 498 — Dein Haustierportal,Schwerpunkt außerhalb des Portals
1040,https://deinhaustierportal.de/de-de/tierarztkosten/501-inguinalhernie-ferkel/,GOT-Einzelseite,329,noindex,nein,377,Inguinalhernie Ferkel — GOT-Nr. 501 — Dein Haustierportal,Schwerpunkt außerhalb des Portals
1041,https://deinhaustierportal.de/de-de/tierarztkosten/528-instrumentelle-samenuebertragung-bei-einzeltieren-kleine-hau/,GOT-Einzelseite,329,noindex,nein,409,"Instrumentelle Samenübertragung bei Einzeltieren, kleine Hauswiederkäuer — GOT-Nr. 528 — Dein Haustierportal",Schwerpunkt außerhalb des Portals
1042,https://deinhaustierportal.de/de-de/tierarztkosten/531-instrumentelle-samenuebertragung-bei-einzeltieren-nutzgeflue/,GOT-Einzelseite,329,noindex,nein,408,"Instrumentelle Samenübertragung bei Einzeltieren, Nutzgeflügel — GOT-Nr. 531 — Dein Haustierportal",Schwerpunkt außerhalb des Portals
1043,https://deinhaustierportal.de/de-de/tierarztkosten/55-bestandsuntersuchung-pelztier-zucht-und-mastkaninchen-bis-zu/,GOT-Einzelseite,329,noindex,nein,437,"Bestandsuntersuchung Pelztier, Zucht- und Mastkaninchen, bis zu 100 Tieren — GOT-Nr. 55 — Dein Haustierportal",Schwerpunkt außerhalb des Portals
1044,https://deinhaustierportal.de/de-de/tierarztkosten/56-bestandsuntersuchung-pelztier-zucht-und-mastkaninchen-101-bi/,GOT-Einzelseite,329,noindex,nein,439,"Bestandsuntersuchung Pelztier, Zucht- und Mastkaninchen, 101 bis zu 200 Tieren — GOT-Nr. 56 — Dein Haustierportal",Schwerpunkt außerhalb des Portals
1045,https://deinhaustierportal.de/de-de/tierarztkosten/57-bestandsuntersuchung-pelztier-zucht-und-mastkaninchen-201-bi/,GOT-Einzelseite,329,noindex,nein,439,"Bestandsuntersuchung Pelztier, Zucht- und Mastkaninchen, 201 bis zu 500 Tieren — GOT-Nr. 57 — Dein Haustierportal",Schwerpunkt außerhalb des Portals
1046,https://deinhaustierportal.de/de-de/tierarztkosten/58-bestandsuntersuchung-pelztier-zucht-und-mastkaninchen-ueber/,GOT-Einzelseite,329,noindex,nein,435,"Bestandsuntersuchung Pelztier, Zucht- und Mastkaninchen, über 500 Tiere — GOT-Nr. 58 — Dein Haustierportal",Schwerpunkt außerhalb des Portals
1047,https://deinhaustierportal.de/de-de/tierarztkosten/589-kaiserschnitt-kleine-hauswiederkaeuer/,GOT-Einzelseite,329,noindex,nein,379,Kaiserschnitt kleine Hauswiederkäuer — GOT-Nr. 589 — Dein Haustierportal,Schwerpunkt außerhalb des Portals
1048,https://deinhaustierportal.de/de-de/tierarztkosten/622-serumschnellagglutination-bei-gefluegel-zwei-bis-zu-100-tier/,GOT-Einzelseite,329,noindex,nein,427,"Serumschnellagglutination bei Geflügel, zwei bis zu 100 Tieren, je Tier — GOT-Nr. 622 — Dein Haustierportal",Schwerpunkt außerhalb des Portals
1049,https://deinhaustierportal.de/de-de/tierarztkosten/623-serumschnellagglutination-bei-gefluegel-ueber-100-tiere-je-t/,GOT-Einzelseite,329,noindex,nein,423,"Serumschnellagglutination bei Geflügel, über 100 Tiere, je Tier — GOT-Nr. 623 — Dein Haustierportal",Schwerpunkt außerhalb des Portals
1050,https://deinhaustierportal.de/de-de/tierarztkosten/651-ergaenzende-echokardiografische-untersuchung-z-b-doppler-zus/,GOT-Einzelseite,329,noindex,nein,391,"Ergänzende echokardiografische Untersuchung (z. B. Doppler), zusätzlich — GOT-Nr. 651 — Dein Haustierportal",Schwerpunkt außerhalb des Portals
1051,https://deinhaustierportal.de/de-de/tierarztkosten/685-luftsackoperation-pferd/,GOT-Einzelseite,329,noindex,nein,358,Luftsackoperation Pferd — GOT-Nr. 685 — Dein Haustierportal,Schwerpunkt außerhalb des Portals
1052,https://deinhaustierportal.de/de-de/tierarztkosten/851-amputation-schwanz-rind-nur-schwanzspitze/,GOT-Einzelseite,329,noindex,nein,401,"Amputation Schwanz, Rind, nur Schwanzspitze — GOT-Nr. 851 — Dein Haustierportal",Schwerpunkt außerhalb des Portals
1053,https://deinhaustierportal.de/de-de/tierarztkosten/852-amputation-schwanz-rind/,GOT-Einzelseite,329,noindex,nein,399,"Amputation Schwanz, Rind — GOT-Nr. 852 — Dein Haustierportal",Schwerpunkt außerhalb des Portals
1054,https://deinhaustierportal.de/de-de/tierarztkosten/86-bestandsgebuehr-rasse-und-ziertiere-die-nicht-der-erwerbstae/,GOT-Einzelseite,329,noindex,nein,441,"Bestandsgebühr, Rasse- und Ziertiere, die nicht der Erwerbstätigkeit ihrer Halter dienen — GOT-Nr. 86 — Dein Haustierportal",Schwerpunkt außerhalb des Portals
1055,https://deinhaustierportal.de/de-de/tierarztkosten/887-sesambeinresektion-rind/,GOT-Einzelseite,329,noindex,nein,384,"Sesambeinresektion, Rind — GOT-Nr. 887 — Dein Haustierportal",Schwerpunkt außerhalb des Portals
1056,https://deinhaustierportal.de/de-de/tierarztkosten/906-lungenspuelprobe-bal-schwein/,GOT-Einzelseite,329,noindex,nein,376,"Lungenspülprobe (BAL), Schwein — GOT-Nr. 906 — Dein Haustierportal",Schwerpunkt außerhalb des Portals
1057,https://deinhaustierportal.de/de-de/tierarztkosten/450-fremdkoerper-entfernung-aus-dem-oesophagus-oral-rind-kompliz/,GOT-Einzelseite,328,noindex,nein,410,"Fremdkörper-Entfernung aus dem Ösophagus, oral, Rind, kompliziert — GOT-Nr. 450 — Dein Haustierportal",Schwerpunkt außerhalb des Portals
1058,https://deinhaustierportal.de/de-de/tierarztkosten/199-euthanasie-durch-injektion-pferd-hausequiden-kameliden/,GOT-Einzelseite,315,noindex,nein,401,"Euthanasie durch Injektion, Pferd, Hausequiden, Kameliden — GOT-Nr. 199 — Dein Haustierportal",nachvollziehbarer Untersuchungs- oder Behandlungstyp; Schwerpunkt außerhalb des Portals
1059,https://deinhaustierportal.de/de-de/tierarztkosten/22-folgeuntersuchung-im-selben-behandlungsfall-mit-beratung-pfe/,GOT-Einzelseite,315,noindex,nein,437,"Folgeuntersuchung im selben Behandlungsfall mit Beratung, Pferd, Hausequiden, Kameliden — GOT-Nr. 22 — Dein Haustierportal",nachvollziehbarer Untersuchungs- oder Behandlungstyp; Schwerpunkt außerhalb des Portals
1060,https://deinhaustierportal.de/de-de/tierarztkosten/306-injektionsnarkose-intramuskulaer-schwein-ausser-ferkel-und-l/,GOT-Einzelseite,315,noindex,nein,401,"Injektionsnarkose intramuskulär, Schwein, außer Ferkel und Läufer — GOT-Nr. 306 — Dein Haustierportal",nachvollziehbarer Untersuchungs- oder Behandlungstyp; Schwerpunkt außerhalb des Portals
1061,https://deinhaustierportal.de/de-de/tierarztkosten/313-injektionsnarkose-intravenoes-pferd-hausequiden-kameliden/,GOT-Einzelseite,315,noindex,nein,397,"Injektionsnarkose intravenös, Pferd, Hausequiden, Kameliden — GOT-Nr. 313 — Dein Haustierportal",nachvollziehbarer Untersuchungs- oder Behandlungstyp; Schwerpunkt außerhalb des Portals
1062,https://deinhaustierportal.de/de-de/tierarztkosten/316-injektionsnarkose-intravenoes-schwein-ausser-ferkel-und-laeu/,GOT-Einzelseite,315,noindex,nein,399,"Injektionsnarkose intravenös, Schwein, außer Ferkel und Läufer — GOT-Nr. 316 — Dein Haustierportal",nachvollziehbarer Untersuchungs- oder Behandlungstyp; Schwerpunkt außerhalb des Portals
1063,https://deinhaustierportal.de/de-de/tierarztkosten/4-allgemeine-untersuchung-mit-beratung-pferd-hausequiden-kamel/,GOT-Einzelseite,315,noindex,nein,432,"Allgemeine Untersuchung mit Beratung, Pferd, Hausequiden, Kameliden — GOT-Nr. 4 — Dein Haustierportal",nachvollziehbarer Untersuchungs- oder Behandlungstyp; Schwerpunkt außerhalb des Portals
1064,https://deinhaustierportal.de/de-de/tierarztkosten/229-injektion-instillation-intraartikulaer-unter-ultraschallkont/,GOT-Einzelseite,314,noindex,nein,422,"Injektion, Instillation, intraartikulär unter Ultraschallkontrolle, einschließlich Ultraschall, Pferd, Hausequiden, Kameliden — GOT-Nr. 229 — Dein Haustierportal",nachvollziehbarer Untersuchungs- oder Behandlungstyp; Schwerpunkt außerhalb des Portals
1065,https://deinhaustierportal.de/de-de/tierarztkosten/212-injektion-subkutan-intrakutan-intramuskulaer-pferd-hausequid/,GOT-Einzelseite,312,noindex,nein,412,"Injektion subkutan, intrakutan, intramuskulär, Pferd, Hausequiden, Kameliden — GOT-Nr. 212 — Dein Haustierportal",nachvollziehbarer Untersuchungs- oder Behandlungstyp; Schwerpunkt außerhalb des Portals
1066,https://deinhaustierportal.de/de-de/tierarztkosten/295-sedation-per-injectionem-pferd-hausequiden-kameliden/,GOT-Einzelseite,312,noindex,nein,405,"Sedation per injectionem, Pferd, Hausequiden, Kameliden — GOT-Nr. 295 — Dein Haustierportal",nachvollziehbarer Untersuchungs- oder Behandlungstyp; Schwerpunkt außerhalb des Portals
1067,https://deinhaustierportal.de/de-de/tierarztkosten/298-sedation-per-injectionem-schwein-ausser-ferkel-und-laeufer/,GOT-Einzelseite,312,noindex,nein,407,"Sedation per injectionem, Schwein, außer Ferkel und Läufer — GOT-Nr. 298 — Dein Haustierportal",nachvollziehbarer Untersuchungs- oder Behandlungstyp; Schwerpunkt außerhalb des Portals
1068,https://deinhaustierportal.de/de-de/tierarztkosten/323-kombinationsnarkose-intravenoes-pferd-hausequiden-kameliden/,GOT-Einzelseite,312,noindex,nein,397,"Kombinationsnarkose intravenös, Pferd, Hausequiden, Kameliden — GOT-Nr. 323 — Dein Haustierportal",nachvollziehbarer Untersuchungs- oder Behandlungstyp; Schwerpunkt außerhalb des Portals
1069,https://deinhaustierportal.de/de-de/tierarztkosten/326-kombinationsnarkose-intravenoes-schwein-ausser-ferkel-und-la/,GOT-Einzelseite,312,noindex,nein,399,"Kombinationsnarkose intravenös, Schwein, außer Ferkel und Läufer — GOT-Nr. 326 — Dein Haustierportal",nachvollziehbarer Untersuchungs- oder Behandlungstyp; Schwerpunkt außerhalb des Portals
1070,https://deinhaustierportal.de/de-de/tierarztkosten/40-hausbesuch-ausser-bei-landwirtschaftlichen-nutztieren/,GOT-Einzelseite,312,noindex,nein,429,"Hausbesuch, außer bei landwirtschaftlichen Nutztieren — GOT-Nr. 40 — Dein Haustierportal",nachvollziehbarer Untersuchungs- oder Behandlungstyp; Schwerpunkt außerhalb des Portals
1071,https://deinhaustierportal.de/de-de/tierarztkosten/426-operation-einer-bauchwunde-perforierend-pferd-hausequiden-ka/,GOT-Einzelseite,312,noindex,nein,387,"Operation einer Bauchwunde, perforierend, Pferd, Hausequiden, Kameliden — GOT-Nr. 426 — Dein Haustierportal",nachvollziehbarer Untersuchungs- oder Behandlungstyp; Schwerpunkt außerhalb des Portals
1072,https://deinhaustierportal.de/de-de/tierarztkosten/443-nasenschlundsonde-schlundrohr-schlundsonde-anwenden-pferd-ha/,GOT-Einzelseite,312,noindex,nein,411,"Nasenschlundsonde, Schlundrohr, Schlundsonde anwenden, Pferd, Hausequiden, Kameliden — GOT-Nr. 443 — Dein Haustierportal",nachvollziehbarer Untersuchungs- oder Behandlungstyp; Schwerpunkt außerhalb des Portals
1073,https://deinhaustierportal.de/de-de/tierarztkosten/517-traechtigkeitsuntersuchung-per-ultraschall-stute-hausequiden/,GOT-Einzelseite,312,noindex,nein,393,"Trächtigkeitsuntersuchung per Ultraschall Stute, Hausequiden, Kameliden — GOT-Nr. 517 — Dein Haustierportal",nachvollziehbarer Untersuchungs- oder Behandlungstyp; Schwerpunkt außerhalb des Portals
1074,https://deinhaustierportal.de/de-de/tierarztkosten/552-reduktion-zwillings-traechtigkeit-stute-hausequiden-kamelide/,GOT-Einzelseite,312,noindex,nein,411,"Reduktion (Zwillings-)trächtigkeit Stute, Hausequiden, Kameliden, transvaginal, ultraschall-geleitet — GOT-Nr. 552 — Dein Haustierportal",nachvollziehbarer Untersuchungs- oder Behandlungstyp; Schwerpunkt außerhalb des Portals
1075,https://deinhaustierportal.de/de-de/tierarztkosten/574-ovarpunktion-und-injektion-transvaginal-oder-transkutan-stut/,GOT-Einzelseite,312,noindex,nein,404,"Ovarpunktion und -injektion, transvaginal oder transkutan, Stute, Hausequiden, Kameliden — GOT-Nr. 574 — Dein Haustierportal",nachvollziehbarer Untersuchungs- oder Behandlungstyp; Schwerpunkt außerhalb des Portals
1076,https://deinhaustierportal.de/de-de/tierarztkosten/576-entfernung-endometriumzysten-endoskopisch-stute-hausequiden/,GOT-Einzelseite,312,noindex,nein,401,"Entfernung Endometriumzysten, endoskopisch, Stute, Hausequiden, Kameliden — GOT-Nr. 576 — Dein Haustierportal",nachvollziehbarer Untersuchungs- oder Behandlungstyp; Schwerpunkt außerhalb des Portals
1077,https://deinhaustierportal.de/de-de/tierarztkosten/634-blutprobenentnahme-bei-unzureichend-fixierten-rindern-oder-s/,GOT-Einzelseite,312,noindex,nein,440,Blutprobenentnahme bei unzureichend fixierten Rindern oder Schweinen — GOT-Nr. 634 — Dein Haustierportal,nachvollziehbarer Untersuchungs- oder Behandlungstyp; Schwerpunkt außerhalb des Portals
1078,https://deinhaustierportal.de/de-de/tierarztkosten/78-stationaere-unterbringung-pro-tag-ohne-behandlung-und-ohne-f/,GOT-Einzelseite,312,noindex,nein,447,"Stationäre Unterbringung pro Tag ohne Behandlung und ohne Futterkosten, Pferd, Hausequiden, Kameliden — GOT-Nr. 78 — Dein Haustierportal",nachvollziehbarer Untersuchungs- oder Behandlungstyp; Schwerpunkt außerhalb des Portals
1079,https://deinhaustierportal.de/de-de/tierarztkosten/905-lungenspuelprobe-bal-zusaetzlich-zur-intubation-endoskopie-p/,GOT-Einzelseite,312,noindex,nein,381,"Lungenspülprobe (BAL), zusätzlich zur Intubation/Endoskopie, Pferd, Hausequiden, Kameliden — GOT-Nr. 905 — Dein Haustierportal",nachvollziehbarer Untersuchungs- oder Behandlungstyp; Schwerpunkt außerhalb des Portals
1080,https://deinhaustierportal.de/de-de/tierarztkosten/952-zahnextraktion-pferd-equiden-kameliden/,GOT-Einzelseite,312,noindex,nein,380,"Zahnextraktion Pferd, Equiden, Kameliden — GOT-Nr. 952 — Dein Haustierportal",nachvollziehbarer Untersuchungs- oder Behandlungstyp; Schwerpunkt außerhalb des Portals
1081,https://deinhaustierportal.de/de-de/tierarztkosten/956-zahnextraktion-kompliziert-pferd-equiden-kameliden/,GOT-Einzelseite,311,noindex,nein,381,"Zahnextraktion kompliziert, Pferd, Equiden, Kameliden — GOT-Nr. 956 — Dein Haustierportal",nachvollziehbarer Untersuchungs- oder Behandlungstyp; Schwerpunkt außerhalb des Portals
1082,https://deinhaustierportal.de/de-de/tierarztkosten/629-blutprobenentnahme-venoes-pferd-hausequiden-kameliden-rind-s/,GOT-Einzelseite,310,noindex,nein,455,"Blutprobenentnahme, venös, Pferd, Hausequiden, Kameliden, Rind, Schwein, nicht domestizierte Tiere, ab dem fünften Tier, je Tier — GOT-Nr. 629 — Dein Haustierportal",nachvollziehbarer Untersuchungs- oder Behandlungstyp; Schwerpunkt außerhalb des Portals
1083,https://deinhaustierportal.de/de-de/tierarztkosten/106-zerlegung-pferd-hausequiden-kameliden/,GOT-Einzelseite,308,noindex,nein,385,"Zerlegung Pferd, Hausequiden, Kameliden — GOT-Nr. 106 — Dein Haustierportal",Schwerpunkt außerhalb des Portals
1084,https://deinhaustierportal.de/de-de/tierarztkosten/117-sektion-mit-pathologisch-anatomischer-diagnose-einschliessli/,GOT-Einzelseite,308,noindex,nein,398,"Sektion mit pathologisch-anatomischer Diagnose einschließlich Bericht, Pferd, Hausequiden, Kameliden — GOT-Nr. 117 — Dein Haustierportal",Schwerpunkt außerhalb des Portals
1085,https://deinhaustierportal.de/de-de/tierarztkosten/129-sektion-mit-pathologisch-anatomischen-und-histologischen-dia/,GOT-Einzelseite,308,noindex,nein,402,"Sektion mit pathologisch-anatomischen und histologischen Diagnosen einschließlich Bericht, Pferd, Hausequiden, Kameliden — GOT-Nr. 129 — Dein Haustierportal",Schwerpunkt außerhalb des Portals
1086,https://deinhaustierportal.de/de-de/tierarztkosten/232-instillation-intrauterin-intraabdominal-pferd-hausequiden-ka/,GOT-Einzelseite,308,noindex,nein,410,"Instillation intrauterin, intraabdominal, Pferd, Hausequiden, Kameliden — GOT-Nr. 232 — Dein Haustierportal",Schwerpunkt außerhalb des Portals
1087,https://deinhaustierportal.de/de-de/tierarztkosten/247-niederlegen-eines-grosstieres-einschliesslich-fesselung-pfer/,GOT-Einzelseite,308,noindex,nein,370,"Niederlegen eines Großtieres (einschließlich Fesselung), Pferd, Hausequiden, Kameliden — GOT-Nr. 247 — Dein Haustierportal",Schwerpunkt außerhalb des Portals
1088,https://deinhaustierportal.de/de-de/tierarztkosten/289-epidurale-anaesthesie-rind-kleine-hauswiederkaeuer/,GOT-Einzelseite,308,noindex,nein,387,"Epidurale Anästhesie, Rind, kleine Hauswiederkäuer — GOT-Nr. 289 — Dein Haustierportal",Schwerpunkt außerhalb des Portals
1089,https://deinhaustierportal.de/de-de/tierarztkosten/356-eingehende-untersuchung-des-aeusseren-genitale-pferd-hausequ/,GOT-Einzelseite,308,noindex,nein,400,"Eingehende Untersuchung des äußeren Genitale, Pferd, Hausequiden, Kameliden — GOT-Nr. 356 — Dein Haustierportal",Schwerpunkt außerhalb des Portals
1090,https://deinhaustierportal.de/de-de/tierarztkosten/358-spermaentnahme-pferd-hausequiden-kameliden/,GOT-Einzelseite,308,noindex,nein,396,"Spermaentnahme Pferd, Hausequiden, Kameliden — GOT-Nr. 358 — Dein Haustierportal",Schwerpunkt außerhalb des Portals
1091,https://deinhaustierportal.de/de-de/tierarztkosten/360-rektale-untersuchung-pferd-hausequiden-kameliden/,GOT-Einzelseite,308,noindex,nein,397,"Rektale Untersuchung, Pferd, Hausequiden, Kameliden — GOT-Nr. 360 — Dein Haustierportal",Schwerpunkt außerhalb des Portals
1092,https://deinhaustierportal.de/de-de/tierarztkosten/380-operation-eines-inguinalen-kryptorchismus-hengst-hausequiden/,GOT-Einzelseite,308,noindex,nein,407,"Operation eines inguinalen Kryptorchismus Hengst, Hausequiden, Kameliden — GOT-Nr. 380 — Dein Haustierportal",Schwerpunkt außerhalb des Portals
1093,https://deinhaustierportal.de/de-de/tierarztkosten/384-operation-eines-abdominalen-kryptorchismus-hengst-hausequide/,GOT-Einzelseite,308,noindex,nein,407,"Operation eines abdominalen Kryptorchismus Hengst, Hausequiden, Kameliden — GOT-Nr. 384 — Dein Haustierportal",Schwerpunkt außerhalb des Portals
1094,https://deinhaustierportal.de/de-de/tierarztkosten/42-bestandsuntersuchung-pferd-hausequiden-kameliden-bis-zu-20-t/,GOT-Einzelseite,308,noindex,nein,435,"Bestandsuntersuchung Pferd, Hausequiden, Kameliden, bis zu 20 Tieren — GOT-Nr. 42 — Dein Haustierportal",Schwerpunkt außerhalb des Portals
1095,https://deinhaustierportal.de/de-de/tierarztkosten/43-bestandsuntersuchung-pferd-hausequiden-kameliden-ab-dem-21-t/,GOT-Einzelseite,308,noindex,nein,439,"Bestandsuntersuchung Pferd, Hausequiden, Kameliden, ab dem 21. Tier, je Tier — GOT-Nr. 43 — Dein Haustierportal",Schwerpunkt außerhalb des Portals
1096,https://deinhaustierportal.de/de-de/tierarztkosten/431-enthornung-rind-kleine-hauswiederkaeuer/,GOT-Einzelseite,308,noindex,nein,384,"Enthornung Rind, kleine Hauswiederkäuer — GOT-Nr. 431 — Dein Haustierportal",Schwerpunkt außerhalb des Portals
1097,https://deinhaustierportal.de/de-de/tierarztkosten/435-kotproben-entnehmen-rektal-pferd-hausequiden-kameliden/,GOT-Einzelseite,308,noindex,nein,402,"Kotproben entnehmen, rektal, Pferd, Hausequiden, Kameliden — GOT-Nr. 435 — Dein Haustierportal",Schwerpunkt außerhalb des Portals
1098,https://deinhaustierportal.de/de-de/tierarztkosten/436-kotproben-entnehmen-rektal-rind-und-kleine-hauswiederkaeuer/,GOT-Einzelseite,308,noindex,nein,403,"Kotproben entnehmen, rektal, Rind und kleine Hauswiederkäuer — GOT-Nr. 436 — Dein Haustierportal",Schwerpunkt außerhalb des Portals
1099,https://deinhaustierportal.de/de-de/tierarztkosten/439-rektale-untersuchung-pferd-hausequiden-kameliden/,GOT-Einzelseite,308,noindex,nein,401,"Rektale Untersuchung, Pferd, Hausequiden, Kameliden — GOT-Nr. 439 — Dein Haustierportal",Schwerpunkt außerhalb des Portals
1100,https://deinhaustierportal.de/de-de/tierarztkosten/44-bestandsuntersuchung-rind/,GOT-Einzelseite,308,noindex,nein,423,Bestandsuntersuchung Rind — GOT-Nr. 44 — Dein Haustierportal,Schwerpunkt außerhalb des Portals
1101,https://deinhaustierportal.de/de-de/tierarztkosten/448-fremdkoerper-entfernung-aus-dem-oesophagus-oral-pferd-hauseq/,GOT-Einzelseite,308,noindex,nein,412,"Fremdkörper-Entfernung aus dem Ösophagus, oral, Pferd, Hausequiden, Kameliden — GOT-Nr. 448 — Dein Haustierportal",Schwerpunkt außerhalb des Portals
1102,https://deinhaustierportal.de/de-de/tierarztkosten/45-bestandsuntersuchung-kalb-bis-zu-100-tieren/,GOT-Einzelseite,308,noindex,nein,431,"Bestandsuntersuchung Kalb, bis zu 100 Tieren — GOT-Nr. 45 — Dein Haustierportal",Schwerpunkt außerhalb des Portals
1103,https://deinhaustierportal.de/de-de/tierarztkosten/459-laparotomie-diagnostisch-pferd-hausequiden-kameliden/,GOT-Einzelseite,308,noindex,nein,407,"Laparotomie, diagnostisch, Pferd, Hausequiden, Kameliden — GOT-Nr. 459 — Dein Haustierportal",Schwerpunkt außerhalb des Portals
1104,https://deinhaustierportal.de/de-de/tierarztkosten/46-bestandsuntersuchung-kalb-101-bis-zu-150-tieren/,GOT-Einzelseite,308,noindex,nein,433,"Bestandsuntersuchung Kalb, 101 bis zu 150 Tieren — GOT-Nr. 46 — Dein Haustierportal",Schwerpunkt außerhalb des Portals
1105,https://deinhaustierportal.de/de-de/tierarztkosten/47-bestandsuntersuchung-kalb-151-bis-zu-200-tieren/,GOT-Einzelseite,308,noindex,nein,433,"Bestandsuntersuchung Kalb, 151 bis zu 200 Tieren — GOT-Nr. 47 — Dein Haustierportal",Schwerpunkt außerhalb des Portals
1106,https://deinhaustierportal.de/de-de/tierarztkosten/477-trokarieren-pferd-hausequiden-kameliden/,GOT-Einzelseite,308,noindex,nein,392,"Trokarieren Pferd, Hausequiden, Kameliden — GOT-Nr. 477 — Dein Haustierportal",Schwerpunkt außerhalb des Portals
1107,https://deinhaustierportal.de/de-de/tierarztkosten/479-enterotomie-pferd-hausequiden-kameliden/,GOT-Einzelseite,308,noindex,nein,392,"Enterotomie Pferd, Hausequiden, Kameliden — GOT-Nr. 479 — Dein Haustierportal",Schwerpunkt außerhalb des Portals
1108,https://deinhaustierportal.de/de-de/tierarztkosten/48-bestandsuntersuchung-kalb-ueber-200-tiere/,GOT-Einzelseite,308,noindex,nein,429,Bestandsuntersuchung Kalb über 200 Tiere — GOT-Nr. 48 — Dein Haustierportal,Schwerpunkt außerhalb des Portals
1109,https://deinhaustierportal.de/de-de/tierarztkosten/481-darmresektion-einschliesslich-laparotomie-pferd-hausequiden/,GOT-Einzelseite,308,noindex,nein,396,"Darmresektion einschließlich Laparotomie, Pferd, Hausequiden, Kameliden (auch Kolik) — GOT-Nr. 481 — Dein Haustierportal",Schwerpunkt außerhalb des Portals
1110,https://deinhaustierportal.de/de-de/tierarztkosten/483-torsionsoperation-darm-pferd-hausequiden-kameliden/,GOT-Einzelseite,308,noindex,nein,393,"Torsionsoperation Darm, Pferd, Hausequiden, Kameliden — GOT-Nr. 483 — Dein Haustierportal",Schwerpunkt außerhalb des Portals
1111,https://deinhaustierportal.de/de-de/tierarztkosten/485-caecumresektion-pferd-hausequiden-kameliden-auch-kolik/,GOT-Einzelseite,308,noindex,nein,395,"Caecumresektion Pferd, Hausequiden, Kameliden (auch Kolik) — GOT-Nr. 485 — Dein Haustierportal",Schwerpunkt außerhalb des Portals
1112,https://deinhaustierportal.de/de-de/tierarztkosten/49-bestandsuntersuchung-kleine-hauswiederkaeuer-bis-zu-150-tier/,GOT-Einzelseite,308,noindex,nein,433,"Bestandsuntersuchung kleine Hauswiederkäuer, bis zu 150 Tieren — GOT-Nr. 49 — Dein Haustierportal",Schwerpunkt außerhalb des Portals
1113,https://deinhaustierportal.de/de-de/tierarztkosten/495-umbilikalhernie-pferd-hausequiden-kameliden/,GOT-Einzelseite,308,noindex,nein,378,"Umbilikalhernie Pferd, Hausequiden, Kameliden — GOT-Nr. 495 — Dein Haustierportal",Schwerpunkt außerhalb des Portals
1114,https://deinhaustierportal.de/de-de/tierarztkosten/50-bestandsuntersuchung-kleine-hauswiederkaeuer-151-bis-zu-500/,GOT-Einzelseite,308,noindex,nein,435,"Bestandsuntersuchung kleine Hauswiederkäuer, 151 bis zu 500 Tieren — GOT-Nr. 50 — Dein Haustierportal",Schwerpunkt außerhalb des Portals
1115,https://deinhaustierportal.de/de-de/tierarztkosten/500-inguinalhernie-pferd-hausequiden-kameliden/,GOT-Einzelseite,308,noindex,nein,381,"Inguinalhernie Pferd, Hausequiden, Kameliden — GOT-Nr. 500 — Dein Haustierportal",Schwerpunkt außerhalb des Portals
1116,https://deinhaustierportal.de/de-de/tierarztkosten/509-scheidenuntersuchung-manuell-stute-hausequiden-kameliden/,GOT-Einzelseite,308,noindex,nein,391,"Scheidenuntersuchung, manuell, Stute, Hausequiden, Kameliden — GOT-Nr. 509 — Dein Haustierportal",Schwerpunkt außerhalb des Portals
1117,https://deinhaustierportal.de/de-de/tierarztkosten/51-bestandsuntersuchung-kleine-hauswiederkaeuer-ueber-500-tiere/,GOT-Einzelseite,308,noindex,nein,431,"Bestandsuntersuchung kleine Hauswiederkäuer, über 500 Tiere — GOT-Nr. 51 — Dein Haustierportal",Schwerpunkt außerhalb des Portals
1118,https://deinhaustierportal.de/de-de/tierarztkosten/511-scheidenspiegelung-stute-hausequiden-kameliden/,GOT-Einzelseite,308,noindex,nein,390,"Scheidenspiegelung Stute, Hausequiden, Kameliden — GOT-Nr. 511 — Dein Haustierportal",Schwerpunkt außerhalb des Portals
1119,https://deinhaustierportal.de/de-de/tierarztkosten/513-rektale-untersuchung-stute-hausequiden-kameliden/,GOT-Einzelseite,308,noindex,nein,391,"Rektale Untersuchung Stute, Hausequiden, Kameliden — GOT-Nr. 513 — Dein Haustierportal",Schwerpunkt außerhalb des Portals
1120,https://deinhaustierportal.de/de-de/tierarztkosten/52-bestandsuntersuchung-schwein-bis-zu-150-tieren/,GOT-Einzelseite,308,noindex,nein,431,"Bestandsuntersuchung Schwein, bis zu 150 Tieren — GOT-Nr. 52 — Dein Haustierportal",Schwerpunkt außerhalb des Portals
1121,https://deinhaustierportal.de/de-de/tierarztkosten/522-follikelkontrolle-zusaetzlich-stute-hausequiden-kameliden/,GOT-Einzelseite,308,noindex,nein,391,"Follikelkontrolle, zusätzlich, Stute, Hausequiden, Kameliden — GOT-Nr. 522 — Dein Haustierportal",Schwerpunkt außerhalb des Portals
1122,https://deinhaustierportal.de/de-de/tierarztkosten/525-scheiden-gebaermutterspuelung-stute-hausequiden-kameliden/,GOT-Einzelseite,308,noindex,nein,358,"Scheiden-/Gebärmutterspülung Stute, Hausequiden, Kameliden — GOT-Nr. 525 — Dein Haustierportal",Schwerpunkt außerhalb des Portals
1123,https://deinhaustierportal.de/de-de/tierarztkosten/53-bestandsuntersuchung-schwein-151-bis-zu-500-tieren/,GOT-Einzelseite,308,noindex,nein,433,"Bestandsuntersuchung Schwein, 151 bis zu 500 Tieren — GOT-Nr. 53 — Dein Haustierportal",Schwerpunkt außerhalb des Portals
1124,https://deinhaustierportal.de/de-de/tierarztkosten/54-bestandsuntersuchung-schwein-ueber-500-tiere/,GOT-Einzelseite,308,noindex,nein,429,"Bestandsuntersuchung Schwein, über 500 Tiere — GOT-Nr. 54 — Dein Haustierportal",Schwerpunkt außerhalb des Portals
1125,https://deinhaustierportal.de/de-de/tierarztkosten/551-reduktion-zwillings-traechtigkeit-stute-hausequiden-kamelide/,GOT-Einzelseite,308,noindex,nein,407,"Reduktion (Zwillings-)trächtigkeit Stute, Hausequiden, Kameliden, manuell rektal — GOT-Nr. 551 — Dein Haustierportal",Schwerpunkt außerhalb des Portals
1126,https://deinhaustierportal.de/de-de/tierarztkosten/555-geburtshilfe-stute-hausequiden-kameliden/,GOT-Einzelseite,308,noindex,nein,404,"Geburtshilfe, Stute, Hausequiden, Kameliden — GOT-Nr. 555 — Dein Haustierportal",Schwerpunkt außerhalb des Portals
1127,https://deinhaustierportal.de/de-de/tierarztkosten/566-gebaermuttervorfall-reposition-pferd-hausequiden-kameliden/,GOT-Einzelseite,308,noindex,nein,408,"Gebärmuttervorfall, Reposition, Pferd, Hausequiden, Kameliden — GOT-Nr. 566 — Dein Haustierportal",Schwerpunkt außerhalb des Portals
1128,https://deinhaustierportal.de/de-de/tierarztkosten/580-scheidenplastik-stute-hausequiden-kameliden/,GOT-Einzelseite,308,noindex,nein,399,"Scheidenplastik Stute, Hausequiden, Kameliden — GOT-Nr. 580 — Dein Haustierportal",Schwerpunkt außerhalb des Portals
1129,https://deinhaustierportal.de/de-de/tierarztkosten/59-bestandsuntersuchung-nutzgefluegel-11-bis-zu-100-tieren/,GOT-Einzelseite,308,noindex,nein,433,"Bestandsuntersuchung Nutzgeflügel, 11 bis zu 100 Tieren — GOT-Nr. 59 — Dein Haustierportal",Schwerpunkt außerhalb des Portals
1130,https://deinhaustierportal.de/de-de/tierarztkosten/60-bestandsuntersuchung-nutzgefluegel-101-bis-zu-500-tieren/,GOT-Einzelseite,308,noindex,nein,433,"Bestandsuntersuchung Nutzgeflügel, 101 bis zu 500 Tieren — GOT-Nr. 60 — Dein Haustierportal",Schwerpunkt außerhalb des Portals
1131,https://deinhaustierportal.de/de-de/tierarztkosten/61-bestandsuntersuchung-nutzgefluegel-501-bis-zu-1-000-tieren/,GOT-Einzelseite,308,noindex,nein,435,"Bestandsuntersuchung Nutzgeflügel, 501 bis zu 1 000 Tieren — GOT-Nr. 61 — Dein Haustierportal",Schwerpunkt außerhalb des Portals
1132,https://deinhaustierportal.de/de-de/tierarztkosten/62-bestandsuntersuchung-nutzgefluegel-1-001-bis-zu-2-000-tieren/,GOT-Einzelseite,308,noindex,nein,437,"Bestandsuntersuchung Nutzgeflügel, 1 001 bis zu 2 000 Tieren — GOT-Nr. 62 — Dein Haustierportal",Schwerpunkt außerhalb des Portals
1133,https://deinhaustierportal.de/de-de/tierarztkosten/63-bestandsuntersuchung-nutzgefluegel-2001-bis-zu-3-000-tieren/,GOT-Einzelseite,308,noindex,nein,435,"Bestandsuntersuchung Nutzgeflügel, 2001 bis zu 3 000 Tieren — GOT-Nr. 63 — Dein Haustierportal",Schwerpunkt außerhalb des Portals
1134,https://deinhaustierportal.de/de-de/tierarztkosten/64-bestandsuntersuchung-nutzgefluegel-3-001-bis-zu-4-000-tieren/,GOT-Einzelseite,308,noindex,nein,437,"Bestandsuntersuchung Nutzgeflügel, 3 001 bis zu 4 000 Tieren — GOT-Nr. 64 — Dein Haustierportal",Schwerpunkt außerhalb des Portals
1135,https://deinhaustierportal.de/de-de/tierarztkosten/65-bestandsuntersuchung-nutzgefluegel-4-001-bis-zu-5-000-tieren/,GOT-Einzelseite,308,noindex,nein,437,"Bestandsuntersuchung Nutzgeflügel, 4 001 bis zu 5 000 Tieren — GOT-Nr. 65 — Dein Haustierportal",Schwerpunkt außerhalb des Portals
1136,https://deinhaustierportal.de/de-de/tierarztkosten/66-bestandsuntersuchung-nutzgefluegel-lege-und-zuchttiere-101-b/,GOT-Einzelseite,308,noindex,nein,441,"Bestandsuntersuchung Nutzgeflügel, Lege- und Zuchttiere, 101 bis zu 10 000 Tieren — GOT-Nr. 66 — Dein Haustierportal",Schwerpunkt außerhalb des Portals
1137,https://deinhaustierportal.de/de-de/tierarztkosten/67-bestandsuntersuchung-nutzgefluegel-lege-und-zuchttiere-10-00/,GOT-Einzelseite,308,noindex,nein,443,"Bestandsuntersuchung Nutzgeflügel, Lege- und Zuchttiere, 10 001 bis zu 15 000 Tieren — GOT-Nr. 67 — Dein Haustierportal",Schwerpunkt außerhalb des Portals
1138,https://deinhaustierportal.de/de-de/tierarztkosten/68-bestandsuntersuchung-nutzgefluegel-lege-und-zuchttiere-15-00/,GOT-Einzelseite,308,noindex,nein,443,"Bestandsuntersuchung Nutzgeflügel, Lege- und Zuchttiere, 15 001 bis zu 20 000 Tieren — GOT-Nr. 68 — Dein Haustierportal",Schwerpunkt außerhalb des Portals
1139,https://deinhaustierportal.de/de-de/tierarztkosten/69-bestandsuntersuchung-nutzgefluegel-lege-und-zuchttiere-20-00/,GOT-Einzelseite,308,noindex,nein,443,"Bestandsuntersuchung Nutzgeflügel, Lege- und Zuchttiere, 20 001 bis zu 50 000 Tieren — GOT-Nr. 69 — Dein Haustierportal",Schwerpunkt außerhalb des Portals
1140,https://deinhaustierportal.de/de-de/tierarztkosten/693-kuerzen-des-weichen-gaumens-pferd-hausequiden-kameliden/,GOT-Einzelseite,308,noindex,nein,396,"Kürzen des weichen Gaumens, Pferd, Hausequiden, Kameliden — GOT-Nr. 693 — Dein Haustierportal",Schwerpunkt außerhalb des Portals
1141,https://deinhaustierportal.de/de-de/tierarztkosten/70-bestandsuntersuchung-nutzgefluegel-lege-und-zuchttiere-ueber/,GOT-Einzelseite,308,noindex,nein,437,"Bestandsuntersuchung Nutzgeflügel, Lege- und Zuchttiere, über 50 000 Tieren — GOT-Nr. 70 — Dein Haustierportal",Schwerpunkt außerhalb des Portals
1142,https://deinhaustierportal.de/de-de/tierarztkosten/71-bestandsuntersuchung-nutzgefluegel-masttiere-101-bis-zu-20-0/,GOT-Einzelseite,308,noindex,nein,437,"Bestandsuntersuchung Nutzgeflügel, Masttiere, 101 bis zu 20 000 Tieren — GOT-Nr. 71 — Dein Haustierportal",Schwerpunkt außerhalb des Portals
1143,https://deinhaustierportal.de/de-de/tierarztkosten/72-bestandsuntersuchung-nutzgefluegel-masttiere-20-001-bis-zu-5/,GOT-Einzelseite,308,noindex,nein,439,"Bestandsuntersuchung Nutzgeflügel, Masttiere, 20 001 bis zu 50 000 Tieren — GOT-Nr. 72 — Dein Haustierportal",Schwerpunkt außerhalb des Portals
1144,https://deinhaustierportal.de/de-de/tierarztkosten/73-bestandsuntersuchung-nutzgefluegel-masttiere-ueber-50-000-ti/,GOT-Einzelseite,308,noindex,nein,433,"Bestandsuntersuchung Nutzgeflügel, Masttiere, über 50 000 Tieren — GOT-Nr. 73 — Dein Haustierportal",Schwerpunkt außerhalb des Portals
1145,https://deinhaustierportal.de/de-de/tierarztkosten/74-bestandsuntersuchung-fische/,GOT-Einzelseite,308,noindex,nein,423,Bestandsuntersuchung Fische — GOT-Nr. 74 — Dein Haustierportal,Schwerpunkt außerhalb des Portals
1146,https://deinhaustierportal.de/de-de/tierarztkosten/818-augapfelentfernung-pferd-hausequiden-kameliden/,GOT-Einzelseite,308,noindex,nein,393,"Augapfelentfernung, Pferd, Hausequiden, Kameliden — GOT-Nr. 818 — Dein Haustierportal",Schwerpunkt außerhalb des Portals
1147,https://deinhaustierportal.de/de-de/tierarztkosten/835-orthopaedische-untersuchung-eingehend-pferd-hausequiden-kame/,GOT-Einzelseite,308,noindex,nein,386,"Orthopädische Untersuchung, eingehend, Pferd, Hausequiden, Kameliden — GOT-Nr. 835 — Dein Haustierportal",Schwerpunkt außerhalb des Portals
1148,https://deinhaustierportal.de/de-de/tierarztkosten/837-lahmheitsuntersuchung-pferd-hausequiden-kameliden/,GOT-Einzelseite,308,noindex,nein,384,"Lahmheitsuntersuchung Pferd, Hausequiden, Kameliden — GOT-Nr. 837 — Dein Haustierportal",Schwerpunkt außerhalb des Portals
1149,https://deinhaustierportal.de/de-de/tierarztkosten/853-amputation-schweifruebe-pferd-hausequiden-kameliden/,GOT-Einzelseite,308,noindex,nein,403,"Amputation Schweifrübe, Pferd, Hausequiden, Kameliden — GOT-Nr. 853 — Dein Haustierportal",Schwerpunkt außerhalb des Portals
1150,https://deinhaustierportal.de/de-de/tierarztkosten/857-entfernung-des-distalen-fragmentes-beim-griffelbein-pferd-ha/,GOT-Einzelseite,308,noindex,nein,395,"Entfernung des distalen Fragmentes beim Griffelbein, Pferd, Hausequiden, Kameliden — GOT-Nr. 857 — Dein Haustierportal",Schwerpunkt außerhalb des Portals
1151,https://deinhaustierportal.de/de-de/tierarztkosten/929-okklusionskorrektur-entfernung-scharfer-kanten-pferd-hausequ/,GOT-Einzelseite,308,noindex,nein,396,"Okklusionskorrektur, Entfernung scharfer Kanten, Pferd, Hausequiden, Kameliden — GOT-Nr. 929 — Dein Haustierportal",Schwerpunkt außerhalb des Portals
1152,https://deinhaustierportal.de/de-de/tierarztkosten/93-probeentnahmen-in-der-teichwirtschaft/,GOT-Einzelseite,308,noindex,nein,370,Probeentnahmen in der Teichwirtschaft — GOT-Nr. 93 — Dein Haustierportal,Schwerpunkt außerhalb des Portals
1153,https://deinhaustierportal.de/de-de/tierarztkosten/930-okklusionskorrektur-systematische-beseitigung-von-okklusions/,GOT-Einzelseite,308,noindex,nein,402,"Okklusionskorrektur, systematische Beseitigung von Okklusionshindernissen, Einschleifen, Pferd, Hausequiden, Kameliden — GOT-Nr. 930 — Dein Haustierportal",Schwerpunkt außerhalb des Portals
1154,https://deinhaustierportal.de/de-de/tierarztkosten/979-trepanation-der-nasennebenhoehlen-mit-spuelung-pferd-hausequ/,GOT-Einzelseite,308,noindex,nein,385,"Trepanation der Nasennebenhöhlen mit Spülung, Pferd, Hausequiden, Kameliden — GOT-Nr. 979 — Dein Haustierportal",Schwerpunkt außerhalb des Portals
1155,https://deinhaustierportal.de/de-de/tierarztkosten/997-zystotomie-einschliesslich-laparotomie-pferd-hausequiden-kam/,GOT-Einzelseite,308,noindex,nein,387,"Zystotomie einschließlich Laparotomie, Pferd, Hausequiden, Kameliden — GOT-Nr. 997 — Dein Haustierportal",Schwerpunkt außerhalb des Portals
1156,https://deinhaustierportal.de/de-de/tierarztkosten/556-geburtshilfe-kompliziert-stute-hausequiden-kameliden/,GOT-Einzelseite,307,noindex,nein,405,"Geburtshilfe, kompliziert, Stute, Hausequiden, Kameliden — GOT-Nr. 556 — Dein Haustierportal",Schwerpunkt außerhalb des Portals
1157,https://deinhaustierportal.de/de-de/tierarztkosten/563-nachgeburtsabloesung-kompliziert-pferd-hausequiden-kameliden/,GOT-Einzelseite,307,noindex,nein,408,"Nachgeburtsablösung, kompliziert, Pferd, Hausequiden, Kameliden — GOT-Nr. 563 — Dein Haustierportal",Schwerpunkt außerhalb des Portals
1158,https://deinhaustierportal.de/de-de/tierarztkosten/567-gebaermuttervorfall-reposition-kompliziert-pferd-hausequiden/,GOT-Einzelseite,307,noindex,nein,410,"Gebärmuttervorfall, Reposition, kompliziert, Pferd, Hausequiden, Kameliden — GOT-Nr. 567 — Dein Haustierportal",Schwerpunkt außerhalb des Portals
1159,https://deinhaustierportal.de/de-de/tierarztkosten/gruppe/teil-b-roentgen/,GOT-Gruppe,254,noindex,nein,190,Röntgen — Teil B — Dein Haustierportal,nur 4 Position(en); als Suchergebnis zu dünn
1160,https://deinhaustierportal.de/de-de/tierarztkosten/gruppe/teil-b-verband-anlegen-oder-abnehmen/,GOT-Gruppe,254,noindex,nein,202,Verband anlegen oder abnehmen — Teil B — Dein Haustierportal,nur 4 Position(en); als Suchergebnis zu dünn
1161,https://deinhaustierportal.de/de-de/tierarztkosten/gruppe/teil-c-10b-operation-an-nerven/,GOT-Gruppe,254,noindex,nein,190,10b) Operation an Nerven — Teil C — Dein Haustierportal,nur 4 Position(en); als Suchergebnis zu dünn
1162,https://deinhaustierportal.de/de-de/tierarztkosten/gruppe/teil-c-10f-weitere-untersuchungen-massnahmen/,GOT-Gruppe,254,noindex,nein,185,10f) Weitere Untersuchungen/Maßnahmen — Teil C — Dein Haustierportal,nur 4 Position(en); als Suchergebnis zu dünn
1163,https://deinhaustierportal.de/de-de/tierarztkosten/gruppe/teil-c-13a-untersuchungen/,GOT-Gruppe,254,noindex,nein,194,13a) Untersuchungen — Teil C — Dein Haustierportal,nur 4 Position(en); als Suchergebnis zu dünn
1164,https://deinhaustierportal.de/de-de/tierarztkosten/gruppe/teil-c-3a-laboruntersuchung/,GOT-Gruppe,254,noindex,nein,192,3a) Laboruntersuchung — Teil C — Dein Haustierportal,nur 4 Position(en); als Suchergebnis zu dünn
1165,https://deinhaustierportal.de/de-de/tierarztkosten/gruppe/teil-c-4d-bauchorgane/,GOT-Gruppe,254,noindex,nein,179,4d) Bauchorgane — Teil C — Dein Haustierportal,nur 4 Position(en); als Suchergebnis zu dünn
1166,https://deinhaustierportal.de/de-de/tierarztkosten/gruppe/teil-c-8b-nicht-chirurgische-behandlungen/,GOT-Gruppe,254,noindex,nein,195,8b) Nicht chirurgische Behandlungen — Teil C — Dein Haustierportal,nur 4 Position(en); als Suchergebnis zu dünn
1167,https://deinhaustierportal.de/de-de/tierarztkosten/gruppe/teil-c-brachycephalensyndrom-chirurgische-behandlung/,GOT-Gruppe,254,noindex,nein,190,"Brachycephalensyndrom, chirurgische Behandlung — Teil C — Dein Haustierportal",nur 4 Position(en); als Suchergebnis zu dünn
1168,https://deinhaustierportal.de/de-de/tierarztkosten/gruppe/teil-c-chirurgie-am-magen/,GOT-Gruppe,254,noindex,nein,185,Chirurgie am Magen — Teil C — Dein Haustierportal,nur 4 Position(en); als Suchergebnis zu dünn
1169,https://deinhaustierportal.de/de-de/tierarztkosten/gruppe/teil-c-entfernen-von-kieferteilen/,GOT-Gruppe,254,noindex,nein,200,Entfernen von Kieferteilen — Teil C — Dein Haustierportal,nur 4 Position(en); als Suchergebnis zu dünn
1170,https://deinhaustierportal.de/de-de/tierarztkosten/gruppe/teil-c-frakturversorgung-am-ober-und-unterkiefer/,GOT-Gruppe,254,noindex,nein,195,Frakturversorgung am Ober- und Unterkiefer — Teil C — Dein Haustierportal,nur 4 Position(en); als Suchergebnis zu dünn
1171,https://deinhaustierportal.de/de-de/tierarztkosten/gruppe/teil-c-kehlkopf/,GOT-Gruppe,254,noindex,nein,190,Kehlkopf — Teil C — Dein Haustierportal,nur 4 Position(en); als Suchergebnis zu dünn
1172,https://deinhaustierportal.de/de-de/tierarztkosten/gruppe/teil-c-lippen-kiefer-gaumen-operationen/,GOT-Gruppe,254,noindex,nein,191,"Lippen-, Kiefer-, Gaumen-Operationen — Teil C — Dein Haustierportal",nur 4 Position(en); als Suchergebnis zu dünn
1173,https://deinhaustierportal.de/de-de/tierarztkosten/gruppe/teil-c-nase/,GOT-Gruppe,254,noindex,nein,194,Nase — Teil C — Dein Haustierportal,nur 4 Position(en); als Suchergebnis zu dünn
1174,https://deinhaustierportal.de/de-de/tierarztkosten/gruppe/teil-c-ohr-luftsack-equiden/,GOT-Gruppe,254,noindex,nein,192,"Ohr, Luftsack (Equiden) — Teil C — Dein Haustierportal",nur 4 Position(en); als Suchergebnis zu dünn
1175,https://deinhaustierportal.de/de-de/tierarztkosten/gruppe/teil-c-otitisbehandlung/,GOT-Gruppe,254,noindex,nein,189,Otitisbehandlung — Teil C — Dein Haustierportal,nur 4 Position(en); als Suchergebnis zu dünn
1176,https://deinhaustierportal.de/de-de/tierarztkosten/gruppe/teil-c-otitisoperation/,GOT-Gruppe,254,noindex,nein,198,Otitisoperation — Teil C — Dein Haustierportal,nur 4 Position(en); als Suchergebnis zu dünn
1177,https://deinhaustierportal.de/de-de/tierarztkosten/gruppe/teil-b-4-sonstige-physikalische-diagnostik-und-therapie/,GOT-Gruppe,253,noindex,nein,198,4. Sonstige physikalische Diagnostik und Therapie — Teil B — Dein Haustierportal,nur 3 Position(en); als Suchergebnis zu dünn
1178,https://deinhaustierportal.de/de-de/tierarztkosten/gruppe/teil-b-computertomographie-ct/,GOT-Gruppe,253,noindex,nein,183,Computertomographie (CT) — Teil B — Dein Haustierportal,nur 3 Position(en); als Suchergebnis zu dünn
1179,https://deinhaustierportal.de/de-de/tierarztkosten/gruppe/teil-b-pathohistologie/,GOT-Gruppe,253,noindex,nein,187,Pathohistologie — Teil B — Dein Haustierportal,nur 3 Position(en); als Suchergebnis zu dünn
1180,https://deinhaustierportal.de/de-de/tierarztkosten/gruppe/teil-c-10c-kopf-operationen/,GOT-Gruppe,253,noindex,nein,182,10c) Kopf – Operationen — Teil C — Dein Haustierportal,nur 3 Position(en); als Suchergebnis zu dünn
1181,https://deinhaustierportal.de/de-de/tierarztkosten/gruppe/teil-c-12a-frakturbehandlung-konservativ/,GOT-Gruppe,253,noindex,nein,188,12a) Frakturbehandlung konservativ — Teil C — Dein Haustierportal,nur 3 Position(en); als Suchergebnis zu dünn
1182,https://deinhaustierportal.de/de-de/tierarztkosten/gruppe/teil-c-15b-laboruntersuchung/,GOT-Gruppe,253,noindex,nein,180,15b) Laboruntersuchung — Teil C — Dein Haustierportal,nur 3 Position(en); als Suchergebnis zu dünn
1183,https://deinhaustierportal.de/de-de/tierarztkosten/gruppe/teil-c-3d-nicht-chirurgische-behandlungen/,GOT-Gruppe,253,noindex,nein,188,3d) Nicht chirurgische Behandlungen — Teil C — Dein Haustierportal,nur 3 Position(en); als Suchergebnis zu dünn
1184,https://deinhaustierportal.de/de-de/tierarztkosten/gruppe/teil-c-augenhoehle/,GOT-Gruppe,253,noindex,nein,183,Augenhöhle — Teil C — Dein Haustierportal,nur 3 Position(en); als Suchergebnis zu dünn
1185,https://deinhaustierportal.de/de-de/tierarztkosten/gruppe/teil-c-beatmung/,GOT-Gruppe,253,noindex,nein,191,Beatmung — Teil C — Dein Haustierportal,nur 3 Position(en); als Suchergebnis zu dünn
1186,https://deinhaustierportal.de/de-de/tierarztkosten/gruppe/teil-c-chirurgie-am-oesophagus/,GOT-Gruppe,253,noindex,nein,186,Chirurgie am Ösophagus — Teil C — Dein Haustierportal,nur 3 Position(en); als Suchergebnis zu dünn
1187,https://deinhaustierportal.de/de-de/tierarztkosten/gruppe/teil-c-endodontie-wurzelkanalbehandlung/,GOT-Gruppe,253,noindex,nein,176,Endodontie/Wurzelkanalbehandlung — Teil C — Dein Haustierportal,nur 3 Position(en); als Suchergebnis zu dünn
1188,https://deinhaustierportal.de/de-de/tierarztkosten/gruppe/teil-c-gingivoplastik/,GOT-Gruppe,253,noindex,nein,192,Gingivoplastik — Teil C — Dein Haustierportal,nur 3 Position(en); als Suchergebnis zu dünn
1189,https://deinhaustierportal.de/de-de/tierarztkosten/gruppe/teil-c-glaskoerper/,GOT-Gruppe,253,noindex,nein,173,Glaskörper — Teil C — Dein Haustierportal,nur 3 Position(en); als Suchergebnis zu dünn
1190,https://deinhaustierportal.de/de-de/tierarztkosten/gruppe/teil-c-intubationsnarkose/,GOT-Gruppe,253,noindex,nein,177,Intubationsnarkose — Teil C — Dein Haustierportal,nur 3 Position(en); als Suchergebnis zu dünn
1191,https://deinhaustierportal.de/de-de/tierarztkosten/gruppe/teil-c-kieferorthopaedie-stellungsanomalie-und-korrekturen-entferne/,GOT-Gruppe,253,noindex,nein,210,"Kieferorthopädie, Stellungsanomalie und Korrekturen: Entfernen von kieferorthopädischen Apparaten — Teil C — Dein Haustierportal",nur 3 Position(en); als Suchergebnis zu dünn
1192,https://deinhaustierportal.de/de-de/tierarztkosten/gruppe/teil-c-lidwunden/,GOT-Gruppe,253,noindex,nein,179,Lidwunden — Teil C — Dein Haustierportal,nur 3 Position(en); als Suchergebnis zu dünn
1193,https://deinhaustierportal.de/de-de/tierarztkosten/gruppe/teil-c-linse/,GOT-Gruppe,253,noindex,nein,178,Linse — Teil C — Dein Haustierportal,nur 3 Position(en); als Suchergebnis zu dünn
1194,https://deinhaustierportal.de/de-de/tierarztkosten/gruppe/teil-c-neuraltherapie/,GOT-Gruppe,253,noindex,nein,175,Neuraltherapie — Teil C — Dein Haustierportal,nur 3 Position(en); als Suchergebnis zu dünn
1195,https://deinhaustierportal.de/de-de/tierarztkosten/gruppe/teil-c-reanimation/,GOT-Gruppe,253,noindex,nein,175,Reanimation — Teil C — Dein Haustierportal,nur 3 Position(en); als Suchergebnis zu dünn
1196,https://deinhaustierportal.de/de-de/tierarztkosten/gruppe/teil-c-ueberwachung-narkose-intensivpatienten/,GOT-Gruppe,253,noindex,nein,191,"Überwachung, Narkose/Intensivpatienten — Teil C — Dein Haustierportal",nur 3 Position(en); als Suchergebnis zu dünn
1197,https://deinhaustierportal.de/de-de/tierarztkosten/gruppe/teil-c-zilien-distichiasis/,GOT-Gruppe,253,noindex,nein,182,Zilien/Distichiasis — Teil C — Dein Haustierportal,nur 3 Position(en); als Suchergebnis zu dünn
1198,https://deinhaustierportal.de/de-de/tierarztkosten/gruppe/teil-b-2-sonstige-untersuchungen/,GOT-Gruppe,252,noindex,nein,187,2. Sonstige Untersuchungen — Teil B — Dein Haustierportal,nur 2 Position(en); als Suchergebnis zu dünn
1199,https://deinhaustierportal.de/de-de/tierarztkosten/gruppe/teil-b-5-sonstige-behandlungen-und-verrichtungen/,GOT-Gruppe,252,noindex,nein,181,5. Sonstige Behandlungen und Verrichtungen — Teil B — Dein Haustierportal,nur 2 Position(en); als Suchergebnis zu dünn
1200,https://deinhaustierportal.de/de-de/tierarztkosten/gruppe/teil-b-anwendung-von-zwangsmassnahmen/,GOT-Gruppe,252,noindex,nein,183,Anwendung von Zwangsmaßnahmen — Teil B — Dein Haustierportal,nur 2 Position(en); als Suchergebnis zu dünn
1201,https://deinhaustierportal.de/de-de/tierarztkosten/gruppe/teil-b-szintigraphie/,GOT-Gruppe,252,noindex,nein,167,Szintigraphie — Teil B — Dein Haustierportal,nur 2 Position(en); als Suchergebnis zu dünn
1202,https://deinhaustierportal.de/de-de/tierarztkosten/gruppe/teil-b-tupferprobenentnahme/,GOT-Gruppe,252,noindex,nein,169,Tupferprobenentnahme — Teil B — Dein Haustierportal,nur 2 Position(en); als Suchergebnis zu dünn
1203,https://deinhaustierportal.de/de-de/tierarztkosten/gruppe/teil-b-verabreichung-von-arzneimitteln/,GOT-Gruppe,252,noindex,nein,187,Verabreichung von Arzneimitteln — Teil B — Dein Haustierportal,nur 2 Position(en); als Suchergebnis zu dünn
1204,https://deinhaustierportal.de/de-de/tierarztkosten/gruppe/teil-c-1-anaesthesie-und-intensivmedizin/,GOT-Gruppe,252,noindex,nein,184,1. Anästhesie und Intensivmedizin — Teil C — Dein Haustierportal,nur 2 Position(en); als Suchergebnis zu dünn
1205,https://deinhaustierportal.de/de-de/tierarztkosten/gruppe/teil-c-10-neurologie/,GOT-Gruppe,252,noindex,nein,171,10. Neurologie — Teil C — Dein Haustierportal,nur 2 Position(en); als Suchergebnis zu dünn
1206,https://deinhaustierportal.de/de-de/tierarztkosten/gruppe/teil-c-10e-operation-von-wirbelfrakturen/,GOT-Gruppe,252,noindex,nein,176,10e) Operation von Wirbelfrakturen — Teil C — Dein Haustierportal,nur 2 Position(en); als Suchergebnis zu dünn
1207,https://deinhaustierportal.de/de-de/tierarztkosten/gruppe/teil-c-14a-untersuchungen/,GOT-Gruppe,252,noindex,nein,177,14a) Untersuchungen — Teil C — Dein Haustierportal,nur 2 Position(en); als Suchergebnis zu dünn
1208,https://deinhaustierportal.de/de-de/tierarztkosten/gruppe/teil-c-3-dermatologie/,GOT-Gruppe,252,noindex,nein,173,3. Dermatologie — Teil C — Dein Haustierportal,nur 2 Position(en); als Suchergebnis zu dünn
1209,https://deinhaustierportal.de/de-de/tierarztkosten/gruppe/teil-c-3b-mykologische-untersuchungen/,GOT-Gruppe,252,noindex,nein,178,3b) Mykologische Untersuchungen — Teil C — Dein Haustierportal,nur 2 Position(en); als Suchergebnis zu dünn
1210,https://deinhaustierportal.de/de-de/tierarztkosten/gruppe/teil-c-3c-allergien/,GOT-Gruppe,252,noindex,nein,182,3c) Allergien — Teil C — Dein Haustierportal,nur 2 Position(en); als Suchergebnis zu dünn
1211,https://deinhaustierportal.de/de-de/tierarztkosten/gruppe/teil-c-5b-nicht-chirurgische-behandlungen/,GOT-Gruppe,252,noindex,nein,177,5b) Nicht chirurgische Behandlungen — Teil C — Dein Haustierportal,nur 2 Position(en); als Suchergebnis zu dünn
1212,https://deinhaustierportal.de/de-de/tierarztkosten/gruppe/teil-c-augenlid/,GOT-Gruppe,252,noindex,nein,169,Augenlid — Teil C — Dein Haustierportal,nur 2 Position(en); als Suchergebnis zu dünn
1213,https://deinhaustierportal.de/de-de/tierarztkosten/gruppe/teil-c-behandlung-von-kieferabszessen-heimsaeugetiere/,GOT-Gruppe,252,noindex,nein,183,"Behandlung von Kieferabszessen, Heimsäugetiere — Teil C — Dein Haustierportal",nur 2 Position(en); als Suchergebnis zu dünn
1214,https://deinhaustierportal.de/de-de/tierarztkosten/gruppe/teil-c-distanznarkose/,GOT-Gruppe,252,noindex,nein,173,Distanznarkose — Teil C — Dein Haustierportal,nur 2 Position(en); als Suchergebnis zu dünn
1215,https://deinhaustierportal.de/de-de/tierarztkosten/gruppe/teil-c-entfernen-von-epuliden/,GOT-Gruppe,252,noindex,nein,176,Entfernen von Epuliden — Teil C — Dein Haustierportal,nur 2 Position(en); als Suchergebnis zu dünn
1216,https://deinhaustierportal.de/de-de/tierarztkosten/gruppe/teil-c-freilegung-eines-retinierten-zahnes/,GOT-Gruppe,252,noindex,nein,181,Freilegung eines retinierten Zahnes — Teil C — Dein Haustierportal,nur 2 Position(en); als Suchergebnis zu dünn
1217,https://deinhaustierportal.de/de-de/tierarztkosten/gruppe/teil-c-gingivektomie-parodontalbehandlung/,GOT-Gruppe,252,noindex,nein,166,Gingivektomie/Parodontalbehandlung — Teil C — Dein Haustierportal,nur 2 Position(en); als Suchergebnis zu dünn
1218,https://deinhaustierportal.de/de-de/tierarztkosten/gruppe/teil-c-gruener-star-und-regenbogenhaut/,GOT-Gruppe,252,noindex,nein,178,Grüner Star und Regenbogenhaut — Teil C — Dein Haustierportal,nur 2 Position(en); als Suchergebnis zu dünn
1219,https://deinhaustierportal.de/de-de/tierarztkosten/gruppe/teil-c-luftsack-pferd/,GOT-Gruppe,252,noindex,nein,175,Luftsack (Pferd) — Teil C — Dein Haustierportal,nur 2 Position(en); als Suchergebnis zu dünn
1220,https://deinhaustierportal.de/de-de/tierarztkosten/gruppe/teil-c-polypen-ohr-nasopharynx/,GOT-Gruppe,252,noindex,nein,175,Polypen (Ohr/Nasopharynx) — Teil C — Dein Haustierportal,nur 2 Position(en); als Suchergebnis zu dünn
1221,https://deinhaustierportal.de/de-de/tierarztkosten/gruppe/teil-c-schienung-eines-luxierten-zahnes/,GOT-Gruppe,252,noindex,nein,181,Schienung eines luxierten Zahnes — Teil C — Dein Haustierportal,nur 2 Position(en); als Suchergebnis zu dünn
1222,https://deinhaustierportal.de/de-de/tierarztkosten/gruppe/teil-c-schilddruese/,GOT-Gruppe,252,noindex,nein,176,Schilddrüse — Teil C — Dein Haustierportal,nur 2 Position(en); als Suchergebnis zu dünn
1223,https://deinhaustierportal.de/de-de/tierarztkosten/gruppe/teil-c-total-intravenoese-anaesthesie-tiva/,GOT-Gruppe,252,noindex,nein,177,Total Intravenöse Anästhesie (TIVA) — Teil C — Dein Haustierportal,nur 2 Position(en); als Suchergebnis zu dünn
1224,https://deinhaustierportal.de/de-de/tierarztkosten/gruppe/teil-c-ueberkronung-zahnersatz/,GOT-Gruppe,252,noindex,nein,172,Überkronung/Zahnersatz — Teil C — Dein Haustierportal,nur 2 Position(en); als Suchergebnis zu dünn
1225,https://deinhaustierportal.de/de-de/tierarztkosten/gruppe/teil-c-wurzelresektion/,GOT-Gruppe,252,noindex,nein,169,Wurzelresektion — Teil C — Dein Haustierportal,nur 2 Position(en); als Suchergebnis zu dünn
1226,https://deinhaustierportal.de/de-de/tierarztkosten/gruppe/teil-c-zahn-abdrucknahme/,GOT-Gruppe,252,noindex,nein,170,Zahn-Abdrucknahme — Teil C — Dein Haustierportal,nur 2 Position(en); als Suchergebnis zu dünn
1227,https://deinhaustierportal.de/de-de/tierarztkosten/gruppe/teil-c-zahnfisteloperation-oronasale-fistel/,GOT-Gruppe,252,noindex,nein,172,Zahnfisteloperation (oronasale Fistel) — Teil C — Dein Haustierportal,nur 2 Position(en); als Suchergebnis zu dünn
1228,https://deinhaustierportal.de/de-de/tierarztkosten/gruppe/teil-c-zahnfuellung/,GOT-Gruppe,252,noindex,nein,166,Zahnfüllung — Teil C — Dein Haustierportal,nur 2 Position(en); als Suchergebnis zu dünn
1229,https://deinhaustierportal.de/de-de/tierarztkosten/gruppe/teil-b-bestandsbetreuung-tierheime/,GOT-Gruppe,251,noindex,nein,168,Bestandsbetreuung Tierheime — Teil B — Dein Haustierportal,nur 1 Position(en); als Suchergebnis zu dünn
1230,https://deinhaustierportal.de/de-de/tierarztkosten/gruppe/teil-b-ultraschalldiagnostik/,GOT-Gruppe,251,noindex,nein,165,Ultraschalldiagnostik — Teil B — Dein Haustierportal,nur 1 Position(en); als Suchergebnis zu dünn
1231,https://deinhaustierportal.de/de-de/tierarztkosten/gruppe/teil-c-13b-nicht-chirurgische-behandlungen/,GOT-Gruppe,251,noindex,nein,174,13b) Nicht chirurgische Behandlungen — Teil C — Dein Haustierportal,nur 1 Position(en); als Suchergebnis zu dünn
1232,https://deinhaustierportal.de/de-de/tierarztkosten/gruppe/teil-c-15a-untersuchungen/,GOT-Gruppe,251,noindex,nein,167,15a) Untersuchungen — Teil C — Dein Haustierportal,nur 1 Position(en); als Suchergebnis zu dünn
1233,https://deinhaustierportal.de/de-de/tierarztkosten/gruppe/teil-c-8a-untersuchungen/,GOT-Gruppe,251,noindex,nein,168,8a) Untersuchungen — Teil C — Dein Haustierportal,nur 1 Position(en); als Suchergebnis zu dünn
1234,https://deinhaustierportal.de/de-de/tierarztkosten/gruppe/teil-c-9b-nicht-chirurgische-behandlungen/,GOT-Gruppe,251,noindex,nein,170,9b) Nicht chirurgische Behandlungen — Teil C — Dein Haustierportal,nur 1 Position(en); als Suchergebnis zu dünn
1235,https://deinhaustierportal.de/de-de/tierarztkosten/gruppe/teil-c-augenhintergrund/,GOT-Gruppe,251,noindex,nein,162,Augenhintergrund — Teil C — Dein Haustierportal,nur 1 Position(en); als Suchergebnis zu dünn
1236,https://deinhaustierportal.de/de-de/tierarztkosten/gruppe/teil-c-lidtumoren/,GOT-Gruppe,251,noindex,nein,163,Lidtumoren — Teil C — Dein Haustierportal,nur 1 Position(en); als Suchergebnis zu dünn
1237,https://deinhaustierportal.de/de-de/tierarztkosten/gruppe/teil-c-verschiedenes/,GOT-Gruppe,251,noindex,nein,160,Verschiedenes — Teil C — Dein Haustierportal,nur 1 Position(en); als Suchergebnis zu dünn
1238,https://deinhaustierportal.de/de-de/barrierefreiheit/,Erreichbare Serviceseite,150,noindex,nein,363,Barrierefreiheit — Dein Haustierportal,kein eigenständiges Suchziel
1239,https://deinhaustierportal.de/de-de/datenschutz/,Erreichbare Serviceseite,150,noindex,nein,1427,Datenschutz — Dein Haustierportal,kein eigenständiges Suchziel
1240,https://deinhaustierportal.de/de-de/datenstand/,Erreichbare Serviceseite,150,noindex,nein,566,Datenstand — Dein Haustierportal,kein eigenständiges Suchziel
1241,https://deinhaustierportal.de/de-de/impressum/,Erreichbare Serviceseite,150,noindex,nein,213,Impressum — Dein Haustierportal,kein eigenständiges Suchziel
1242,https://deinhaustierportal.de/de-de/mein-tier/,Erreichbare Serviceseite,150,noindex,nein,487,Mein Tier — Dein Haustierportal,kein eigenständiges Suchziel
1243,https://deinhaustierportal.de/de-de/merkliste/,Erreichbare Serviceseite,150,noindex,nein,222,Merkliste — Dein Haustierportal,kein eigenständiges Suchziel
1244,https://deinhaustierportal.de/de-de/nahrungsergaenzung/,Erreichbare Serviceseite,150,noindex,nein,8,Redirecting to: /de-de/ergaenzungsfuttermittel/,kein eigenständiges Suchziel
1245,https://deinhaustierportal.de/de-de/ratgeber/hundeorte-finden/,Erreichbare Serviceseite,150,noindex,nein,278,Gute Hunde-Orte in deiner Nähe finden — Dein Haustierportal,kein eigenständiges Suchziel
1246,https://deinhaustierportal.de/de-de/ratgeber/reise-vorbereiten/,Erreichbare Serviceseite,150,noindex,nein,278,Mit Hund oder Katze verreisen: die Vorbereitung — Dein Haustierportal,kein eigenständiges Suchziel
1247,https://deinhaustierportal.de/de-de/ratgeber/tierarztrechnung-verstehen/,Erreichbare Serviceseite,150,noindex,nein,268,Deine Tierarztrechnung verstehen — Dein Haustierportal,kein eigenständiges Suchziel
1248,https://deinhaustierportal.de/,Technisch,0,noindex,nein,8,Redirecting to: /de-de/,Weiterleitung oder Fehlerseite
1249,https://deinhaustierportal.de/404.html,Technisch,0,noindex,nein,131,Seite nicht gefunden — Dein Haustierportal,Weiterleitung oder Fehlerseite
1250,https://deinhaustierportal.de/entwicklung/angebotsprobe/,Technische Probe,0,noindex,nein,129,Seite nicht gefunden — Dein Haustierportal,nicht für Nutzer oder Suchmaschinen
1251,https://deinhaustierportal.de/entwicklung/designprobe/,Technische Probe,0,noindex,nein,129,Seite nicht gefunden — Dein Haustierportal,nicht für Nutzer oder Suchmaschinen
1252,https://deinhaustierportal.de/entwicklung/formularprobe/,Technische Probe,0,noindex,nein,129,Seite nicht gefunden — Dein Haustierportal,nicht für Nutzer oder Suchmaschinen
1253,https://deinhaustierportal.de/entwicklung/versicherungsprobe/,Technische Probe,0,noindex,nein,129,Seite nicht gefunden — Dein Haustierportal,nicht für Nutzer oder Suchmaschinen
